# Blender 5.2.0 LTS
# www.blender.org
mtllib eyething bc body.mtl
o RenderMesh_125980134342906.001
v -1.189444 0.216101 -0.085293 0.0000 0.0000 0.0000
v -1.185940 0.072745 -0.085293 0.0000 0.0000 0.0000
v -1.189444 0.216101 0.084672 0.0000 0.0000 0.0000
v -1.185940 0.072745 0.084672 0.0000 0.0000 0.0000
v 0.918661 0.204986 -0.125050 0.0000 0.0000 0.0000
v 0.931087 -0.303406 0.125050 0.0000 0.0000 0.0000
v 0.931087 -0.303406 -0.125050 0.0000 0.0000 0.0000
v 0.918661 0.204987 0.125050 0.0000 0.0000 0.0000
v 0.858421 -0.305182 0.125050 0.0000 0.0000 0.0000
v 0.750922 0.200887 -0.125050 0.0000 0.0000 0.0000
v 0.858421 -0.305182 -0.125050 0.0000 0.0000 0.0000
v 0.750922 0.200887 0.125050 0.0000 0.0000 0.0000
v 0.780083 -0.248340 -0.125050 0.0000 0.0000 0.0000
v 0.701960 0.180372 0.125050 0.0000 0.0000 0.0000
v 0.780083 -0.248340 0.125050 0.0000 0.0000 0.0000
v 0.701960 0.180372 -0.125050 0.0000 0.0000 0.0000
v 0.758191 -0.190117 -0.125050 0.0000 0.0000 0.0000
v 0.683563 0.116335 -0.125050 0.0000 0.0000 0.0000
v 0.758191 -0.190117 0.125050 0.0000 0.0000 0.0000
v 0.683563 0.116335 0.125050 0.0000 0.0000 0.0000
v 0.705026 -0.132661 -0.125050 0.0000 0.0000 0.0000
v 0.646858 0.051850 -0.125050 0.0000 0.0000 0.0000
v 0.705026 -0.132661 0.125050 0.0000 0.0000 0.0000
v 0.646858 0.051850 0.125050 0.0000 0.0000 0.0000
v 0.657963 -0.075054 -0.125050 0.0000 0.0000 0.0000
v 0.669193 -0.011192 -0.125050 0.0000 0.0000 0.0000
v 0.657963 -0.075054 0.125050 0.0000 0.0000 0.0000
v 0.669193 -0.011192 0.125050 0.0000 0.0000 0.0000
v 0.079550 -0.509220 -0.097010 0.0000 0.0000 0.0000
v 0.295827 -0.450535 -0.097010 0.0000 0.0000 0.0000
v 0.079550 -0.509220 0.097010 0.0000 0.0000 0.0000
v 0.295827 -0.450535 0.097010 0.0000 0.0000 0.0000
v 0.632359 0.182502 -0.111138 0.0000 0.0000 0.0000
v 0.614519 0.090148 0.111138 0.0000 0.0000 0.0000
v 0.614519 0.090148 -0.111138 0.0000 0.0000 0.0000
v 0.632359 0.182502 0.111138 0.0000 0.0000 0.0000
v 0.591913 0.192896 0.111138 0.0000 0.0000 0.0000
v 0.591913 0.192896 -0.111138 0.0000 0.0000 0.0000
v 0.550796 0.230749 0.111138 0.0000 0.0000 0.0000
v 0.550796 0.230749 -0.111138 0.0000 0.0000 0.0000
v 0.465295 0.248757 -0.111138 0.0000 0.0000 0.0000
v 0.465295 0.248757 0.111138 0.0000 0.0000 0.0000
v 0.368584 0.246393 -0.111138 0.0000 0.0000 0.0000
v 0.368584 0.246393 0.111138 0.0000 0.0000 0.0000
v 0.287756 0.264513 0.111138 0.0000 0.0000 0.0000
v 0.287756 0.264513 -0.111138 0.0000 0.0000 0.0000
v -0.549844 0.040820 0.105817 0.0000 0.0000 0.0000
v -0.549844 0.040820 -0.105817 0.0000 0.0000 0.0000
v -0.547567 -0.052327 -0.105817 0.0000 0.0000 0.0000
v -0.547567 -0.052327 0.105817 0.0000 0.0000 0.0000
v -0.504007 -0.190156 -0.105817 0.0000 0.0000 0.0000
v -0.504007 -0.190156 0.105817 0.0000 0.0000 0.0000
v -0.521811 -0.136215 -0.105817 0.0000 0.0000 0.0000
v -0.521811 -0.136215 0.105817 0.0000 0.0000 0.0000
v -0.513528 -0.081638 -0.105817 0.0000 0.0000 0.0000
v -0.513528 -0.081638 0.105817 0.0000 0.0000 0.0000
v -1.227139 -0.012424 -0.115609 0.0000 0.0000 0.0000
v -1.076137 -0.010932 -0.115609 0.0000 0.0000 0.0000
v -1.076137 -0.010932 0.114988 0.0000 0.0000 0.0000
v -0.961971 -0.025289 0.114988 0.0000 0.0000 0.0000
v -1.227139 -0.012424 0.114988 0.0000 0.0000 0.0000
v -0.961971 -0.025289 -0.115609 0.0000 0.0000 0.0000
v -1.228382 0.038430 0.114988 0.0000 0.0000 0.0000
v -0.848643 -0.005372 0.114988 0.0000 0.0000 0.0000
v -1.228382 0.038430 -0.115609 0.0000 0.0000 0.0000
v -0.848643 -0.005372 -0.115609 0.0000 0.0000 0.0000
v -1.230717 0.133955 0.114988 0.0000 0.0000 0.0000
v -0.734251 -0.028956 0.114988 0.0000 0.0000 0.0000
v -1.230717 0.133955 -0.115609 0.0000 0.0000 0.0000
v -0.734251 -0.028956 -0.115609 0.0000 0.0000 0.0000
v -0.624779 0.148763 0.114988 0.0000 0.0000 0.0000
v -0.621148 0.000188 0.114988 0.0000 0.0000 0.0000
v -0.580032 0.149857 0.114988 0.0000 0.0000 0.0000
v 0.278268 0.170833 -0.115609 0.0000 0.0000 0.0000
v 0.278268 0.170833 0.114988 0.0000 0.0000 0.0000
v -0.621148 0.000188 -0.115609 0.0000 0.0000 0.0000
v -0.577138 0.031407 0.114988 0.0000 0.0000 0.0000
v -0.577138 0.031407 -0.115609 0.0000 0.0000 0.0000
v 0.281163 0.052383 -0.115609 0.0000 0.0000 0.0000
v 0.281163 0.052383 0.114988 0.0000 0.0000 0.0000
v 0.584884 0.069328 0.104157 0.0000 0.0000 0.0000
v 0.584884 0.069328 -0.104157 0.0000 0.0000 0.0000
v 0.571416 0.003687 -0.104157 0.0000 0.0000 0.0000
v 0.571416 0.003687 0.104157 0.0000 0.0000 0.0000
v 0.537864 -0.062445 -0.104157 0.0000 0.0000 0.0000
v 0.537864 -0.062445 0.104157 0.0000 0.0000 0.0000
v 0.462580 -0.051309 0.104157 0.0000 0.0000 0.0000
v 0.462580 -0.051309 -0.104157 0.0000 0.0000 0.0000
v 0.419591 -0.066541 0.104157 0.0000 0.0000 0.0000
v 0.419591 -0.066541 -0.104157 0.0000 0.0000 0.0000
v 0.363395 -0.080997 0.104157 0.0000 0.0000 0.0000
v 0.363395 -0.080997 -0.104157 0.0000 0.0000 0.0000
v 0.295892 -0.068359 -0.104157 0.0000 0.0000 0.0000
v 0.295892 -0.068358 0.104157 0.0000 0.0000 0.0000
v 0.229895 -0.063470 -0.105817 0.0000 0.0000 0.0000
v 0.229895 -0.063470 0.105817 0.0000 0.0000 0.0000
v 0.204932 -0.113788 -0.105817 0.0000 0.0000 0.0000
v 0.204932 -0.113788 0.105817 0.0000 0.0000 0.0000
v 0.283378 -0.042067 0.105817 0.0000 0.0000 0.0000
v 0.283378 -0.042067 -0.105817 0.0000 0.0000 0.0000
v 0.186929 -0.035698 -0.097010 0.0000 0.0000 0.0000
v 0.204981 -0.104464 0.097010 0.0000 0.0000 0.0000
v 0.204981 -0.104464 -0.097010 0.0000 0.0000 0.0000
v 0.186929 -0.035698 0.097010 0.0000 0.0000 0.0000
v 0.207472 -0.173614 0.097010 0.0000 0.0000 0.0000
v 0.207472 -0.173614 -0.097010 0.0000 0.0000 0.0000
v 0.263311 -0.241458 0.097010 0.0000 0.0000 0.0000
v 0.263311 -0.241458 -0.097010 0.0000 0.0000 0.0000
v 0.282938 -0.310187 0.097010 0.0000 0.0000 0.0000
v 0.282938 -0.310187 -0.097010 0.0000 0.0000 0.0000
v 0.270870 -0.345801 0.097010 0.0000 0.0000 0.0000
v 0.270870 -0.345801 -0.097010 0.0000 0.0000 0.0000
v 0.298048 -0.402844 -0.097010 0.0000 0.0000 0.0000
v 0.298048 -0.402844 0.097010 0.0000 0.0000 0.0000
v 0.276193 0.251921 0.084672 0.0000 0.0000 0.0000
v 0.276193 0.251921 -0.085293 0.0000 0.0000 0.0000
v -0.165475 -0.212481 -0.105817 0.0000 0.0000 0.0000
v -0.250216 -0.202475 0.105817 0.0000 0.0000 0.0000
v -0.250216 -0.202475 -0.105817 0.0000 0.0000 0.0000
v -0.165475 -0.212481 0.105817 0.0000 0.0000 0.0000
v -0.304153 -0.203625 0.105817 0.0000 0.0000 0.0000
v -0.304153 -0.203625 -0.105817 0.0000 0.0000 0.0000
v -0.419911 -0.173769 0.105817 0.0000 0.0000 0.0000
v -0.419911 -0.173769 -0.105817 0.0000 0.0000 0.0000
v -0.120289 -0.116773 0.105817 0.0000 0.0000 0.0000
v -0.120289 -0.116773 -0.105817 0.0000 0.0000 0.0000
v -0.057583 -0.117106 -0.105817 0.0000 0.0000 0.0000
v -0.057583 -0.117106 0.105817 0.0000 0.0000 0.0000
v -0.021191 -0.124519 -0.105817 0.0000 0.0000 0.0000
v -0.021191 -0.124519 0.105817 0.0000 0.0000 0.0000
v -0.063636 0.070791 -0.115609 0.0000 0.0000 0.0000
v -0.537625 0.059207 -0.115609 0.0000 0.0000 0.0000
v -0.065321 0.139773 -0.115609 0.0000 0.0000 0.0000
v -0.582371 0.058113 -0.115609 0.0000 0.0000 0.0000
v -0.602517 0.057621 -0.115609 0.0000 0.0000 0.0000
v -0.604204 0.126603 -0.115609 0.0000 0.0000 0.0000
v -0.602517 0.057621 0.114988 0.0000 0.0000 0.0000
v -0.604204 0.126603 0.114988 0.0000 0.0000 0.0000
v -0.063636 0.070791 0.114988 0.0000 0.0000 0.0000
v -0.065321 0.139773 0.114988 0.0000 0.0000 0.0000
v -0.539311 0.128189 0.114988 0.0000 0.0000 0.0000
v -0.584057 0.127095 0.114988 0.0000 0.0000 0.0000
v 0.292210 0.082271 -0.111138 0.0000 0.0000 0.0000
v 0.372547 0.084234 -0.111138 0.0000 0.0000 0.0000
v 0.459215 0.086352 -0.111138 0.0000 0.0000 0.0000
v 0.459215 0.086352 0.111138 0.0000 0.0000 0.0000
v 0.372547 0.084234 0.111138 0.0000 0.0000 0.0000
v 0.292210 0.082271 0.111138 0.0000 0.0000 0.0000
v 0.280856 0.061122 -0.105817 0.0000 0.0000 0.0000
v -0.163868 -0.167887 -0.105817 0.0000 0.0000 0.0000
v 0.280856 0.061122 0.105817 0.0000 0.0000 0.0000
v -0.163868 -0.167887 0.105817 0.0000 0.0000 0.0000
v 0.459706 0.066269 -0.104157 0.0000 0.0000 0.0000
v 0.373038 0.064151 -0.104157 0.0000 0.0000 0.0000
v 0.292701 0.062188 -0.104157 0.0000 0.0000 0.0000
v 0.459706 0.066269 0.104157 0.0000 0.0000 0.0000
v 0.373038 0.064151 0.104157 0.0000 0.0000 0.0000
v 0.292701 0.062188 0.104157 0.0000 0.0000 0.0000
v -0.035870 -0.094183 -0.097010 0.0000 0.0000 0.0000
v -0.036430 -0.188466 -0.097010 0.0000 0.0000 0.0000
v 0.001167 -0.269947 -0.097010 0.0000 0.0000 0.0000
v 0.038131 -0.300002 -0.097010 0.0000 0.0000 0.0000
v 0.055670 -0.368782 -0.097010 0.0000 0.0000 0.0000
v 0.055672 -0.437992 -0.097010 0.0000 0.0000 0.0000
v 0.050118 -0.467580 -0.097010 0.0000 0.0000 0.0000
v -0.035870 -0.094183 0.097010 0.0000 0.0000 0.0000
v -0.036430 -0.188466 0.097010 0.0000 0.0000 0.0000
v 0.001167 -0.269947 0.097010 0.0000 0.0000 0.0000
v 0.038131 -0.300002 0.097010 0.0000 0.0000 0.0000
v 0.055670 -0.368782 0.097010 0.0000 0.0000 0.0000
v 0.055672 -0.437992 0.097010 0.0000 0.0000 0.0000
v 0.050118 -0.467580 0.097010 0.0000 0.0000 0.0000
v -0.603235 0.086986 -0.085293 0.0000 0.0000 0.0000
v -0.670595 0.169336 -0.085293 0.0000 0.0000 0.0000
v -0.604204 0.126603 -0.085293 0.0000 0.0000 0.0000
v -0.545247 0.172400 -0.085293 0.0000 0.0000 0.0000
v -0.065321 0.139773 -0.085293 0.0000 0.0000 0.0000
v -0.852659 0.164887 -0.085293 0.0000 0.0000 0.0000
v 0.044270 0.186808 -0.085293 0.0000 0.0000 0.0000
v -0.064353 0.100155 -0.085293 0.0000 0.0000 0.0000
v 0.279696 0.108564 -0.085293 0.0000 0.0000 0.0000
v 0.043215 0.230008 -0.085293 0.0000 0.0000 0.0000
v -0.546304 0.215600 -0.085293 0.0000 0.0000 0.0000
v -0.671651 0.212537 -0.085293 0.0000 0.0000 0.0000
v -0.853715 0.208088 -0.085293 0.0000 0.0000 0.0000
v -0.924711 0.206353 -0.085293 0.0000 0.0000 0.0000
v -1.106774 0.201904 -0.085293 0.0000 0.0000 0.0000
v -1.105719 0.158703 -0.085293 0.0000 0.0000 0.0000
v -0.923655 0.163152 -0.085293 0.0000 0.0000 0.0000
v -0.853715 0.208088 0.084672 0.0000 0.0000 0.0000
v -0.923655 0.163152 0.084672 0.0000 0.0000 0.0000
v -0.852659 0.164887 0.084672 0.0000 0.0000 0.0000
v -0.603235 0.086986 0.084672 0.0000 0.0000 0.0000
v -0.670595 0.169336 0.084672 0.0000 0.0000 0.0000
v -0.604204 0.126603 0.084672 0.0000 0.0000 0.0000
v -1.105719 0.158703 0.084672 0.0000 0.0000 0.0000
v -0.671651 0.212537 0.084672 0.0000 0.0000 0.0000
v -0.924711 0.206353 0.084672 0.0000 0.0000 0.0000
v -1.106774 0.201904 0.084672 0.0000 0.0000 0.0000
v -0.546304 0.215600 0.084672 0.0000 0.0000 0.0000
v -0.545247 0.172400 0.084672 0.0000 0.0000 0.0000
v 0.043215 0.230008 0.084672 0.0000 0.0000 0.0000
v -0.065321 0.139773 0.084672 0.0000 0.0000 0.0000
v 0.044270 0.186808 0.084672 0.0000 0.0000 0.0000
v 0.279696 0.108564 0.084672 0.0000 0.0000 0.0000
v -0.064353 0.100155 0.084672 0.0000 0.0000 0.0000
v 0.727332 0.059059 0.097421 0.0549 0.0549 0.0549
v 0.729240 -0.018984 0.084053 0.0549 0.0549 0.0549
v 0.534254 0.054340 0.097421 0.0549 0.0549 0.0549
v 0.725425 0.137103 0.084053 0.0549 0.0549 0.0549
v 0.532346 0.132385 0.084053 0.0549 0.0549 0.0549
v 0.536161 -0.023703 0.084053 0.0549 0.0549 0.0549
v 0.305810 0.289057 -0.107673 0.0549 0.0549 0.0549
v 0.310792 0.085174 -0.138594 0.0549 0.0549 0.0549
v 0.310792 0.085174 0.138594 0.0549 0.0549 0.0549
v 0.306279 0.269813 -0.138594 0.0549 0.0549 0.0549
v 0.305810 0.289057 0.107673 0.0549 0.0549 0.0549
v 0.306279 0.269813 0.138594 0.0549 0.0549 0.0549
v 0.311302 0.064331 -0.127847 0.0549 0.0549 0.0549
v 0.311302 0.064331 0.127847 0.0549 0.0549 0.0549
v 0.314902 -0.082975 0.091463 0.0549 0.0549 0.0549
v 0.314441 -0.064096 0.127847 0.0549 0.0549 0.0549
v 0.314902 -0.082975 -0.091463 0.0549 0.0549 0.0549
v 0.314441 -0.064096 -0.127847 0.0549 0.0549 0.0549
v 0.224796 0.287078 -0.107673 0.0549 0.0549 0.0549
v 0.224796 0.287078 0.107673 0.0549 0.0549 0.0549
v 0.225266 0.267834 0.138594 0.0549 0.0549 0.0549
v 0.229779 0.083195 0.138594 0.0549 0.0549 0.0549
v 0.225266 0.267834 -0.138594 0.0549 0.0549 0.0549
v 0.229779 0.083195 -0.138594 0.0549 0.0549 0.0549
v 0.230287 0.062351 -0.127847 0.0549 0.0549 0.0549
v 0.233426 -0.066076 -0.127847 0.0549 0.0549 0.0549
v 0.233888 -0.084956 -0.091463 0.0549 0.0549 0.0549
v 0.233888 -0.084956 0.091463 0.0549 0.0549 0.0549
v 0.233426 -0.066076 0.127847 0.0549 0.0549 0.0549
v 0.230287 0.062351 0.127847 0.0549 0.0549 0.0549
v 0.729240 -0.018984 -0.084053 0.0549 0.0549 0.0549
v 0.727332 0.059059 -0.097421 0.0549 0.0549 0.0549
v 0.536161 -0.023703 -0.084053 0.0549 0.0549 0.0549
v 0.534254 0.054340 -0.097421 0.0549 0.0549 0.0549
v 0.725425 0.137103 -0.084053 0.0549 0.0549 0.0549
v 0.532346 0.132385 -0.084053 0.0549 0.0549 0.0549
v 0.532091 0.142809 -0.000000 0.0549 0.0549 0.0549
v 0.725171 0.147527 -0.000000 0.0549 0.0549 0.0549
v 0.729495 -0.029410 0.000000 0.0549 0.0549 0.0549
v 0.536415 -0.034128 0.000000 0.0549 0.0549 0.0549
v 1.015713 0.232386 -0.161501 0.0549 0.0549 0.0549
v 0.996831 0.044104 0.144610 0.0549 0.0549 0.0549
v 0.996831 0.044104 -0.144610 0.0549 0.0549 0.0549
v 1.015713 0.232386 0.161501 0.0549 0.0549 0.0549
v 1.001419 -0.143603 0.144610 0.0549 0.0549 0.0549
v 1.001419 -0.143603 -0.144610 0.0549 0.0549 0.0549
v 1.029475 -0.330738 0.161501 0.0549 0.0549 0.0549
v 1.029475 -0.330738 -0.161501 0.0549 0.0549 0.0549
v 0.918049 -0.333461 0.161501 0.0549 0.0549 0.0549
v 0.918049 -0.333461 -0.161501 0.0549 0.0549 0.0549
v 0.904286 0.229664 -0.161501 0.0549 0.0549 0.0549
v 0.908874 0.041954 -0.144610 0.0549 0.0549 0.0549
v 0.913462 -0.145753 -0.144610 0.0549 0.0549 0.0549
v 0.908874 0.041954 0.144610 0.0549 0.0549 0.0549
v 0.904286 0.229664 0.161501 0.0549 0.0549 0.0549
v 0.913462 -0.145753 0.144610 0.0549 0.0549 0.0549
v -0.123601 -0.077785 -0.113971 0.0549 0.0549 0.0549
v -0.253389 -0.080956 -0.113971 0.0549 0.0549 0.0549
v -0.123601 -0.077785 0.113971 0.0549 0.0549 0.0549
v -0.103929 -0.031327 0.113971 0.0549 0.0549 0.0549
v -0.103929 -0.031327 -0.113971 0.0549 0.0549 0.0549
v -0.253389 -0.080956 0.113971 0.0549 0.0549 0.0549
v -0.275305 -0.035516 -0.113971 0.0549 0.0549 0.0549
v -0.275305 -0.035516 0.113971 0.0549 0.0549 0.0549
v -0.255634 0.010940 -0.113971 0.0549 0.0549 0.0549
v -0.125846 0.014112 -0.113971 0.0549 0.0549 0.0549
v -0.255634 0.010941 0.113971 0.0549 0.0549 0.0549
v -0.125846 0.014112 0.113971 0.0549 0.0549 0.0549
v -0.043237 0.153193 0.100481 0.0549 0.0549 0.0549
v -0.041121 0.066604 0.100481 0.0549 0.0549 0.0549
v -0.625005 0.138976 0.100481 0.0549 0.0549 0.0549
v -0.622889 0.052386 0.100481 0.0549 0.0549 0.0549
v -0.043237 0.153193 -0.100481 0.0549 0.0549 0.0549
v -0.625005 0.138976 -0.100481 0.0549 0.0549 0.0549
v -0.622889 0.052386 -0.100481 0.0549 0.0549 0.0549
v -0.041121 0.066604 -0.100481 0.0549 0.0549 0.0549
v 0.122805 0.244172 0.072413 0.0549 0.0549 0.0549
v 0.124274 0.184108 0.072413 0.0549 0.0549 0.0549
v -1.110370 0.214034 0.072413 0.0549 0.0549 0.0549
v -1.108902 0.153969 0.072413 0.0549 0.0549 0.0549
v 0.122805 0.244172 -0.072413 0.0549 0.0549 0.0549
v -1.110370 0.214034 -0.072413 0.0549 0.0549 0.0549
v -1.108902 0.153969 -0.072413 0.0549 0.0549 0.0549
v 0.124274 0.184108 -0.072413 0.0549 0.0549 0.0549
v -1.122809 0.120185 -0.121057 0.0549 0.0549 0.0549
v -1.147667 0.079484 -0.121057 0.0549 0.0549 0.0549
v -1.120851 0.040046 -0.121057 0.0549 0.0549 0.0549
v -0.690061 0.050574 -0.121057 0.0549 0.0549 0.0549
v -0.692020 0.130714 -0.121057 0.0549 0.0549 0.0549
v -0.665204 0.091275 -0.121057 0.0549 0.0549 0.0549
v -1.120851 0.040046 0.121057 0.0549 0.0549 0.0549
v -1.122809 0.120185 0.121057 0.0549 0.0549 0.0549
v -0.692020 0.130714 0.121057 0.0549 0.0549 0.0549
v -1.147667 0.079484 0.121057 0.0549 0.0549 0.0549
v -0.690061 0.050574 0.121057 0.0549 0.0549 0.0549
v -0.665204 0.091275 0.121057 0.0549 0.0549 0.0549
v -1.167962 0.155747 -0.037758 0.0549 0.0549 0.0549
v -1.413751 0.149741 -0.037758 0.0549 0.0549 0.0549
v -1.413029 0.120242 -0.026784 0.0549 0.0549 0.0549
v -1.167241 0.126249 -0.026784 0.0549 0.0549 0.0549
v -1.412309 0.090744 -0.037758 0.0549 0.0549 0.0549
v -1.166520 0.096750 -0.037758 0.0549 0.0549 0.0549
v -1.165994 0.075231 -0.021697 0.0549 0.0549 0.0549
v -1.165994 0.075231 0.021697 0.0549 0.0549 0.0549
v -1.168488 0.177267 -0.021697 0.0549 0.0549 0.0549
v -1.168643 0.183602 -0.000000 0.0549 0.0549 0.0549
v -1.167241 0.126249 0.026784 0.0549 0.0549 0.0549
v -1.166520 0.096750 0.037758 0.0549 0.0549 0.0549
v -1.168488 0.177267 0.021697 0.0549 0.0549 0.0549
v -1.167962 0.155747 0.037758 0.0549 0.0549 0.0549
v -1.877347 0.068211 0.028953 0.0549 0.0549 0.0549
v -2.062498 0.063686 0.028953 0.0549 0.0549 0.0549
v -2.061790 0.034742 0.040946 0.0549 0.0549 0.0549
v -1.876640 0.039267 0.040946 0.0549 0.0549 0.0549
v -1.877640 0.080201 -0.000000 0.0549 0.0549 0.0549
v -1.875933 0.010323 0.028953 0.0549 0.0549 0.0549
v -1.877347 0.068211 -0.028953 0.0549 0.0549 0.0549
v -2.062498 0.063686 -0.028953 0.0549 0.0549 0.0549
v -1.876640 0.039267 -0.040946 0.0549 0.0549 0.0549
v -1.875933 0.010323 -0.028953 0.0549 0.0549 0.0549
v -2.062791 0.075676 -0.000000 0.0549 0.0549 0.0549
v -2.061790 0.034742 -0.040946 0.0549 0.0549 0.0549
v -2.061084 0.005798 -0.028953 0.0549 0.0549 0.0549
v -1.875640 -0.001666 0.000000 0.0549 0.0549 0.0549
v -2.060791 -0.006191 0.000000 0.0549 0.0549 0.0549
v -2.061084 0.005798 0.028953 0.0549 0.0549 0.0549
v -1.860098 0.083819 -0.000000 0.0549 0.0549 0.0549
v -1.410370 0.094811 -0.000000 0.0549 0.0549 0.0549
v -1.410054 0.081888 0.031208 0.0549 0.0549 0.0549
v -1.859783 0.070897 0.031208 0.0549 0.0549 0.0549
v -1.859783 0.070897 -0.031208 0.0549 0.0549 0.0549
v -1.410054 0.081888 -0.031208 0.0549 0.0549 0.0549
v -1.859020 0.039698 -0.044135 0.0549 0.0549 0.0549
v -1.409292 0.050689 -0.044135 0.0549 0.0549 0.0549
v -1.858258 0.008499 -0.031208 0.0549 0.0549 0.0549
v -1.408529 0.019490 -0.031208 0.0549 0.0549 0.0549
v -1.857941 -0.004424 0.000000 0.0549 0.0549 0.0549
v -1.408213 0.006567 -0.000000 0.0549 0.0549 0.0549
v -1.858258 0.008499 0.031208 0.0549 0.0549 0.0549
v -1.408529 0.019490 0.031208 0.0549 0.0549 0.0549
v -1.859020 0.039698 0.044135 0.0549 0.0549 0.0549
v -1.409292 0.050689 0.044135 0.0549 0.0549 0.0549
v -1.427503 0.050244 0.056162 0.0549 0.0549 0.0549
v -1.426533 0.010543 0.039713 0.0549 0.0549 0.0549
v -1.428474 0.089945 0.039713 0.0549 0.0549 0.0549
v -1.426533 0.010543 -0.039713 0.0549 0.0549 0.0549
v -1.428474 0.089945 -0.039713 0.0549 0.0549 0.0549
v -1.428875 0.106390 -0.000000 0.0549 0.0549 0.0549
v -1.427503 0.050244 -0.056162 0.0549 0.0549 0.0549
v -1.426131 -0.005901 0.000000 0.0549 0.0549 0.0549
v -1.411782 0.069224 0.021697 0.0549 0.0549 0.0549
v -1.411782 0.069224 -0.021697 0.0549 0.0549 0.0549
v -1.413029 0.120242 0.026784 0.0549 0.0549 0.0549
v -1.412309 0.090744 0.037758 0.0549 0.0549 0.0549
v -1.414276 0.171260 0.021697 0.0549 0.0549 0.0549
v -1.413751 0.149741 0.037758 0.0549 0.0549 0.0549
v -1.414431 0.177594 -0.000000 0.0549 0.0549 0.0549
v -1.414276 0.171260 -0.021697 0.0549 0.0549 0.0549
v -1.161945 0.096459 -0.039713 0.0549 0.0549 0.0549
v -1.162348 0.112903 -0.000000 0.0549 0.0549 0.0549
v -1.160975 0.056758 -0.056162 0.0549 0.0549 0.0549
v -1.160005 0.017057 -0.039713 0.0549 0.0549 0.0549
v -1.159603 0.000612 -0.000000 0.0549 0.0549 0.0549
v -1.160005 0.017057 0.039713 0.0549 0.0549 0.0549
v -1.160975 0.056758 0.056162 0.0549 0.0549 0.0549
v -1.161945 0.096459 0.039713 0.0549 0.0549 0.0549
v -2.060801 -0.005762 0.040516 0.0549 0.0549 0.0549
v -1.851276 0.039887 0.057298 0.0549 0.0549 0.0549
v -1.850286 -0.000617 0.040516 0.0549 0.0549 0.0549
v -2.060391 -0.022539 0.000000 0.0549 0.0549 0.0549
v -2.061790 0.034742 0.057298 0.0549 0.0549 0.0549
v -1.852266 0.080390 0.040516 0.0549 0.0549 0.0549
v -2.062780 0.075246 0.040516 0.0549 0.0549 0.0549
v -1.852676 0.097168 -0.000000 0.0549 0.0549 0.0549
v -2.063190 0.092024 -0.000000 0.0549 0.0549 0.0549
v -1.852266 0.080390 -0.040516 0.0549 0.0549 0.0549
v -2.062780 0.075246 -0.040516 0.0549 0.0549 0.0549
v -2.061790 0.034742 -0.057298 0.0549 0.0549 0.0549
v -1.851276 0.039887 -0.057298 0.0549 0.0549 0.0549
v -1.850286 -0.000617 -0.040516 0.0549 0.0549 0.0549
v -2.060801 -0.005762 -0.040516 0.0549 0.0549 0.0549
v -1.849876 -0.017394 0.000000 0.0549 0.0549 0.0549
v -0.322680 0.304587 0.049945 0.0260 0.0260 0.0260
v -0.322214 0.276738 0.107902 0.0260 0.0260 0.0260
v -0.360796 0.242011 0.084656 0.0260 0.0260 0.0260
v -0.366721 0.246227 0.046593 0.0260 0.0260 0.0260
v -0.321033 0.215496 0.118564 0.0260 0.0260 0.0260
v -0.356100 0.214516 0.090542 0.0260 0.0260 0.0260
v 0.789421 -0.171775 -0.051286 0.0260 0.0260 0.0260
v 0.773623 -0.240615 -0.061673 0.0260 0.0260 0.0260
v 0.776838 -0.245322 -0.000048 0.0260 0.0260 0.0260
v 0.797616 -0.166653 -0.000048 0.0260 0.0260 0.0260
v 0.773623 -0.240615 0.053674 0.0260 0.0260 0.0260
v 0.789421 -0.171775 0.043286 0.0260 0.0260 0.0260
v 0.776112 -0.230923 0.114182 0.0260 0.0260 0.0260
v 0.779062 -0.178184 0.072862 0.0260 0.0260 0.0260
v 0.814371 -0.201245 0.119065 0.0260 0.0260 0.0260
v 0.791228 -0.170550 0.070414 0.0260 0.0260 0.0260
v 0.779062 -0.178184 -0.080862 0.0260 0.0260 0.0260
v 0.776112 -0.230923 -0.122180 0.0260 0.0260 0.0260
v 0.814371 -0.201245 -0.127064 0.0260 0.0260 0.0260
v 0.791228 -0.170550 -0.078413 0.0260 0.0260 0.0260
v 0.836861 -0.141715 -0.124480 0.0260 0.0260 0.0260
v 0.869407 -0.232491 -0.058473 0.0260 0.0260 0.0260
v 0.900837 -0.308968 -0.070440 0.0260 0.0260 0.0260
v 0.907091 -0.311294 0.000553 0.0260 0.0260 0.0260
v 0.873778 -0.222056 0.000553 0.0260 0.0260 0.0260
v 0.900837 -0.308968 0.062442 0.0260 0.0260 0.0260
v 0.869407 -0.232491 0.050474 0.0260 0.0260 0.0260
v -1.823103 0.020113 -0.043398 0.0260 0.0260 0.0260
v -1.799210 0.037854 -0.022133 0.0260 0.0260 0.0260
v -1.799166 0.035558 -0.018202 0.0260 0.0260 0.0260
v -1.829700 0.003584 -0.025075 0.0260 0.0260 0.0260
v -1.799271 0.041038 -0.024350 0.0260 0.0260 0.0260
v -1.820886 0.042407 -0.050363 0.0260 0.0260 0.0260
v -1.823102 0.020113 0.043398 0.0260 0.0260 0.0260
v -1.829700 0.003584 0.025077 0.0260 0.0260 0.0260
v -1.799166 0.035558 0.018203 0.0260 0.0260 0.0260
v -1.799210 0.037854 0.022133 0.0260 0.0260 0.0260
v -1.799271 0.041038 0.024350 0.0260 0.0260 0.0260
v -1.820886 0.042407 0.050364 0.0260 0.0260 0.0260
v 0.792982 -0.169442 -0.160531 0.0260 0.0260 0.0260
v -1.799101 0.032254 -0.000000 0.0260 0.0260 0.0260
v -1.829662 -0.001914 0.000000 0.0260 0.0260 0.0260
v 0.707221 -0.000156 -0.083758 0.0260 0.0260 0.0260
v 0.691472 -0.000416 -0.085192 0.0260 0.0260 0.0260
v 0.661981 -0.056993 -0.101260 0.0260 0.0260 0.0260
v 0.665305 -0.048026 -0.128791 0.0260 0.0260 0.0260
v 0.896666 -0.298023 0.126748 0.0260 0.0260 0.0260
v 0.863838 -0.245620 0.079148 0.0260 0.0260 0.0260
v 0.691472 -0.000416 0.077018 0.0260 0.0260 0.0260
v 0.661981 -0.056993 0.093088 0.0260 0.0260 0.0260
v 0.665305 -0.048026 0.120618 0.0260 0.0260 0.0260
v 0.707221 -0.000156 0.075585 0.0260 0.0260 0.0260
v 0.863838 -0.245620 -0.078479 0.0260 0.0260 0.0260
v 0.896666 -0.298023 -0.126078 0.0260 0.0260 0.0260
v 0.836861 -0.141715 0.121512 0.0260 0.0260 0.0260
v 0.792982 -0.169442 0.152531 0.0260 0.0260 0.0260
v 0.913174 -0.243796 -0.134765 0.0260 0.0260 0.0260
v 0.870307 -0.230100 -0.078717 0.0260 0.0260 0.0260
v 0.894434 -0.171696 -0.120926 0.0260 0.0260 0.0260
v -1.797903 -0.029836 0.000000 0.0260 0.0260 0.0260
v -1.798008 -0.024373 0.027522 0.0260 0.0260 0.0260
v -1.798008 -0.024373 -0.027521 0.0260 0.0260 0.0260
v 0.871234 -0.227855 0.170927 0.0260 0.0260 0.0260
v 0.894434 -0.171696 0.124998 0.0260 0.0260 0.0260
v 0.913174 -0.243796 0.132373 0.0260 0.0260 0.0260
v -1.755451 0.013630 -0.039174 0.0260 0.0260 0.0260
v -1.733734 0.029486 -0.020026 0.0260 0.0260 0.0260
v -1.733716 0.027944 -0.017090 0.0260 0.0260 0.0260
v -1.760763 0.000547 -0.023440 0.0260 0.0260 0.0260
v -1.733758 0.031479 -0.021570 0.0260 0.0260 0.0260
v -1.753519 0.031639 -0.044970 0.0260 0.0260 0.0260
v -1.755451 0.013630 0.039174 0.0260 0.0260 0.0260
v -1.760763 0.000547 0.023440 0.0260 0.0260 0.0260
v -1.733716 0.027944 0.017090 0.0260 0.0260 0.0260
v -1.733734 0.029486 0.020026 0.0260 0.0260 0.0260
v -1.733758 0.031479 0.021570 0.0260 0.0260 0.0260
v -1.753519 0.031639 0.044970 0.0260 0.0260 0.0260
v 0.870307 -0.230100 0.076326 0.0260 0.0260 0.0260
v -1.733024 -0.029721 0.000000 0.0260 0.0260 0.0260
v -1.760761 -0.003982 0.000000 0.0260 0.0260 0.0260
v -1.733081 -0.024954 0.027102 0.0260 0.0260 0.0260
v -1.733081 -0.024954 -0.027101 0.0260 0.0260 0.0260
v 0.871234 -0.227855 -0.173320 0.0260 0.0260 0.0260
v -1.733683 0.025330 -0.000000 0.0260 0.0260 0.0260
v -1.799859 0.071443 -0.046021 0.0260 0.0260 0.0260
v -1.799859 0.071443 0.046022 0.0260 0.0260 0.0260
v 0.865358 0.234672 -0.000000 0.0260 0.0260 0.0260
v 0.865173 0.225835 -0.000000 0.0260 0.0260 0.0260
v 0.820277 0.231902 0.047604 0.0260 0.0260 0.0260
v 0.829939 0.253327 0.040032 0.0260 0.0260 0.0260
v 0.829939 0.253327 -0.040031 0.0260 0.0260 0.0260
v 0.820277 0.231902 -0.047604 0.0260 0.0260 0.0260
v -1.733768 0.032367 0.064544 0.0260 0.0260 0.0260
v -1.733374 -0.000587 0.054854 0.0260 0.0260 0.0260
v -1.733768 0.032367 -0.064543 0.0260 0.0260 0.0260
v -1.733374 -0.000587 -0.054853 0.0260 0.0260 0.0260
v 0.837116 -0.310306 0.158664 0.0260 0.0260 0.0260
v 0.826605 -0.336101 0.066697 0.0260 0.0260 0.0260
v 0.837116 -0.310307 -0.157996 0.0260 0.0260 0.0260
v 0.826605 -0.336101 -0.074696 0.0260 0.0260 0.0260
v -1.663254 0.042947 -0.000000 0.0260 0.0260 0.0260
v -1.697706 0.010618 0.033624 0.0260 0.0260 0.0260
v -1.697630 0.004788 -0.000000 0.0260 0.0260 0.0260
v -1.663337 0.046310 0.022179 0.0260 0.0260 0.0260
v -1.663337 0.046310 -0.022179 0.0260 0.0260 0.0260
v -1.697706 0.010618 -0.033624 0.0260 0.0260 0.0260
v 0.652548 -0.063945 0.000083 0.0260 0.0260 0.0260
v 0.706776 -0.000205 0.000083 0.0260 0.0260 0.0260
v -1.799294 0.042207 0.068258 0.0260 0.0260 0.0260
v -1.798559 0.004178 0.057655 0.0260 0.0260 0.0260
v -1.799294 0.042207 -0.068257 0.0260 0.0260 0.0260
v -1.798559 0.004178 -0.057654 0.0260 0.0260 0.0260
v -1.661523 -0.027890 0.000000 0.0260 0.0260 0.0260
v -1.661672 -0.021755 0.040223 0.0260 0.0260 0.0260
v -1.661672 -0.021755 -0.040222 0.0260 0.0260 0.0260
v -1.663385 0.048294 -0.021010 0.0260 0.0260 0.0260
v -1.691079 0.027540 -0.044652 0.0260 0.0260 0.0260
v 0.836793 0.222120 -0.000000 0.0260 0.0260 0.0260
v 0.849096 0.201535 -0.000000 0.0260 0.0260 0.0260
v 0.816340 0.200734 0.032767 0.0260 0.0260 0.0260
v 0.815828 0.221608 0.020970 0.0260 0.0260 0.0260
v -1.691079 0.027540 0.044652 0.0260 0.0260 0.0260
v -1.663385 0.048294 0.021010 0.0260 0.0260 0.0260
v 0.815828 0.221608 -0.020970 0.0260 0.0260 0.0260
v 0.816340 0.200734 -0.032767 0.0260 0.0260 0.0260
v -1.734072 0.057749 -0.043398 0.0260 0.0260 0.0260
v -1.734072 0.057749 0.043398 0.0260 0.0260 0.0260
v 0.348311 -0.321254 -0.000001 0.0260 0.0260 0.0260
v 0.299435 -0.389598 -0.000001 0.0260 0.0260 0.0260
v 0.300053 -0.385954 0.095096 0.0260 0.0260 0.0260
v 0.340761 -0.322555 0.099812 0.0260 0.0260 0.0260
v 0.340761 -0.322554 -0.099813 0.0260 0.0260 0.0260
v 0.300053 -0.385954 -0.095098 0.0260 0.0260 0.0260
v 0.650528 0.044571 -0.100441 0.0260 0.0260 0.0260
v 0.654935 0.039913 -0.127422 0.0260 0.0260 0.0260
v -1.584926 -0.030811 0.000000 0.0260 0.0260 0.0260
v -1.613901 -0.004212 0.000000 0.0260 0.0260 0.0260
v -1.613967 0.000687 0.023086 0.0260 0.0260 0.0260
v -1.585051 -0.025708 0.025646 0.0260 0.0260 0.0260
v -1.613967 0.000687 -0.023086 0.0260 0.0260 0.0260
v -1.585051 -0.025708 -0.025645 0.0260 0.0260 0.0260
v 0.650528 0.044571 0.092267 0.0260 0.0260 0.0260
v 0.654935 0.039913 0.119250 0.0260 0.0260 0.0260
v 0.872745 0.268724 -0.000000 0.0260 0.0260 0.0260
v 0.845283 0.279198 0.029393 0.0260 0.0260 0.0260
v 0.870885 0.295785 0.016130 0.0260 0.0260 0.0260
v 0.883669 0.285950 -0.000000 0.0260 0.0260 0.0260
v -1.586313 0.025946 -0.000000 0.0260 0.0260 0.0260
v -1.586397 0.029368 0.018518 0.0260 0.0260 0.0260
v -1.586397 0.029368 -0.018518 0.0260 0.0260 0.0260
v -1.688882 0.050748 -0.044584 0.0260 0.0260 0.0260
v -1.663448 0.050858 -0.020346 0.0260 0.0260 0.0260
v -1.688882 0.050748 0.044584 0.0260 0.0260 0.0260
v -1.663448 0.050858 0.020346 0.0260 0.0260 0.0260
v -1.237113 -0.023980 -0.065366 0.0260 0.0260 0.0260
v -1.247480 0.042937 -0.061186 0.0260 0.0260 0.0260
v -1.240053 -0.027780 -0.000048 0.0260 0.0260 0.0260
v -1.251590 0.046740 -0.000048 0.0260 0.0260 0.0260
v -1.247480 0.042937 0.053186 0.0260 0.0260 0.0260
v -1.237113 -0.023980 0.057367 0.0260 0.0260 0.0260
v -1.607924 0.015938 -0.041198 0.0260 0.0260 0.0260
v -1.586463 0.032091 -0.023720 0.0260 0.0260 0.0260
v -1.607924 0.015938 0.041198 0.0260 0.0260 0.0260
v -1.586463 0.032091 0.023721 0.0260 0.0260 0.0260
v -1.606018 0.036191 -0.046144 0.0260 0.0260 0.0260
v -1.586561 0.036099 -0.025670 0.0260 0.0260 0.0260
v -1.586561 0.036099 0.025670 0.0260 0.0260 0.0260
v -1.606018 0.036191 0.046144 0.0260 0.0260 0.0260
v -1.662439 0.009597 0.064013 0.0260 0.0260 0.0260
v -1.662439 0.009597 -0.064012 0.0260 0.0260 0.0260
v 0.824509 -0.341321 0.000553 0.0260 0.0260 0.0260
v -1.586593 0.037386 0.063940 0.0260 0.0260 0.0260
v -1.585718 0.001614 0.056141 0.0260 0.0260 0.0260
v -1.536899 0.026185 -0.040965 0.0260 0.0260 0.0260
v -1.511427 0.045286 -0.019910 0.0260 0.0260 0.0260
v -1.511384 0.043597 -0.016906 0.0260 0.0260 0.0260
v -1.542880 0.010846 -0.024003 0.0260 0.0260 0.0260
v -1.511482 0.047422 -0.021458 0.0260 0.0260 0.0260
v -1.534915 0.047276 -0.047186 0.0260 0.0260 0.0260
v -1.586593 0.037386 -0.063939 0.0260 0.0260 0.0260
v -1.585718 0.001614 -0.056140 0.0260 0.0260 0.0260
v -1.536899 0.026185 0.040965 0.0260 0.0260 0.0260
v -1.542880 0.010846 0.024003 0.0260 0.0260 0.0260
v -1.511384 0.043597 0.016906 0.0260 0.0260 0.0260
v -1.511427 0.045286 0.019910 0.0260 0.0260 0.0260
v -1.511482 0.047422 0.021458 0.0260 0.0260 0.0260
v -1.534915 0.047276 0.047186 0.0260 0.0260 0.0260
v -1.511308 0.040594 -0.000000 0.0260 0.0260 0.0260
v -1.542811 0.005533 -0.000000 0.0260 0.0260 0.0260
v -1.663476 0.052001 0.064859 0.0260 0.0260 0.0260
v -1.663476 0.052001 -0.064859 0.0260 0.0260 0.0260
v 0.503212 -0.057132 -0.057476 0.0260 0.0260 0.0260
v 0.459644 -0.108707 -0.060902 0.0260 0.0260 0.0260
v 0.460302 -0.113467 -0.000335 0.0260 0.0260 0.0260
v 0.508836 -0.056209 -0.000335 0.0260 0.0260 0.0260
v 0.459644 -0.108707 0.052902 0.0260 0.0260 0.0260
v 0.503212 -0.057132 0.049477 0.0260 0.0260 0.0260
v 0.845283 0.279198 -0.029393 0.0260 0.0260 0.0260
v 0.870885 0.295785 -0.016131 0.0260 0.0260 0.0260
v 0.910810 0.302310 -0.000000 0.0260 0.0260 0.0260
v -1.587261 0.064741 -0.039793 0.0260 0.0260 0.0260
v -1.587261 0.064741 0.039794 0.0260 0.0260 0.0260
v 0.446888 -0.009508 -0.149141 0.0260 0.0260 0.0260
v 0.456512 -0.085122 -0.139270 0.0260 0.0260 0.0260
v 0.495480 -0.050779 -0.113582 0.0260 0.0260 0.0260
v 0.484751 -0.003562 -0.118110 0.0260 0.0260 0.0260
v -1.509672 -0.024376 0.000000 0.0260 0.0260 0.0260
v -1.509813 -0.018772 0.028096 0.0260 0.0260 0.0260
v -1.509813 -0.018772 -0.028096 0.0260 0.0260 0.0260
v 0.446888 -0.009507 0.141142 0.0260 0.0260 0.0260
v 0.484751 -0.003562 0.110111 0.0260 0.0260 0.0260
v 0.495480 -0.050779 0.105582 0.0260 0.0260 0.0260
v 0.456512 -0.085122 0.131270 0.0260 0.0260 0.0260
v -1.664274 0.084662 -0.042043 0.0260 0.0260 0.0260
v 0.708807 0.001521 -0.169258 0.0260 0.0260 0.0260
v 0.714518 -0.037481 -0.133944 0.0260 0.0260 0.0260
v 0.761828 0.007745 -0.128721 0.0260 0.0260 0.0260
v -1.664274 0.084662 0.042043 0.0260 0.0260 0.0260
v -1.238240 0.044281 -0.120884 0.0260 0.0260 0.0260
v -1.222454 -0.005240 -0.149886 0.0260 0.0260 0.0260
v -1.175169 0.054546 -0.160531 0.0260 0.0260 0.0260
v -1.205173 0.078631 -0.125570 0.0260 0.0260 0.0260
v -1.238240 0.044280 0.112885 0.0260 0.0260 0.0260
v -1.222454 -0.005240 0.141886 0.0260 0.0260 0.0260
v -1.175169 0.054546 0.152531 0.0260 0.0260 0.0260
v -1.205173 0.078631 0.117571 0.0260 0.0260 0.0260
v 0.708807 0.001522 0.165338 0.0260 0.0260 0.0260
v 0.761828 0.007745 0.126646 0.0260 0.0260 0.0260
v 0.714518 -0.037481 0.130022 0.0260 0.0260 0.0260
v -1.511506 0.048418 0.068626 0.0260 0.0260 0.0260
v -1.510531 0.009733 0.058143 0.0260 0.0260 0.0260
v -1.511507 0.048418 -0.068626 0.0260 0.0260 0.0260
v -1.510531 0.009733 -0.058142 0.0260 0.0260 0.0260
v -1.512258 0.078248 -0.041973 0.0260 0.0260 0.0260
v -1.512258 0.078248 0.041974 0.0260 0.0260 0.0260
v 0.287399 -0.148771 -0.000001 0.0260 0.0260 0.0260
v 0.249306 -0.214406 -0.000001 0.0260 0.0260 0.0260
v 0.246710 -0.211418 0.094334 0.0260 0.0260 0.0260
v 0.277882 -0.150928 0.094908 0.0260 0.0260 0.0260
v 0.277882 -0.150928 -0.094910 0.0260 0.0260 0.0260
v 0.246710 -0.211417 -0.094334 0.0260 0.0260 0.0260
v 0.526343 0.254080 -0.000000 0.0260 0.0260 0.0260
v 0.529811 0.232802 -0.000000 0.0260 0.0260 0.0260
v 0.502307 0.239003 0.028195 0.0260 0.0260 0.0260
v 0.506706 0.258510 0.020130 0.0260 0.0260 0.0260
v 0.506706 0.258510 -0.020130 0.0260 0.0260 0.0260
v 0.502307 0.239003 -0.028194 0.0260 0.0260 0.0260
v 0.639983 0.049168 0.000083 0.0260 0.0260 0.0260
v 0.429621 0.290926 -0.000000 0.0260 0.0260 0.0260
v 0.431986 0.267809 -0.000000 0.0260 0.0260 0.0260
v 0.395553 0.278143 0.036624 0.0260 0.0260 0.0260
v 0.399532 0.297730 0.030850 0.0260 0.0260 0.0260
v 0.399532 0.297730 -0.030849 0.0260 0.0260 0.0260
v 0.395553 0.278143 -0.036624 0.0260 0.0260 0.0260
v 0.392562 0.264234 0.018405 0.0260 0.0260 0.0260
v 0.410967 0.264240 -0.000000 0.0260 0.0260 0.0260
v 0.419287 0.241723 -0.000000 0.0260 0.0260 0.0260
v 0.391797 0.241050 0.027602 0.0260 0.0260 0.0260
v 0.392562 0.264234 -0.018405 0.0260 0.0260 0.0260
v 0.391797 0.241050 -0.027602 0.0260 0.0260 0.0260
v 0.061123 -0.390974 -0.098225 0.0260 0.0260 0.0260
v 0.064634 -0.395407 0.011170 0.0260 0.0260 0.0260
v 0.099495 -0.305480 -0.055701 0.0260 0.0260 0.0260
v 0.097107 -0.308386 0.011170 0.0260 0.0260 0.0260
v 0.099495 -0.305480 0.049611 0.0260 0.0260 0.0260
v 0.061123 -0.390974 0.081871 0.0260 0.0260 0.0260
v 0.706688 0.001273 0.078686 0.0260 0.0260 0.0260
v -1.056660 0.229691 -0.002534 0.0260 0.0260 0.0260
v -1.002705 0.300737 -0.002534 0.0260 0.0260 0.0260
v -1.002627 0.294550 0.055059 0.0260 0.0260 0.0260
v -1.051073 0.230352 0.051371 0.0260 0.0260 0.0260
v -1.002627 0.294550 -0.053158 0.0260 0.0260 0.0260
v -1.051073 0.230352 -0.049471 0.0260 0.0260 0.0260
v 0.075980 -0.377267 0.106544 0.0260 0.0260 0.0260
v 0.099984 -0.304477 0.063695 0.0260 0.0260 0.0260
v 0.099984 -0.304477 -0.066399 0.0260 0.0260 0.0260
v 0.075980 -0.377267 -0.115068 0.0260 0.0260 0.0260
v -1.044556 0.225714 -0.097974 0.0260 0.0260 0.0260
v -1.002116 0.263916 -0.123545 0.0260 0.0260 0.0260
v -1.000815 0.196550 -0.132931 0.0260 0.0260 0.0260
v -1.039390 0.195472 -0.102106 0.0260 0.0260 0.0260
v -1.002116 0.263916 0.118812 0.0260 0.0260 0.0260
v -1.044556 0.225714 0.093240 0.0260 0.0260 0.0260
v -1.000815 0.196550 0.130540 0.0260 0.0260 0.0260
v -1.039390 0.195472 0.099714 0.0260 0.0260 0.0260
v -1.067721 -0.074761 0.066697 0.0260 0.0260 0.0260
v -1.127373 -0.022553 0.061880 0.0260 0.0260 0.0260
v -1.120098 -0.014395 0.125254 0.0260 0.0260 0.0260
v -1.068678 -0.046924 0.158664 0.0260 0.0260 0.0260
v -1.071262 0.042270 0.170927 0.0260 0.0260 0.0260
v -1.116292 0.041293 0.130651 0.0260 0.0260 0.0260
v -1.067721 -0.074761 -0.074696 0.0260 0.0260 0.0260
v -1.068678 -0.046924 -0.157996 0.0260 0.0260 0.0260
v -1.120098 -0.014395 -0.124584 0.0260 0.0260 0.0260
v -1.127373 -0.022553 -0.069880 0.0260 0.0260 0.0260
v -1.071262 0.042270 -0.173320 0.0260 0.0260 0.0260
v -1.116292 0.041293 -0.133043 0.0260 0.0260 0.0260
v 0.136940 0.258197 -0.002413 0.0260 0.0260 0.0260
v 0.085198 0.314555 0.049945 0.0260 0.0260 0.0260
v 0.085127 0.320180 -0.002413 0.0260 0.0260 0.0260
v 0.131742 0.258341 0.046982 0.0260 0.0260 0.0260
v 0.131742 0.258341 -0.045473 0.0260 0.0260 0.0260
v 0.085198 0.314555 -0.048434 0.0260 0.0260 0.0260
v 0.536774 0.285582 0.032591 0.0260 0.0260 0.0260
v 0.565265 0.269761 -0.000000 0.0260 0.0260 0.0260
v 0.554336 0.245168 -0.000000 0.0260 0.0260 0.0260
v 0.516505 0.264633 0.041201 0.0260 0.0260 0.0260
v 0.536774 0.285582 -0.032590 0.0260 0.0260 0.0260
v 0.516505 0.264633 -0.041200 0.0260 0.0260 0.0260
v 0.428558 0.341888 0.012430 0.0260 0.0260 0.0260
v 0.439316 0.335659 -0.000000 0.0260 0.0260 0.0260
v 0.432703 0.321401 -0.000000 0.0260 0.0260 0.0260
v 0.410666 0.326641 0.022650 0.0260 0.0260 0.0260
v 0.136163 -0.338907 0.097808 0.0260 0.0260 0.0260
v 0.117664 -0.299509 0.134411 0.0260 0.0260 0.0260
v 0.169385 -0.272881 0.099615 0.0260 0.0260 0.0260
v 0.136163 -0.338907 -0.097807 0.0260 0.0260 0.0260
v 0.169385 -0.272881 -0.099615 0.0260 0.0260 0.0260
v 0.117664 -0.299509 -0.134411 0.0260 0.0260 0.0260
v 0.704504 0.040859 -0.132367 0.0260 0.0260 0.0260
v 0.557556 0.305760 0.023929 0.0260 0.0260 0.0260
v 0.578995 0.295132 -0.000000 0.0260 0.0260 0.0260
v 0.557556 0.305760 -0.023929 0.0260 0.0260 0.0260
v 0.448929 -0.025818 -0.075269 0.0260 0.0260 0.0260
v 0.447498 -0.013720 -0.047845 0.0260 0.0260 0.0260
v 0.447152 -0.011566 -0.072998 0.0260 0.0260 0.0260
v 0.440304 0.041978 -0.109745 0.0260 0.0260 0.0260
v 0.086846 0.225465 -0.120956 0.0260 0.0260 0.0260
v 0.121799 0.224808 -0.094130 0.0260 0.0260 0.0260
v 0.125571 0.253323 -0.090215 0.0260 0.0260 0.0260
v 0.085664 0.286707 -0.112422 0.0260 0.0260 0.0260
v 0.448929 -0.025818 0.067270 0.0260 0.0260 0.0260
v 0.447152 -0.011566 0.064998 0.0260 0.0260 0.0260
v 0.440304 0.041977 0.106410 0.0260 0.0260 0.0260
v 0.447498 -0.013720 0.039845 0.0260 0.0260 0.0260
v 0.458405 0.350889 -0.000000 0.0260 0.0260 0.0260
v 0.428558 0.341888 -0.012430 0.0260 0.0260 0.0260
v 0.410666 0.326641 -0.022650 0.0260 0.0260 0.0260
v 0.086846 0.225465 0.118564 0.0260 0.0260 0.0260
v 0.085664 0.286708 0.107902 0.0260 0.0260 0.0260
v 0.125571 0.253323 0.085696 0.0260 0.0260 0.0260
v 0.121798 0.224808 0.091739 0.0260 0.0260 0.0260
v 0.228131 -0.162197 0.135485 0.0260 0.0260 0.0260
v 0.209174 -0.210947 0.108822 0.0260 0.0260 0.0260
v 0.228131 -0.162197 -0.135485 0.0260 0.0260 0.0260
v 0.209174 -0.210947 -0.108822 0.0260 0.0260 0.0260
v 0.704504 0.040859 0.128446 0.0260 0.0260 0.0260
v -1.067499 -0.080381 0.000553 0.0260 0.0260 0.0260
v -1.133920 -0.022235 0.000553 0.0260 0.0260 0.0260
v -1.145546 0.322979 0.025914 0.0260 0.0260 0.0260
v -1.175636 0.329782 -0.000000 0.0260 0.0260 0.0260
v -1.156447 0.357130 -0.000000 0.0260 0.0260 0.0260
v -1.134412 0.351890 0.019026 0.0260 0.0260 0.0260
v -1.134412 0.351890 -0.019026 0.0260 0.0260 0.0260
v -1.145546 0.322979 -0.025913 0.0260 0.0260 0.0260
v -0.008482 -0.259964 0.000000 0.0260 0.0260 0.0260
v 0.033979 -0.172706 0.073634 0.0260 0.0260 0.0260
v 0.036416 -0.177851 0.000000 0.0260 0.0260 0.0260
v -0.006879 -0.253350 0.092490 0.0260 0.0260 0.0260
v -0.006879 -0.253350 -0.092490 0.0260 0.0260 0.0260
v 0.033979 -0.172706 -0.073634 0.0260 0.0260 0.0260
v 0.256097 -0.381557 0.130118 0.0260 0.0260 0.0260
v 0.282109 -0.329815 0.168871 0.0260 0.0260 0.0260
v 0.205681 -0.340786 0.176474 0.0260 0.0260 0.0260
v 0.211943 -0.382485 0.124054 0.0260 0.0260 0.0260
v 0.149679 -0.347117 0.099847 0.0260 0.0260 0.0260
v 0.282109 -0.329815 -0.168871 0.0260 0.0260 0.0260
v 0.256097 -0.381557 -0.130118 0.0260 0.0260 0.0260
v 0.205681 -0.340786 -0.176474 0.0260 0.0260 0.0260
v 0.211943 -0.382485 -0.124054 0.0260 0.0260 0.0260
v 0.149679 -0.347117 -0.099848 0.0260 0.0260 0.0260
v 0.262663 0.285909 0.023186 0.0260 0.0260 0.0260
v 0.263428 0.309092 0.015460 0.0260 0.0260 0.0260
v 0.281832 0.309098 -0.000000 0.0260 0.0260 0.0260
v 0.290152 0.286583 -0.000000 0.0260 0.0260 0.0260
v 0.263428 0.309092 -0.015460 0.0260 0.0260 0.0260
v 0.262663 0.285909 -0.023186 0.0260 0.0260 0.0260
v -1.170139 0.257489 -0.000000 0.0260 0.0260 0.0260
v -1.151716 0.202320 0.023186 0.0260 0.0260 0.0260
v -1.179205 0.201648 -0.000000 0.0260 0.0260 0.0260
v -1.151734 0.257494 0.015460 0.0260 0.0260 0.0260
v -1.151716 0.202320 -0.023186 0.0260 0.0260 0.0260
v -1.151734 0.257494 -0.015460 0.0260 0.0260 0.0260
v 0.112120 -0.300353 -0.042767 0.0260 0.0260 0.0260
v 0.112120 -0.300353 0.042768 0.0260 0.0260 0.0260
v 0.446320 -0.004128 -0.000335 0.0260 0.0260 0.0260
v -0.912236 0.230610 -0.002332 0.0260 0.0260 0.0260
v -0.866453 0.290897 -0.002332 0.0260 0.0260 0.0260
v -0.866386 0.285647 0.046539 0.0260 0.0260 0.0260
v -0.907495 0.231172 0.043410 0.0260 0.0260 0.0260
v -0.866386 0.285647 -0.045290 0.0260 0.0260 0.0260
v -0.907495 0.231172 -0.042161 0.0260 0.0260 0.0260
v -1.071033 0.037292 0.050474 0.0260 0.0260 0.0260
v -1.070745 0.023034 0.079148 0.0260 0.0260 0.0260
v -1.071191 0.039842 0.076326 0.0260 0.0260 0.0260
v -1.148744 0.271401 0.030764 0.0260 0.0260 0.0260
v -1.190836 0.270648 -0.000000 0.0260 0.0260 0.0260
v -1.073058 0.103007 0.124998 0.0260 0.0260 0.0260
v -1.148744 0.271401 -0.030763 0.0260 0.0260 0.0260
v 0.070978 -0.213904 0.092964 0.0260 0.0260 0.0260
v 0.058194 -0.171954 0.132247 0.0260 0.0260 0.0260
v 0.113604 -0.152836 0.094441 0.0260 0.0260 0.0260
v 0.070978 -0.213904 -0.092964 0.0260 0.0260 0.0260
v 0.113605 -0.152835 -0.094441 0.0260 0.0260 0.0260
v 0.058194 -0.171954 -0.132247 0.0260 0.0260 0.0260
v -1.073058 0.103007 -0.120926 0.0260 0.0260 0.0260
v 0.300487 0.335785 -0.000000 0.0260 0.0260 0.0260
v 0.270397 0.342588 0.025914 0.0260 0.0260 0.0260
v 0.281532 0.371499 0.019026 0.0260 0.0260 0.0260
v 0.303567 0.366259 -0.000000 0.0260 0.0260 0.0260
v 0.266418 0.323001 0.030764 0.0260 0.0260 0.0260
v 0.302851 0.312667 -0.000000 0.0260 0.0260 0.0260
v -1.071033 0.037292 -0.058473 0.0260 0.0260 0.0260
v -1.071312 0.048602 0.000553 0.0260 0.0260 0.0260
v -1.070745 0.023034 -0.078479 0.0260 0.0260 0.0260
v -1.071191 0.039842 -0.078717 0.0260 0.0260 0.0260
v 0.270397 0.342588 -0.025913 0.0260 0.0260 0.0260
v 0.266418 0.323001 -0.030763 0.0260 0.0260 0.0260
v 0.281532 0.371499 -0.019026 0.0260 0.0260 0.0260
v -0.960256 -0.033579 0.143059 0.0260 0.0260 0.0260
v -0.959450 -0.059312 0.112782 0.0260 0.0260 0.0260
v -0.997657 -0.025873 0.105553 0.0260 0.0260 0.0260
v -0.993191 -0.012743 0.120141 0.0260 0.0260 0.0260
v -0.993235 -0.010918 -0.123250 0.0260 0.0260 0.0260
v -0.997657 -0.025873 -0.102842 0.0260 0.0260 0.0260
v -0.960301 -0.031753 -0.146168 0.0260 0.0260 0.0260
v -0.959450 -0.059312 -0.110071 0.0260 0.0260 0.0260
v 0.579595 0.317206 0.013132 0.0260 0.0260 0.0260
v 0.589190 0.308240 -0.000000 0.0260 0.0260 0.0260
v -1.127278 0.373367 -0.000000 0.0260 0.0260 0.0260
v -1.116520 0.367138 0.010442 0.0260 0.0260 0.0260
v -0.961955 0.025378 0.148900 0.0260 0.0260 0.0260
v -0.990798 0.024751 0.121995 0.0260 0.0260 0.0260
v -0.961956 0.025378 -0.151353 0.0260 0.0260 0.0260
v -0.990798 0.024751 -0.124446 0.0260 0.0260 0.0260
v -0.901965 0.227236 -0.083318 0.0260 0.0260 0.0260
v -0.865951 0.259652 -0.105016 0.0260 0.0260 0.0260
v -0.864848 0.202487 -0.112982 0.0260 0.0260 0.0260
v -0.897582 0.201572 -0.086824 0.0260 0.0260 0.0260
v -0.863978 0.157625 -0.094346 0.0260 0.0260 0.0260
v -0.002332 0.252976 -0.002332 0.0260 0.0260 0.0260
v -0.050630 0.305583 0.046539 0.0260 0.0260 0.0260
v -0.050695 0.310833 -0.002332 0.0260 0.0260 0.0260
v -0.007185 0.253110 0.043776 0.0260 0.0260 0.0260
v -0.007185 0.253110 -0.042525 0.0260 0.0260 0.0260
v -0.050630 0.305583 -0.045290 0.0260 0.0260 0.0260
v 0.216036 -0.338304 -0.076638 0.0260 0.0260 0.0260
v 0.210603 -0.338487 -0.056153 0.0260 0.0260 0.0260
v 0.216036 -0.338304 0.076638 0.0260 0.0260 0.0260
v 0.210603 -0.338487 0.056152 0.0260 0.0260 0.0260
v -0.865951 0.259652 0.100638 0.0260 0.0260 0.0260
v -0.901965 0.227236 0.078939 0.0260 0.0260 0.0260
v -0.864849 0.202487 0.110590 0.0260 0.0260 0.0260
v -0.897582 0.201572 0.084433 0.0260 0.0260 0.0260
v -0.863978 0.157625 0.087757 0.0260 0.0260 0.0260
v -0.959122 -0.070484 -0.001058 0.0260 0.0260 0.0260
v -1.001666 -0.033239 -0.001058 0.0260 0.0260 0.0260
v -0.049092 0.222424 -0.112982 0.0260 0.0260 0.0260
v -0.016466 0.221811 -0.087942 0.0260 0.0260 0.0260
v -0.012944 0.248428 -0.084289 0.0260 0.0260 0.0260
v -0.050195 0.279589 -0.105018 0.0260 0.0260 0.0260
v -0.049092 0.222424 0.110590 0.0260 0.0260 0.0260
v -0.050195 0.279589 0.100638 0.0260 0.0260 0.0260
v -0.012944 0.248428 0.079910 0.0260 0.0260 0.0260
v -0.016466 0.221811 0.085550 0.0260 0.0260 0.0260
v -1.116520 0.367138 -0.010442 0.0260 0.0260 0.0260
v -1.086673 0.376138 -0.000000 0.0260 0.0260 0.0260
v -0.963106 0.064280 -0.122970 0.0260 0.0260 0.0260
v -0.963106 0.064280 0.120519 0.0260 0.0260 0.0260
v -0.850077 -0.073727 -0.063011 0.0260 0.0260 0.0260
v -0.851186 -0.037796 -0.154276 0.0260 0.0260 0.0260
v -0.894125 -0.010632 -0.124396 0.0260 0.0260 0.0260
v -0.899891 -0.030129 -0.058988 0.0260 0.0260 0.0260
v -0.853343 0.036689 -0.161034 0.0260 0.0260 0.0260
v -0.890948 0.035872 -0.125956 0.0260 0.0260 0.0260
v -0.850077 -0.073727 0.055065 0.0260 0.0260 0.0260
v -0.899891 -0.030129 0.051042 0.0260 0.0260 0.0260
v -0.894125 -0.010632 0.116450 0.0260 0.0260 0.0260
v -0.851185 -0.037796 0.146330 0.0260 0.0260 0.0260
v -0.853343 0.036689 0.157168 0.0260 0.0260 0.0260
v -0.890948 0.035872 0.122089 0.0260 0.0260 0.0260
v -0.779678 0.235657 -0.002413 0.0260 0.0260 0.0260
v -0.730629 0.300244 -0.002413 0.0260 0.0260 0.0260
v -0.730558 0.294619 0.049945 0.0260 0.0260 0.0260
v -0.774600 0.236259 0.046593 0.0260 0.0260 0.0260
v -0.730558 0.294619 -0.048434 0.0260 0.0260 0.0260
v -0.774599 0.236259 -0.045083 0.0260 0.0260 0.0260
v 0.052545 -0.171997 -0.042079 0.0260 0.0260 0.0260
v 0.052545 -0.171997 0.042080 0.0260 0.0260 0.0260
v 0.706688 0.001273 -0.082606 0.0260 0.0260 0.0260
v -0.849649 -0.088292 -0.000171 0.0260 0.0260 0.0260
v -0.905118 -0.039735 -0.000171 0.0260 0.0260 0.0260
v 0.570000 0.326173 -0.000000 0.0260 0.0260 0.0260
v 0.612458 0.319384 -0.000000 0.0260 0.0260 0.0260
v -0.768674 0.232041 -0.089175 0.0260 0.0260 0.0260
v -0.730092 0.266771 -0.112422 0.0260 0.0260 0.0260
v -0.728910 0.205529 -0.120956 0.0260 0.0260 0.0260
v -0.763978 0.204548 -0.092933 0.0260 0.0260 0.0260
v -0.961571 0.012459 -0.085725 0.0260 0.0260 0.0260
v -0.961564 0.012133 -0.001058 0.0260 0.0260 0.0260
v -0.961571 0.012459 0.088437 0.0260 0.0260 0.0260
v -0.730092 0.266770 0.107902 0.0260 0.0260 0.0260
v -0.768674 0.232041 0.084656 0.0260 0.0260 0.0260
v -0.728910 0.205528 0.118564 0.0260 0.0260 0.0260
v -0.763978 0.204548 0.090542 0.0260 0.0260 0.0260
v 0.579595 0.317206 -0.013132 0.0260 0.0260 0.0260
v -1.000105 0.171264 0.042642 0.0260 0.0260 0.0260
v -0.999803 0.158822 -0.002534 0.0260 0.0260 0.0260
v -1.000105 0.171264 -0.040741 0.0260 0.0260 0.0260
v -0.854843 0.087409 0.120419 0.0260 0.0260 0.0260
v -0.854843 0.087409 -0.122516 0.0260 0.0260 0.0260
v -0.961626 0.013056 -0.091623 0.0260 0.0260 0.0260
v -0.129955 0.252491 -0.002534 0.0260 0.0260 0.0260
v -0.186871 0.314486 0.055059 0.0260 0.0260 0.0260
v -0.186949 0.320673 -0.002534 0.0260 0.0260 0.0260
v -0.135673 0.252650 0.051801 0.0260 0.0260 0.0260
v -0.135672 0.252650 -0.049901 0.0260 0.0260 0.0260
v -0.186870 0.314486 -0.053158 0.0260 0.0260 0.0260
v -0.961581 0.011232 0.088514 0.0260 0.0260 0.0260
v 0.029112 -0.232794 0.103080 0.0260 0.0260 0.0260
v -0.018466 -0.195858 0.133781 0.0260 0.0260 0.0260
v -1.000541 0.186943 0.057953 0.0260 0.0260 0.0260
v 0.045747 -0.333851 -0.136779 0.0260 0.0260 0.0260
v 0.097713 -0.363392 -0.105391 0.0260 0.0260 0.0260
v 0.014366 -0.346927 -0.122351 0.0260 0.0260 0.0260
v -0.010140 -0.359834 -0.079682 0.0260 0.0260 0.0260
v -0.018466 -0.195859 -0.133781 0.0260 0.0260 0.0260
v 0.029112 -0.232794 -0.103080 0.0260 0.0260 0.0260
v 0.045746 -0.333852 0.136781 0.0260 0.0260 0.0260
v 0.097713 -0.363392 0.105391 0.0260 0.0260 0.0260
v 0.014366 -0.346927 0.116365 0.0260 0.0260 0.0260
v -0.010140 -0.359835 0.067806 0.0260 0.0260 0.0260
v 0.299424 0.386746 0.010442 0.0260 0.0260 0.0260
v 0.310182 0.380518 -0.000000 0.0260 0.0260 0.0260
v -1.000541 0.186943 -0.062687 0.0260 0.0260 0.0260
v -1.000871 0.199220 -0.060527 0.0260 0.0260 0.0260
v 0.169555 -0.215563 -0.100038 0.0260 0.0260 0.0260
v 0.169451 -0.175488 -0.072030 0.0260 0.0260 0.0260
v 0.164581 -0.176118 -0.055848 0.0260 0.0260 0.0260
v 0.169555 -0.215563 0.100037 0.0260 0.0260 0.0260
v 0.169451 -0.175488 0.072030 0.0260 0.0260 0.0260
v 0.164581 -0.176118 0.055847 0.0260 0.0260 0.0260
v -0.185059 0.216486 -0.132931 0.0260 0.0260 0.0260
v -0.146612 0.215764 -0.103423 0.0260 0.0260 0.0260
v -0.142462 0.247131 -0.099118 0.0260 0.0260 0.0260
v -0.186359 0.283852 -0.123545 0.0260 0.0260 0.0260
v -0.185059 0.216486 0.130540 0.0260 0.0260 0.0260
v -0.186359 0.283852 0.118812 0.0260 0.0260 0.0260
v -0.142462 0.247131 0.094385 0.0260 0.0260 0.0260
v -0.146612 0.215764 0.101033 0.0260 0.0260 0.0260
v -0.777980 -0.008339 -0.122302 0.0260 0.0260 0.0260
v -0.784046 -0.028851 -0.096422 0.0260 0.0260 0.0260
v -0.732804 -0.036918 -0.151656 0.0260 0.0260 0.0260
v -0.731637 -0.074720 -0.103179 0.0260 0.0260 0.0260
v -0.735075 0.041446 -0.162431 0.0260 0.0260 0.0260
v -0.774637 0.040587 -0.127046 0.0260 0.0260 0.0260
v -0.732804 -0.036918 0.143656 0.0260 0.0260 0.0260
v -0.731637 -0.074720 0.095180 0.0260 0.0260 0.0260
v -0.784046 -0.028851 0.088422 0.0260 0.0260 0.0260
v -0.777980 -0.008339 0.114303 0.0260 0.0260 0.0260
v -0.735075 0.041446 0.158510 0.0260 0.0260 0.0260
v -0.774637 0.040587 0.123125 0.0260 0.0260 0.0260
v 0.087766 0.191168 -0.002413 0.0260 0.0260 0.0260
v 0.087491 0.202478 0.038658 0.0260 0.0260 0.0260
v 0.087491 0.202478 -0.037147 0.0260 0.0260 0.0260
v -0.961910 0.023821 -0.098795 0.0260 0.0260 0.0260
v -0.961910 0.023821 0.096343 0.0260 0.0260 0.0260
v -0.852833 0.019421 -0.000171 0.0260 0.0260 0.0260
v -0.852842 0.019846 0.041517 0.0260 0.0260 0.0260
v -0.852912 0.020625 0.075217 0.0260 0.0260 0.0260
v -0.853284 0.034662 0.074771 0.0260 0.0260 0.0260
v -0.852912 0.020625 -0.083164 0.0260 0.0260 0.0260
v -0.852842 0.019846 -0.049463 0.0260 0.0260 0.0260
v -0.853284 0.034662 -0.078638 0.0260 0.0260 0.0260
v -1.000871 0.199220 0.058135 0.0260 0.0260 0.0260
v -0.999790 0.143681 0.083422 0.0260 0.0260 0.0260
v -0.731188 -0.090042 0.000000 0.0260 0.0260 0.0260
v -0.789544 -0.038956 0.000000 0.0260 0.0260 0.0260
v -0.999790 0.143681 -0.090760 0.0260 0.0260 0.0260
v 0.087095 0.216733 0.052576 0.0260 0.0260 0.0260
v 0.087095 0.216733 -0.057096 0.0260 0.0260 0.0260
v 0.086796 0.227893 -0.055133 0.0260 0.0260 0.0260
v 0.087778 0.177403 -0.093728 0.0260 0.0260 0.0260
v 0.858099 0.305619 -0.000000 0.0260 0.0260 0.0260
v -0.648782 0.239659 -0.002534 0.0260 0.0260 0.0260
v -0.594828 0.310705 -0.002534 0.0260 0.0260 0.0260
v -0.594749 0.304518 0.055059 0.0260 0.0260 0.0260
v -0.643194 0.240321 0.051371 0.0260 0.0260 0.0260
v -0.594749 0.304518 -0.053158 0.0260 0.0260 0.0260
v -0.643194 0.240321 -0.049471 0.0260 0.0260 0.0260
v -0.736653 0.094806 0.121398 0.0260 0.0260 0.0260
v -0.736653 0.094806 -0.123548 0.0260 0.0260 0.0260
v 0.329271 0.395747 -0.000000 0.0260 0.0260 0.0260
v 0.299424 0.386746 -0.010442 0.0260 0.0260 0.0260
v 0.087778 0.177403 0.086839 0.0260 0.0260 0.0260
v -0.636678 0.235682 -0.097974 0.0260 0.0260 0.0260
v -0.594237 0.273884 -0.123545 0.0260 0.0260 0.0260
v -0.592937 0.206518 -0.132931 0.0260 0.0260 0.0260
v -0.631512 0.205440 -0.102106 0.0260 0.0260 0.0260
v -0.594237 0.273884 0.118812 0.0260 0.0260 0.0260
v -0.636678 0.235682 0.093240 0.0260 0.0260 0.0260
v -0.592937 0.206518 0.130540 0.0260 0.0260 0.0260
v -0.631512 0.205440 0.099714 0.0260 0.0260 0.0260
v 0.160354 -0.178607 0.134152 0.0260 0.0260 0.0260
v 0.160353 -0.178607 -0.134153 0.0260 0.0260 0.0260
v -0.864246 0.181031 0.036003 0.0260 0.0260 0.0260
v -0.863989 0.170473 -0.002332 0.0260 0.0260 0.0260
v -0.864246 0.181031 -0.034754 0.0260 0.0260 0.0260
v 0.288665 0.392975 -0.000000 0.0260 0.0260 0.0260
v -0.270938 0.248229 -0.002413 0.0260 0.0260 0.0260
v -0.322751 0.310212 -0.002413 0.0260 0.0260 0.0260
v -0.276136 0.248373 0.046982 0.0260 0.0260 0.0260
v -0.276136 0.248373 -0.045473 0.0260 0.0260 0.0260
v -0.322680 0.304587 -0.048434 0.0260 0.0260 0.0260
v 0.225376 -0.105648 -0.000001 0.0260 0.0260 0.0260
v 0.215825 -0.107935 0.090542 0.0260 0.0260 0.0260
v 0.215825 -0.107935 -0.090542 0.0260 0.0260 0.0260
v -0.864615 0.194337 0.048997 0.0260 0.0260 0.0260
v -0.048221 0.177562 -0.092586 0.0260 0.0260 0.0260
v -1.142995 0.095276 0.115977 0.0260 0.0260 0.0260
v -0.864615 0.194337 -0.053375 0.0260 0.0260 0.0260
v -0.864895 0.204754 -0.051542 0.0260 0.0260 0.0260
v 0.107351 -0.303308 0.062074 0.0260 0.0260 0.0260
v -0.524191 -0.167490 -0.000001 0.0260 0.0260 0.0260
v -0.591842 -0.118312 -0.000001 0.0260 0.0260 0.0260
v -0.584408 -0.116459 0.110270 0.0260 0.0260 0.0260
v -0.516716 -0.165491 0.103901 0.0260 0.0260 0.0260
v -0.516716 -0.165491 -0.103901 0.0260 0.0260 0.0260
v -0.584408 -0.116459 -0.110271 0.0260 0.0260 0.0260
v 0.086796 0.227893 0.052742 0.0260 0.0260 0.0260
v -0.321032 0.215497 -0.120956 0.0260 0.0260 0.0260
v -0.286079 0.214839 -0.094130 0.0260 0.0260 0.0260
v -0.282307 0.243355 -0.090215 0.0260 0.0260 0.0260
v -0.322213 0.276739 -0.112422 0.0260 0.0260 0.0260
v 0.728520 -0.210120 -0.149886 0.0260 0.0260 0.0260
v 0.708467 -0.222925 -0.065366 0.0260 0.0260 0.0260
v -0.282307 0.243355 0.085696 0.0260 0.0260 0.0260
v -0.286080 0.214839 0.091739 0.0260 0.0260 0.0260
v 0.728520 -0.210120 0.141886 0.0260 0.0260 0.0260
v 0.708467 -0.222925 0.057367 0.0260 0.0260 0.0260
v -0.016474 -0.364699 0.011170 0.0260 0.0260 0.0260
v -0.048221 0.177562 0.085998 0.0260 0.0260 0.0260
v 0.284478 -0.267212 -0.000001 0.0260 0.0260 0.0260
v 0.276875 -0.268653 0.094046 0.0260 0.0260 0.0260
v 0.276875 -0.268652 -0.094047 0.0260 0.0260 0.0260
v -0.451045 -0.088295 0.176474 0.0260 0.0260 0.0260
v -0.442294 -0.130757 0.128468 0.0260 0.0260 0.0260
v -0.485060 -0.145332 0.131850 0.0260 0.0260 0.0260
v -0.526453 -0.104882 0.168871 0.0260 0.0260 0.0260
v -0.395662 -0.077843 0.099847 0.0260 0.0260 0.0260
v -0.734547 0.023727 -0.080420 0.0260 0.0260 0.0260
v -0.734537 0.023280 -0.000000 0.0260 0.0260 0.0260
v -0.734547 0.023727 0.072421 0.0260 0.0260 0.0260
v -0.451045 -0.088294 -0.176474 0.0260 0.0260 0.0260
v -0.526453 -0.104882 -0.168871 0.0260 0.0260 0.0260
v -0.485060 -0.145331 -0.131850 0.0260 0.0260 0.0260
v -0.442293 -0.130757 -0.128468 0.0260 0.0260 0.0260
v -0.395662 -0.077843 -0.099848 0.0260 0.0260 0.0260
v 0.417801 0.348117 -0.000000 0.0260 0.0260 0.0260
v -0.048233 0.190410 -0.002332 0.0260 0.0260 0.0260
v -0.048489 0.200969 0.036003 0.0260 0.0260 0.0260
v -0.048489 0.200969 -0.034754 0.0260 0.0260 0.0260
v -1.142994 0.095276 -0.118945 0.0260 0.0260 0.0260
v -0.083175 -0.211148 0.100452 0.0260 0.0260 0.0260
v -0.083175 -0.211148 -0.100452 0.0260 0.0260 0.0260
v -0.734621 0.024546 -0.081794 0.0260 0.0260 0.0260
v -0.735012 0.039312 -0.079316 0.0260 0.0260 0.0260
v -0.727978 0.157465 -0.092398 0.0260 0.0260 0.0260
v 0.720922 -0.156366 -0.061186 0.0260 0.0260 0.0260
v 0.730084 -0.158169 -0.120884 0.0260 0.0260 0.0260
v 0.720922 -0.156366 0.053186 0.0260 0.0260 0.0260
v 0.730084 -0.158169 0.112885 0.0260 0.0260 0.0260
v -0.734621 0.024546 0.073795 0.0260 0.0260 0.0260
v -0.735012 0.039312 0.075396 0.0260 0.0260 0.0260
v -0.048859 0.214274 0.048997 0.0260 0.0260 0.0260
v -0.049138 0.224691 0.049151 0.0260 0.0260 0.0260
v -1.177752 0.051162 0.043286 0.0260 0.0260 0.0260
v -1.185394 0.041675 0.072862 0.0260 0.0260 0.0260
v -1.176455 0.052918 0.070414 0.0260 0.0260 0.0260
v -0.504358 0.240578 -0.002332 0.0260 0.0260 0.0260
v -0.458574 0.300865 -0.002332 0.0260 0.0260 0.0260
v -0.458508 0.295615 0.046539 0.0260 0.0260 0.0260
v -0.499617 0.241140 0.043410 0.0260 0.0260 0.0260
v -0.458508 0.295615 -0.045290 0.0260 0.0260 0.0260
v -0.499617 0.241140 -0.042161 0.0260 0.0260 0.0260
v -1.185394 0.041675 -0.080862 0.0260 0.0260 0.0260
v -1.177752 0.051162 -0.051286 0.0260 0.0260 0.0260
v -1.176455 0.052918 -0.078413 0.0260 0.0260 0.0260
v -0.048859 0.214274 -0.053375 0.0260 0.0260 0.0260
v -0.049138 0.224691 -0.051542 0.0260 0.0260 0.0260
v -0.727978 0.157465 0.085509 0.0260 0.0260 0.0260
v 0.107351 -0.303308 -0.062074 0.0260 0.0260 0.0260
v -0.864895 0.204754 0.049151 0.0260 0.0260 0.0260
v 0.189986 -0.126457 0.110014 0.0260 0.0260 0.0260
v 0.189986 -0.126457 -0.110014 0.0260 0.0260 0.0260
v -0.728265 0.182542 0.038658 0.0260 0.0260 0.0260
v -0.727990 0.171230 -0.002413 0.0260 0.0260 0.0260
v -0.728265 0.182542 -0.037147 0.0260 0.0260 0.0260
v -0.494087 0.237204 -0.083318 0.0260 0.0260 0.0260
v -0.458073 0.269620 -0.105018 0.0260 0.0260 0.0260
v -0.456970 0.212455 -0.112982 0.0260 0.0260 0.0260
v -0.489703 0.211541 -0.086824 0.0260 0.0260 0.0260
v -0.456100 0.167593 -0.091956 0.0260 0.0260 0.0260
v -0.458073 0.269620 0.100638 0.0260 0.0260 0.0260
v -0.494087 0.237204 0.078939 0.0260 0.0260 0.0260
v -0.456970 0.212455 0.110590 0.0260 0.0260 0.0260
v -0.489703 0.211541 0.084433 0.0260 0.0260 0.0260
v -0.456100 0.167593 0.085366 0.0260 0.0260 0.0260
v -0.728661 0.196797 0.052576 0.0260 0.0260 0.0260
v -0.728661 0.196797 -0.057096 0.0260 0.0260 0.0260
v -0.728960 0.207956 -0.055133 0.0260 0.0260 0.0260
v -0.410211 0.243008 -0.002332 0.0260 0.0260 0.0260
v -0.415063 0.243142 0.043776 0.0260 0.0260 0.0260
v -0.415063 0.243142 -0.042525 0.0260 0.0260 0.0260
v 0.536116 0.316387 -0.000000 0.0260 0.0260 0.0260
v -0.184034 0.163618 -0.092698 0.0260 0.0260 0.0260
v -0.420823 0.238459 0.079910 0.0260 0.0260 0.0260
v -0.424344 0.211844 0.085550 0.0260 0.0260 0.0260
v -0.424344 0.211843 -0.087942 0.0260 0.0260 0.0260
v -0.420823 0.238459 -0.084289 0.0260 0.0260 0.0260
v -0.184034 0.163617 0.085358 0.0260 0.0260 0.0260
v -0.184046 0.178759 -0.002534 0.0260 0.0260 0.0260
v -0.184349 0.191202 0.042642 0.0260 0.0260 0.0260
v -0.184349 0.191202 -0.040741 0.0260 0.0260 0.0260
v -1.171724 0.058717 -0.000048 0.0260 0.0260 0.0260
v 0.047364 -0.174259 -0.060714 0.0260 0.0260 0.0260
v 0.047364 -0.174259 0.060714 0.0260 0.0260 0.0260
v -0.184785 0.206880 0.057953 0.0260 0.0260 0.0260
v -0.728960 0.207956 0.052742 0.0260 0.0260 0.0260
v -0.184785 0.206880 -0.062687 0.0260 0.0260 0.0260
v -0.185114 0.219157 -0.060527 0.0260 0.0260 0.0260
v -0.591912 0.153649 -0.089951 0.0260 0.0260 0.0260
v -0.548495 -0.050223 0.105061 0.0260 0.0260 0.0260
v -0.504334 -0.051359 0.130118 0.0260 0.0260 0.0260
v -0.504334 -0.051359 -0.130118 0.0260 0.0260 0.0260
v -0.548495 -0.050223 -0.105061 0.0260 0.0260 0.0260
v -0.185114 0.219157 0.058135 0.0260 0.0260 0.0260
v -0.320100 0.167434 -0.093094 0.0260 0.0260 0.0260
v -0.371800 0.245625 -0.002413 0.0260 0.0260 0.0260
v -0.366721 0.246227 -0.045083 0.0260 0.0260 0.0260
v -0.591912 0.153649 0.082613 0.0260 0.0260 0.0260
v -0.084954 -0.217676 0.000000 0.0260 0.0260 0.0260
v 0.259496 0.376739 -0.000000 0.0260 0.0260 0.0260
v -0.320100 0.167433 0.086206 0.0260 0.0260 0.0260
v -0.548147 -0.046543 -0.000001 0.0260 0.0260 0.0260
v 0.110542 -0.189097 0.099054 0.0260 0.0260 0.0260
v 0.110542 -0.189097 -0.099054 0.0260 0.0260 0.0260
v -0.468257 -0.092702 -0.085993 0.0260 0.0260 0.0260
v -0.461187 -0.091536 -0.076638 0.0260 0.0260 0.0260
v -0.455782 -0.090953 -0.056153 0.0260 0.0260 0.0260
v -0.468257 -0.092702 0.085993 0.0260 0.0260 0.0260
v -0.461187 -0.091536 0.076638 0.0260 0.0260 0.0260
v -0.455782 -0.090953 0.056152 0.0260 0.0260 0.0260
v -0.592227 0.181233 0.042642 0.0260 0.0260 0.0260
v -0.591925 0.168790 -0.002534 0.0260 0.0260 0.0260
v -0.592227 0.181233 -0.040741 0.0260 0.0260 0.0260
v 0.223172 -0.337662 0.077837 0.0260 0.0260 0.0260
v 0.223172 -0.337662 -0.077837 0.0260 0.0260 0.0260
v 0.718309 -0.151413 -0.000048 0.0260 0.0260 0.0260
v -0.471511 -0.093702 -0.000001 0.0260 0.0260 0.0260
v -0.360796 0.242011 -0.089175 0.0260 0.0260 0.0260
v -0.356100 0.214516 -0.092933 0.0260 0.0260 0.0260
v -0.537834 0.242523 -0.002534 0.0260 0.0260 0.0260
v -0.543551 0.242682 0.051801 0.0260 0.0260 0.0260
v -0.543551 0.242682 -0.049901 0.0260 0.0260 0.0260
v -0.550340 0.237161 0.094385 0.0260 0.0260 0.0260
v -0.554490 0.205795 0.101033 0.0260 0.0260 0.0260
v -0.592663 0.196912 0.057953 0.0260 0.0260 0.0260
v -0.554490 0.205795 -0.103423 0.0260 0.0260 0.0260
v -0.550340 0.237161 -0.099118 0.0260 0.0260 0.0260
v -0.592663 0.196912 -0.062687 0.0260 0.0260 0.0260
v -0.592992 0.209188 -0.060527 0.0260 0.0260 0.0260
v -0.460371 -0.047173 0.124054 0.0260 0.0260 0.0260
v -0.460370 -0.047173 -0.124054 0.0260 0.0260 0.0260
v -0.592992 0.209188 0.058135 0.0260 0.0260 0.0260
v 0.772685 -0.136756 -0.125570 0.0260 0.0260 0.0260
v -1.169780 -0.019016 -0.061673 0.0260 0.0260 0.0260
v -1.165185 -0.022388 -0.000048 0.0260 0.0260 0.0260
v -1.169780 -0.019016 0.053674 0.0260 0.0260 0.0260
v -0.320112 0.181199 -0.002413 0.0260 0.0260 0.0260
v -0.320387 0.192510 0.038658 0.0260 0.0260 0.0260
v -0.320386 0.192510 -0.037147 0.0260 0.0260 0.0260
v 0.388631 0.331881 -0.000000 0.0260 0.0260 0.0260
v -0.049213 -0.138374 0.000000 0.0260 0.0260 0.0260
v -0.047321 -0.131955 -0.093416 0.0260 0.0260 0.0260
v -0.047321 -0.131955 0.093416 0.0260 0.0260 0.0260
v -0.320783 0.206765 0.052576 0.0260 0.0260 0.0260
v -0.320783 0.206765 -0.057096 0.0260 0.0260 0.0260
v -0.321082 0.217924 -0.055133 0.0260 0.0260 0.0260
v -0.001941 -0.137982 0.104454 0.0260 0.0260 0.0260
v 0.044202 -0.129091 0.096271 0.0260 0.0260 0.0260
v 0.817820 0.289671 -0.000000 0.0260 0.0260 0.0260
v 0.044202 -0.129091 -0.096271 0.0260 0.0260 0.0260
v -0.001941 -0.137982 -0.104452 0.0260 0.0260 0.0260
v 0.173450 -0.174582 -0.078262 0.0260 0.0260 0.0260
v -0.228799 0.245650 0.093240 0.0260 0.0260 0.0260
v -0.235316 0.250289 0.051371 0.0260 0.0260 0.0260
v -0.223634 0.215408 0.099714 0.0260 0.0260 0.0260
v -0.228799 0.245650 -0.097974 0.0260 0.0260 0.0260
v -0.235316 0.250289 -0.049471 0.0260 0.0260 0.0260
v -0.223633 0.215409 -0.102106 0.0260 0.0260 0.0260
v -0.240903 0.249625 -0.002534 0.0260 0.0260 0.0260
v 0.704431 -0.225533 -0.000048 0.0260 0.0260 0.0260
v -0.321082 0.217924 0.052742 0.0260 0.0260 0.0260
v 0.772685 -0.136756 0.117571 0.0260 0.0260 0.0260
v 0.226490 -0.336906 -0.000001 0.0260 0.0260 0.0260
v -0.456367 0.191000 -0.034754 0.0260 0.0260 0.0260
v -0.456111 0.180442 -0.002332 0.0260 0.0260 0.0260
v -0.456367 0.191000 0.036003 0.0260 0.0260 0.0260
v -0.695723 0.043735 -0.128558 0.0260 0.0260 0.0260
v -0.695723 0.043735 0.124637 0.0260 0.0260 0.0260
v -0.690185 0.233387 0.085696 0.0260 0.0260 0.0260
v -0.693958 0.204871 0.091739 0.0260 0.0260 0.0260
v -0.684014 0.238405 0.046982 0.0260 0.0260 0.0260
v -0.693957 0.204871 -0.094130 0.0260 0.0260 0.0260
v -0.690185 0.233387 -0.090215 0.0260 0.0260 0.0260
v -0.684014 0.238405 -0.045473 0.0260 0.0260 0.0260
v -0.678817 0.238260 -0.002413 0.0260 0.0260 0.0260
v -0.456737 0.204305 0.048997 0.0260 0.0260 0.0260
v -0.456737 0.204305 -0.053375 0.0260 0.0260 0.0260
v -0.457016 0.214723 -0.051542 0.0260 0.0260 0.0260
v -0.689473 -0.005671 -0.123615 0.0260 0.0260 0.0260
v -0.681870 -0.026294 -0.097208 0.0260 0.0260 0.0260
v -0.689473 -0.005671 0.115616 0.0260 0.0260 0.0260
v -0.681870 -0.026294 0.089209 0.0260 0.0260 0.0260
v -1.170653 -0.009048 -0.122180 0.0260 0.0260 0.0260
v -1.144428 0.031657 -0.127064 0.0260 0.0260 0.0260
v 0.179209 -0.173277 -0.000001 0.0260 0.0260 0.0260
v 0.173450 -0.174582 0.078262 0.0260 0.0260 0.0260
v -1.144428 0.031657 0.119065 0.0260 0.0260 0.0260
v -1.170653 -0.009048 0.114182 0.0260 0.0260 0.0260
v -0.457016 0.214723 0.049151 0.0260 0.0260 0.0260
v -0.675766 -0.036297 0.000000 0.0260 0.0260 0.0260
v 0.501664 0.302897 -0.000000 0.0260 0.0260 0.0260
v -0.815939 0.038865 -0.127455 0.0260 0.0260 0.0260
v -0.096479 0.250546 -0.002332 0.0260 0.0260 0.0260
v -0.091739 0.251108 0.043410 0.0260 0.0260 0.0260
v -0.091739 0.251108 -0.042161 0.0260 0.0260 0.0260
v -0.815939 0.038865 0.123588 0.0260 0.0260 0.0260
v 0.243818 -0.286418 0.131850 0.0260 0.0260 0.0260
v 0.200091 -0.297793 0.128468 0.0260 0.0260 0.0260
v 0.630402 -0.007583 -0.158025 0.0260 0.0260 0.0260
v 0.609402 -0.011635 -0.107485 0.0260 0.0260 0.0260
v 0.243818 -0.286418 -0.131850 0.0260 0.0260 0.0260
v 0.200091 -0.297793 -0.128468 0.0260 0.0260 0.0260
v 0.044080 -0.279610 0.106795 0.0260 0.0260 0.0260
v 0.088146 -0.264341 0.097847 0.0260 0.0260 0.0260
v 0.044080 -0.279610 -0.106794 0.0260 0.0260 0.0260
v 0.088146 -0.264341 -0.097847 0.0260 0.0260 0.0260
v -0.086208 0.247172 -0.083318 0.0260 0.0260 0.0260
v -0.081825 0.221509 -0.086824 0.0260 0.0260 0.0260
v -0.086208 0.247172 0.078939 0.0260 0.0260 0.0260
v -0.081825 0.221509 0.084433 0.0260 0.0260 0.0260
v -0.828701 0.228491 0.079910 0.0260 0.0260 0.0260
v -0.832223 0.201874 0.085550 0.0260 0.0260 0.0260
v -0.822941 0.233174 0.043776 0.0260 0.0260 0.0260
v -0.832223 0.201874 -0.087942 0.0260 0.0260 0.0260
v -0.828701 0.228491 -0.084289 0.0260 0.0260 0.0260
v -0.822941 0.233174 -0.042525 0.0260 0.0260 0.0260
v -0.818089 0.233040 -0.002332 0.0260 0.0260 0.0260
v -0.802771 -0.027699 0.051510 0.0260 0.0260 0.0260
v -0.796971 -0.037207 -0.000171 0.0260 0.0260 0.0260
v -0.802771 -0.027699 -0.059457 0.0260 0.0260 0.0260
v -0.809999 -0.008097 -0.125734 0.0260 0.0260 0.0260
v -0.809999 -0.008097 0.117786 0.0260 0.0260 0.0260
v 0.151644 -0.140429 0.102910 0.0260 0.0260 0.0260
v 0.151644 -0.140429 -0.102910 0.0260 0.0260 0.0260
v -0.933266 0.027046 -0.125597 0.0260 0.0260 0.0260
v -0.933266 0.027046 0.123144 0.0260 0.0260 0.0260
v -1.026471 0.044876 -0.134765 0.0260 0.0260 0.0260
v 0.047082 0.251979 0.084656 0.0260 0.0260 0.0260
v 0.041157 0.256195 0.046593 0.0260 0.0260 0.0260
v 0.051778 0.224486 0.090542 0.0260 0.0260 0.0260
v -0.002301 -0.286692 0.011170 0.0260 0.0260 0.0260
v 0.004159 -0.281919 -0.073390 0.0260 0.0260 0.0260
v 0.004159 -0.281919 0.063032 0.0260 0.0260 0.0260
v -1.026471 0.044876 0.132373 0.0260 0.0260 0.0260
v -0.928665 -0.010799 0.121166 0.0260 0.0260 0.0260
v -0.923166 -0.024009 0.106394 0.0260 0.0260 0.0260
v 0.036079 0.255593 -0.002413 0.0260 0.0260 0.0260
v 0.041157 0.256195 -0.045083 0.0260 0.0260 0.0260
v -0.928710 -0.008974 -0.124275 0.0260 0.0260 0.0260
v -0.923166 -0.024009 -0.103683 0.0260 0.0260 0.0260
v 0.240307 0.349391 -0.000000 0.0260 0.0260 0.0260
v -0.958218 0.227193 0.094385 0.0260 0.0260 0.0260
v -0.962368 0.195827 0.101033 0.0260 0.0260 0.0260
v -0.951430 0.232713 0.051801 0.0260 0.0260 0.0260
v 0.473064 0.275546 -0.000000 0.0260 0.0260 0.0260
v 0.047082 0.251979 -0.089175 0.0260 0.0260 0.0260
v 0.051778 0.224486 -0.092933 0.0260 0.0260 0.0260
v -0.962368 0.195826 -0.103423 0.0260 0.0260 0.0260
v -0.958218 0.227193 -0.099118 0.0260 0.0260 0.0260
v -0.951429 0.232713 -0.049901 0.0260 0.0260 0.0260
v 0.224326 0.322249 -0.000000 0.0260 0.0260 0.0260
v -0.945712 0.232555 -0.002534 0.0260 0.0260 0.0260
v -0.918718 -0.031301 -0.001058 0.0260 0.0260 0.0260
v -1.019358 -0.011359 -0.126078 0.0260 0.0260 0.0260
v -1.011075 -0.019643 -0.070440 0.0260 0.0260 0.0260
v 0.235174 0.285239 -0.000000 0.0260 0.0260 0.0260
v 0.245022 0.309087 -0.000000 0.0260 0.0260 0.0260
v -1.019358 -0.011359 0.126748 0.0260 0.0260 0.0260
v -1.011075 -0.019643 0.062442 0.0260 0.0260 0.0260
v -1.004417 -0.019208 0.000553 0.0260 0.0260 0.0260
v 0.020681 -0.280848 -0.101784 0.0260 0.0260 0.0260
v -1.112310 0.261068 -0.000000 0.0260 0.0260 0.0260
v -1.133329 0.257499 -0.000000 0.0260 0.0260 0.0260
v 0.369442 0.304533 -0.000000 0.0260 0.0260 0.0260
v 0.020681 -0.280848 0.096659 0.0260 0.0260 0.0260
v 0.404583 -0.069290 -0.057025 0.0260 0.0260 0.0260
v 0.398990 -0.069565 -0.000335 0.0260 0.0260 0.0260
v 0.404583 -0.069290 0.049025 0.0260 0.0260 0.0260
v 0.353460 0.277390 -0.000000 0.0260 0.0260 0.0260
v 0.410089 -0.061748 -0.112379 0.0260 0.0260 0.0260
v 0.408687 -0.014089 -0.116724 0.0260 0.0260 0.0260
v 0.410089 -0.061748 0.104380 0.0260 0.0260 0.0260
v 0.408687 -0.014089 0.108725 0.0260 0.0260 0.0260
v -1.124228 0.202992 -0.000000 0.0260 0.0260 0.0260
v 0.794519 0.271983 -0.000000 0.0260 0.0260 0.0260
v -1.105764 0.360909 -0.000000 0.0260 0.0260 0.0260
v -1.115457 0.316175 -0.000000 0.0260 0.0260 0.0260
v -1.112376 0.346650 -0.000000 0.0260 0.0260 0.0260
v 0.609402 -0.011635 0.099313 0.0260 0.0260 0.0260
v 0.630402 -0.007583 0.149852 0.0260 0.0260 0.0260
v 0.594178 -0.013417 0.000083 0.0260 0.0260 0.0260
v 0.474805 0.245206 -0.000000 0.0260 0.0260 0.0260
v 0.487069 0.262937 -0.000000 0.0260 0.0260 0.0260
v 0.364310 0.240379 -0.000000 0.0260 0.0260 0.0260
v 0.374157 0.264229 -0.000000 0.0260 0.0260 0.0260
v 0.829741 -0.210333 -0.133043 0.0260 0.0260 0.0260
v 0.829741 -0.210333 0.130651 0.0260 0.0260 0.0260
v -1.488069 0.048456 0.047186 0.0260 0.0260 0.0260
v -1.488069 0.048456 -0.047186 0.0260 0.0260 0.0260
v -1.567132 0.037142 0.046144 0.0260 0.0260 0.0260
v 0.772484 0.232196 -0.000000 0.0260 0.0260 0.0260
v 0.794865 0.221096 -0.000000 0.0260 0.0260 0.0260
v -1.567132 0.037142 -0.046144 0.0260 0.0260 0.0260
v -1.478279 0.012473 0.024003 0.0260 0.0260 0.0260
v -1.485026 0.027491 0.040965 0.0260 0.0260 0.0260
v -1.478279 0.012473 -0.024003 0.0260 0.0260 0.0260
v -1.485026 0.027491 -0.040965 0.0260 0.0260 0.0260
v -1.634709 0.028919 0.044652 0.0260 0.0260 0.0260
v -1.638038 0.051991 0.044584 0.0260 0.0260 0.0260
v -1.634709 0.028919 -0.044652 0.0260 0.0260 0.0260
v -1.638038 0.051991 -0.044584 0.0260 0.0260 0.0260
v -1.557458 0.002069 0.023086 0.0260 0.0260 0.0260
v -1.564240 0.017006 0.041198 0.0260 0.0260 0.0260
v -1.557458 0.002069 -0.023086 0.0260 0.0260 0.0260
v -1.564240 0.017006 -0.041198 0.0260 0.0260 0.0260
v -1.627263 0.012339 0.033624 0.0260 0.0260 0.0260
v -1.627263 0.012339 -0.033624 0.0260 0.0260 0.0260
v -1.478083 0.007164 -0.000000 0.0260 0.0260 0.0260
v -1.777626 0.042795 0.049565 0.0260 0.0260 0.0260
v -1.777626 0.042795 -0.049564 0.0260 0.0260 0.0260
v 0.783582 0.199933 -0.000000 0.0260 0.0260 0.0260
v 0.787675 -0.261097 0.000553 0.0260 0.0260 0.0260
v 0.793519 -0.264063 0.061880 0.0260 0.0260 0.0260
v 0.793519 -0.264063 -0.069880 0.0260 0.0260 0.0260
v -1.557285 -0.002828 0.000000 0.0260 0.0260 0.0260
v -1.714005 0.032113 0.044970 0.0260 0.0260 0.0260
v -1.714005 0.032113 -0.044970 0.0260 0.0260 0.0260
v -1.706018 0.001203 0.023440 0.0260 0.0260 0.0260
v -1.711643 0.014155 0.039174 0.0260 0.0260 0.0260
v -1.706018 0.001203 -0.023440 0.0260 0.0260 0.0260
v -1.711643 0.014155 -0.039174 0.0260 0.0260 0.0260
v -1.767513 0.005068 0.024754 0.0260 0.0260 0.0260
v -1.774608 0.021023 0.042730 0.0260 0.0260 0.0260
v -1.767513 0.005068 -0.024754 0.0260 0.0260 0.0260
v -1.774608 0.021023 -0.042730 0.0260 0.0260 0.0260
v -1.627054 0.006513 -0.000000 0.0260 0.0260 0.0260
v -1.705913 -0.003325 0.000000 0.0260 0.0260 0.0260
v -1.767342 -0.000325 0.000000 0.0260 0.0260 0.0260
v 0.803495 -0.259593 -0.124584 0.0260 0.0260 0.0260
v 0.803495 -0.259593 0.125254 0.0260 0.0260 0.0260
vn -0.9997 -0.0244 -0.0000
vn 0.1644 0.9864 -0.0000
vn 0.2125 -0.9772 -0.0000
vn 0.2125 -0.9772 0.0003
vn 0.1645 0.9864 0.0002
vn -0.1242 -0.9923 -0.0000
vn -0.1430 0.9897 -0.0000
vn -0.7567 -0.6537 -0.0000
vn -0.6073 0.7944 -0.0000
vn -0.7568 -0.6536 -0.0000
vn -0.6074 0.7944 -0.0000
vn -0.8395 -0.5434 -0.0000
vn -0.9192 0.3938 -0.0000
vn -0.8395 -0.5433 -0.0000
vn -0.9193 0.3937 -0.0000
vn -0.7546 -0.6562 -0.0000
vn -0.9938 0.1109 -0.0000
vn -0.9546 -0.2979 -0.0000
vn -0.9962 -0.0870 -0.0000
vn -0.9962 -0.0869 -0.0000
vn 0.2619 -0.9651 -0.0000
vn 0.5393 0.8421 -0.0000
vn 0.9818 -0.1897 -0.0000
vn 0.5393 0.8421 -0.0001
vn 0.3953 0.9186 -0.0000
vn 0.3952 0.9186 -0.0000
vn 0.3558 0.9345 -0.0000
vn 0.3559 0.9345 -0.0000
vn 0.0667 0.9978 -0.0000
vn 0.0666 0.9978 -0.0000
vn 0.0698 0.9976 -0.0000
vn 0.0699 0.9976 -0.0000
vn 0.2188 0.9758 -0.0000
vn 0.0701 0.9975 -0.0000
vn -0.9496 -0.3134 -0.0000
vn -0.9962 -0.0873 -0.0000
vn -0.9962 -0.0872 -0.0000
vn -0.9887 0.1500 -0.0000
vn -0.1788 -0.9839 -0.0000
vn -0.0502 -0.9987 -0.0000
vn -0.0501 -0.9987 -0.0000
vn 0.0244 -0.9997 -0.0000
vn 0.0038 -1.0000 -0.0000
vn -0.2125 0.9772 -0.0000
vn -0.2125 0.9772 0.0003
vn -0.0244 0.9997 -0.0000
vn 0.3654 -0.9309 -0.0000
vn 0.1679 -0.9858 -0.0000
vn 0.1678 -0.9858 -0.0000
vn -0.6525 -0.7578 -0.0000
vn 0.5749 -0.8183 -0.0000
vn 0.9419 -0.3358 -0.0000
vn 0.0983 -0.9952 0.0002
vn 0.9796 -0.2010 -0.0000
vn 0.0983 -0.9952 -0.0000
vn 0.0541 -0.9985 -0.0000
vn 0.0542 -0.9985 -0.0000
vn 0.2876 -0.9578 -0.0000
vn 0.0286 -0.9996 -0.0000
vn 0.0285 -0.9996 -0.0000
vn -0.1840 -0.9829 -0.0000
vn 0.0283 -0.9996 -0.0001
vn 0.5637 -0.8260 0.0002
vn 0.5636 -0.8261 -0.0000
vn 0.8958 -0.4444 -0.0000
vn 0.3715 -0.9284 -0.0000
vn 0.5633 -0.8262 -0.0000
vn 0.9672 0.2539 -0.0000
vn 0.9892 0.1467 -0.0000
vn 0.9891 0.1471 -0.0000
vn 0.9208 0.3900 -0.0000
vn 0.8757 0.4828 -0.0000
vn 0.8758 0.4827 -0.0000
vn 0.9996 -0.0288 -0.0000
vn 0.9996 -0.0286 -0.0000
vn 0.9979 0.0643 -0.0000
vn 0.9979 0.0644 -0.0000
vn 0.9781 0.2081 -0.0000
vn 0.9781 0.2082 -0.0000
vn 0.9989 -0.0465 -0.0000
vn -0.1173 -0.9931 -0.0000
vn -0.0409 -0.9992 -0.0000
vn -0.0792 -0.9969 -0.0000
vn -0.0791 -0.9969 -0.0000
vn 0.0001 -1.0000 -0.0000
vn -0.0000 -1.0000 -0.0000
vn 0.1913 -0.9815 -0.0000
vn -0.0000 -0.0000 -1.0000
vn -0.0000 -0.0000 1.0000
vn -0.0053 -1.0000 -0.0000
vn -0.0834 -0.9965 -0.0000
vn -0.0515 -0.9987 -0.0000
vn -0.0516 -0.9987 -0.0000
vn 0.0474 -0.9989 -0.0000
vn -0.1643 -0.9864 -0.0000
vn -0.1644 -0.9864 -0.0000
vn -0.2123 0.9772 -0.0000
vn -0.2124 0.9772 -0.0000
vn 0.2123 -0.9772 -0.0000
vn 0.1643 0.9864 -0.0000
vn 0.2124 -0.9772 -0.0000
vn 0.0080 -0.3281 -0.9446
vn 0.0080 -0.3282 -0.9446
vn 0.0080 -0.3281 0.9446
vn 0.0080 -0.3282 0.9446
vn 0.7610 -0.6488 -0.0000
vn 0.9135 -0.4069 -0.0000
vn 0.9994 -0.0360 -0.0000
vn -0.1643 -0.9864 -0.0003
vn 0.2123 -0.9772 0.0005
vn -0.1644 -0.9864 -0.0002
vn 0.1643 0.9864 0.0002
vn 0.2123 -0.9772 0.0001
vn 0.1643 0.9864 -0.0005
vn 0.2123 -0.9772 0.0003
vn -1.0000 0.0059 -0.0000
vn -0.9754 -0.2205 -0.0000
vn -0.7664 -0.6423 -0.0000
vn -0.7664 -0.6424 -0.0000
vn -0.8073 -0.5901 -0.0000
vn -0.9921 -0.1258 -0.0000
vn -0.9920 -0.1261 -0.0000
vn -0.9957 0.0931 -0.0000
vn -0.9957 0.0929 -0.0000
vn -0.9694 -0.2454 -0.0000
vn -0.8166 -0.5772 -0.0000
vn 0.2124 -0.9772 0.0005
vn -0.1645 -0.9864 -0.0002
vn -0.0000 -0.0002 1.0000
vn 0.0041 -0.1687 0.9857
vn -0.0041 0.1687 0.9857
vn -0.0000 0.0002 1.0000
vn 0.9997 0.0244 -0.0000
vn -0.0235 0.9612 -0.2748
vn -0.0235 0.9612 0.2748
vn -0.0119 0.4854 0.8742
vn -0.0119 0.4854 -0.8742
vn 0.0127 -0.5191 -0.8546
vn 0.0237 -0.9712 -0.2371
vn 0.0237 -0.9712 0.2371
vn 0.0127 -0.5191 0.8546
vn 0.0112 -0.4580 0.8889
vn 0.0112 -0.4580 -0.8889
vn 0.0041 -0.1687 -0.9857
vn -0.0041 0.1687 -0.9857
vn -0.0242 0.9921 -0.1231
vn -0.0242 0.9921 0.1231
vn 0.0242 -0.9921 -0.1231
vn 0.0242 -0.9921 0.1231
vn 0.9950 -0.0998 -0.0000
vn 0.9992 -0.0395 -0.0000
vn 0.9961 0.0882 -0.0000
vn 0.9889 0.1483 -0.0000
vn 0.0022 -0.0896 -0.9960
vn 0.0011 -0.0465 -0.9989
vn 0.0011 -0.0448 -0.9990
vn -0.0011 0.0465 -0.9989
vn -0.0011 0.0448 -0.9990
vn -0.0022 0.0896 -0.9960
vn -0.0011 0.0448 0.9990
vn 0.0011 -0.0465 0.9989
vn 0.0011 -0.0448 0.9990
vn 0.0022 -0.0896 0.9960
vn -0.0011 0.0465 0.9989
vn -0.0022 0.0896 0.9960
vn 0.5624 -0.8268 -0.0000
vn -0.5214 -0.8533 -0.0000
vn 0.9208 -0.3899 -0.0000
vn -0.9007 -0.4344 -0.0000
vn 0.6896 0.7242 -0.0000
vn 0.7242 -0.6896 -0.0000
vn -0.7242 0.6896 -0.0000
vn -0.6896 -0.7242 -0.0000
vn 0.5214 0.8533 -0.0000
vn 0.9007 0.4344 -0.0000
vn -0.5625 0.8268 -0.0000
vn -0.5624 0.8268 -0.0000
vn -0.9209 0.3899 -0.0000
vn -0.9208 0.3899 -0.0000
vn -0.4570 -0.8895 -0.0000
vn 0.4999 -0.8661 -0.0000
vn -0.8269 -0.5623 -0.0000
vn 0.8534 -0.5212 -0.0000
vn 0.4570 0.8895 -0.0000
vn -0.4999 0.8661 -0.0000
vn 0.8270 0.5623 -0.0000
vn -0.8534 0.5212 -0.0000
vn 0.0085 -0.3485 -0.9373
vn -0.0085 0.3485 -0.9373
vn 0.0173 -0.7069 -0.7071
vn -0.6111 -0.7916 -0.0000
vn -0.6167 -0.5642 -0.5490
vn -0.6301 -0.0154 -0.7764
vn -0.6435 0.5334 -0.5490
vn -0.6167 -0.5642 0.5490
vn 0.0173 -0.7069 0.7071
vn -0.6301 -0.0154 0.7764
vn -0.6435 0.5334 0.5490
vn -0.0173 0.7069 0.7071
vn -0.6490 0.7608 -0.0000
vn -0.0173 0.7069 -0.7071
vn -0.9997 -0.0244 -0.0001
vn -0.9997 -0.0245 0.0001
vn -0.9997 -0.0244 0.0001
vn -0.0201 0.8211 -0.5704
vn -0.0146 0.5978 -0.8015
vn -0.0201 0.8211 0.5704
vn -0.0146 0.5978 0.8015
vn 0.0085 -0.3485 0.9373
vn -0.0085 0.3485 0.9373
vn 0.0146 -0.5978 0.8015
vn 0.0146 -0.5978 -0.8015
vn -0.9997 -0.0245 -0.0000
vn -0.7828 0.6037 0.1507
vn -0.7347 0.3856 0.5581
vn -0.7466 0.4278 0.5095
vn -0.7817 0.6037 0.1567
vn -0.6017 -0.1636 0.7818
vn -0.6046 -0.1247 0.7867
vn 0.9777 -0.1875 -0.0948
vn 0.9723 -0.2337 0.0076
vn 0.9805 -0.1726 -0.0939
vn 0.9723 -0.2337 0.0071
vn 0.9768 -0.1870 0.1046
vn 0.9798 -0.1721 0.1016
vn 0.8454 -0.4157 -0.3354
vn 0.8662 -0.3961 -0.3046
vn 0.6328 -0.4597 -0.6231
vn 0.6102 -0.4809 -0.6296
vn 0.8662 -0.3962 0.3046
vn 0.8454 -0.4158 0.3354
vn 0.6145 -0.4788 0.6270
vn 0.6004 -0.4914 0.6309
vn 0.7654 -0.3136 0.5619
vn 0.9047 0.4120 -0.1085
vn 0.9287 0.3707 0.0077
vn 0.8959 0.4298 -0.1121
vn 0.9288 0.3706 0.0071
vn 0.9047 0.4116 0.1103
vn 0.8980 0.4265 0.1086
vn -0.7235 0.3272 0.6079
vn -0.7487 0.4873 0.4495
vn -0.7497 0.4725 0.4634
vn -0.7317 0.6420 0.2289
vn -0.7332 0.6483 0.2051
vn -0.7182 0.3417 0.6061
vn -0.7487 0.4874 -0.4494
vn -0.7317 0.6420 -0.2290
vn -0.7332 0.6484 -0.2051
vn -0.7497 0.4725 -0.4634
vn -0.7235 0.3272 -0.6078
vn -0.7182 0.3418 -0.6061
vn 0.4750 -0.4360 -0.7644
vn 0.7015 -0.2358 -0.6725
vn 0.4601 -0.4466 -0.7674
vn -0.7417 0.6707 -0.0000
vn -0.7417 0.6708 -0.0001
vn 0.8229 -0.5502 -0.1422
vn 0.8399 -0.4914 -0.2304
vn 0.8373 -0.3082 -0.4515
vn 0.8372 -0.3082 -0.4518
vn 0.9315 0.1577 -0.3279
vn 0.9362 0.1814 -0.3012
vn 0.8399 -0.4921 0.2288
vn 0.8229 -0.5503 0.1412
vn 0.8372 -0.3086 0.4516
vn 0.8372 -0.3081 0.4518
vn 0.9388 0.2226 0.2628
vn 0.9334 0.1864 0.3067
vn 0.7890 -0.2755 -0.5491
vn 0.4585 -0.4502 0.7662
vn 0.4363 -0.4650 0.7703
vn 0.6658 -0.2800 0.6916
vn 0.7759 -0.0533 0.6286
vn 0.8018 0.0952 0.5900
vn 0.7741 -0.0608 0.6302
vn -0.6642 -0.7476 -0.0000
vn -0.6443 -0.6532 0.3979
vn -0.6516 -0.6793 0.3376
vn -0.6443 -0.6532 -0.3979
vn -0.6516 -0.6793 -0.3377
vn 0.6374 -0.0654 0.7678
vn 0.6336 -0.0765 0.7699
vn 0.7051 0.2511 0.6632
vn -0.7182 0.3537 0.5993
vn -0.7446 0.5003 0.4420
vn -0.7454 0.4909 0.4510
vn -0.7230 0.6579 0.2109
vn -0.7237 0.6629 0.1919
vn -0.7114 0.3735 0.5954
vn -0.7446 0.5002 -0.4420
vn -0.7230 0.6579 -0.2109
vn -0.7237 0.6629 -0.1919
vn -0.7454 0.4909 -0.4509
vn -0.7182 0.3537 -0.5993
vn -0.7113 0.3735 -0.5954
vn 0.7698 -0.0556 -0.6359
vn 0.7675 -0.0653 -0.6378
vn 0.8027 0.1496 -0.5774
vn -0.6836 -0.7298 -0.0000
vn -0.6764 -0.6437 0.3579
vn -0.6797 -0.6627 0.3143
vn -0.6764 -0.6437 -0.3579
vn -0.6797 -0.6627 -0.3143
vn 0.6418 -0.0626 -0.7643
vn 0.7047 0.3060 -0.6401
vn 0.6403 -0.0678 -0.7651
vn -0.7300 0.6834 -0.0000
vn -0.7301 0.6833 -0.0000
vn -0.6904 0.4110 0.5953
vn -0.6904 0.4110 -0.5953
vn 0.7171 -0.0980 0.6900
vn 0.7265 -0.0652 0.6841
vn 0.7265 -0.0651 0.6841
vn 0.7170 -0.0985 0.6901
vn 0.7171 -0.0980 -0.6900
vn 0.7265 -0.0652 -0.6841
vn 0.7170 -0.0984 -0.6901
vn 0.7264 -0.0652 -0.6841
vn -0.6680 -0.3803 0.6396
vn -0.6903 0.1253 0.7126
vn -0.6917 0.0695 0.7188
vn -0.6670 -0.3925 0.6333
vn -0.6902 0.1249 -0.7127
vn -0.6681 -0.3803 -0.6396
vn -0.6917 0.0695 -0.7189
vn -0.6670 -0.3925 -0.6333
vn 0.4770 -0.6917 0.5423
vn 0.4736 -0.7010 0.5331
vn 0.3365 -0.9324 0.1318
vn 0.3364 -0.9325 0.1313
vn 0.4687 -0.6978 -0.5416
vn 0.4665 -0.7036 -0.5360
vn 0.3387 -0.9306 -0.1387
vn 0.3389 -0.9306 -0.1384
vn -0.7406 0.6719 -0.0000
vn -0.7455 0.6174 -0.2512
vn -0.7435 0.5816 -0.3301
vn -0.7407 0.6719 -0.0000
vn -0.7435 0.5817 0.3300
vn -0.7455 0.6174 0.2512
vn 0.7701 -0.6379 -0.0008
vn -0.6153 -0.3812 0.6900
vn -0.6225 0.1164 0.7739
vn -0.6243 0.0759 0.7775
vn -0.6144 -0.4096 0.6743
vn -0.6225 0.1164 -0.7739
vn -0.6153 -0.3812 -0.6900
vn -0.6243 0.0759 -0.7775
vn -0.6144 -0.4096 -0.6743
vn -0.6756 -0.7373 -0.0000
vn -0.6692 -0.5982 0.4407
vn -0.6755 -0.7374 -0.0000
vn -0.6770 -0.6358 0.3707
vn -0.6692 -0.5982 -0.4407
vn -0.6771 -0.6357 -0.3707
vn -0.7090 0.1622 0.6863
vn -0.7315 0.3524 0.5838
vn 0.6474 0.3869 0.6566
vn 0.6474 0.3870 0.6566
vn -0.7315 0.3524 -0.5838
vn -0.7090 0.1621 -0.6863
vn 0.6474 0.3870 -0.6566
vn 0.6474 0.3869 -0.6566
vn -0.6738 0.4674 0.5722
vn -0.6738 0.4674 -0.5722
vn 0.8263 -0.5632 -0.0000
vn 0.7360 -0.5877 0.3360
vn 0.7589 -0.5875 0.2809
vn 0.7589 -0.5875 -0.2808
vn 0.7360 -0.5877 -0.3360
vn -0.6196 0.4980 0.6067
vn -0.6196 0.4980 -0.6067
vn 0.7427 0.5437 -0.3909
vn 0.6983 0.6870 -0.2008
vn 0.6596 0.7450 -0.0992
vn 0.7429 0.5439 -0.3903
vn -0.6794 -0.7338 -0.0000
vn -0.6638 -0.6471 0.3749
vn -0.6788 -0.7343 -0.0000
vn -0.6693 -0.6702 0.3206
vn -0.6639 -0.6471 -0.3749
vn -0.6693 -0.6703 -0.3206
vn 0.6982 0.6876 0.1993
vn 0.7426 0.5438 0.3909
vn 0.6596 0.7452 0.0980
vn 0.7428 0.5439 0.3904
vn 0.6581 -0.2638 0.7052
vn 0.6775 -0.2157 0.7032
vn 0.5486 -0.4500 0.7046
vn 0.4914 -0.5164 0.7013
vn -0.7349 0.6782 -0.0000
vn -0.7247 0.6588 -0.2018
vn -0.7230 0.6524 -0.2272
vn -0.7230 0.6524 0.2272
vn -0.7247 0.6588 0.2018
vn -0.6703 0.1866 0.7182
vn -0.6681 0.2083 0.7143
vn -0.6703 0.1866 -0.7183
vn -0.6681 0.2083 -0.7143
vn -0.9804 -0.1583 -0.1171
vn -0.9885 -0.1511 0.0037
vn -0.9806 -0.1582 -0.1156
vn -0.9885 -0.1515 0.0037
vn -0.9802 -0.1580 0.1196
vn -0.9800 -0.1581 0.1209
vn -0.7373 0.4887 0.4664
vn -0.7378 0.4557 0.4980
vn -0.7374 0.4886 -0.4664
vn -0.7377 0.4557 -0.4981
vn -0.7012 0.2686 0.6604
vn -0.7018 0.2670 0.6605
vn -0.7012 0.2686 -0.6604
vn -0.7017 0.2670 -0.6605
vn -0.6105 -0.2588 0.7486
vn -0.6098 -0.1977 0.7675
vn -0.6104 -0.2588 -0.7486
vn -0.6098 -0.1976 -0.7675
vn -0.5503 0.4987 0.6697
vn -0.5503 0.4987 -0.6697
vn 0.3439 -0.9390 0.0041
vn 0.3440 -0.9390 0.0039
vn -0.6499 -0.3622 0.6682
vn -0.6604 0.1564 0.7345
vn -0.6614 0.1254 0.7395
vn -0.6486 -0.3888 0.6543
vn -0.7065 0.3174 0.6326
vn -0.7396 0.4899 0.4616
vn -0.7402 0.4688 0.4820
vn -0.7288 0.6443 0.2318
vn -0.7304 0.6504 0.2085
vn -0.7040 0.3252 0.6313
vn -0.6604 0.1565 -0.7344
vn -0.6498 -0.3622 -0.6682
vn -0.6614 0.1254 -0.7395
vn -0.6487 -0.3888 -0.6543
vn -0.7396 0.4897 -0.4617
vn -0.7288 0.6443 -0.2318
vn -0.7304 0.6503 -0.2091
vn -0.7402 0.4688 -0.4820
vn -0.7065 0.3174 -0.6326
vn -0.7041 0.3252 -0.6313
vn -0.7398 0.6728 -0.0000
vn -0.7399 0.6727 -0.0000
vn -0.5975 0.2113 0.7735
vn -0.5982 0.1889 0.7788
vn -0.5976 0.2113 -0.7734
vn -0.5982 0.1890 -0.7788
vn 0.7538 -0.6444 -0.1286
vn 0.7643 -0.6448 0.0042
vn 0.7538 -0.6443 -0.1290
vn 0.7643 -0.6449 0.0039
vn 0.7534 -0.6439 0.1332
vn 0.7535 -0.6439 0.1329
vn 0.6775 -0.2157 -0.7032
vn 0.5486 -0.4500 -0.7046
vn 0.6583 -0.2634 -0.7052
vn 0.4914 -0.5164 -0.7013
vn 0.3778 -0.6267 -0.6815
vn -0.6892 0.3068 0.6564
vn -0.6892 0.3068 -0.6564
vn 0.5616 0.2639 -0.7842
vn 0.7461 -0.3644 -0.5572
vn 0.7504 -0.3828 -0.5388
vn 0.5638 0.2528 -0.7863
vn -0.6739 -0.7388 -0.0000
vn -0.6598 -0.6446 0.3862
vn -0.6738 -0.7389 -0.0000
vn -0.6650 -0.6678 0.3345
vn -0.6598 -0.6446 -0.3861
vn -0.6650 -0.6678 -0.3345
vn 0.5670 0.2454 0.7863
vn 0.7461 -0.3644 0.5572
vn 0.5705 0.2257 0.7897
vn 0.7504 -0.3828 0.5388
vn -0.6307 0.4082 0.6600
vn 0.2509 -0.6051 -0.7556
vn 0.5595 -0.5098 -0.6535
vn 0.2396 -0.6072 -0.7576
vn -0.6307 0.4082 -0.6600
vn -0.8499 0.0841 -0.5202
vn -0.8496 0.0844 -0.5206
vn -0.3820 0.5428 -0.7480
vn -0.3903 0.5335 -0.7504
vn -0.8498 0.0841 0.5204
vn -0.8496 0.0844 0.5206
vn -0.3959 0.5299 0.7500
vn -0.4106 0.5126 0.7541
vn 0.2216 -0.6188 0.7536
vn 0.1968 -0.6233 0.7568
vn 0.5429 -0.5186 0.6605
vn -0.5669 0.4624 0.6818
vn -0.5669 0.4624 -0.6818
vn -0.6413 -0.3739 0.6700
vn -0.6616 0.1395 0.7368
vn -0.6628 0.0933 0.7429
vn -0.6401 -0.3945 0.6593
vn -0.6615 0.1394 -0.7369
vn -0.6413 -0.3739 -0.6700
vn -0.6629 0.0933 -0.7429
vn -0.6401 -0.3945 -0.6593
vn -0.6806 0.3939 0.6177
vn -0.6806 0.3940 -0.6177
vn -0.5922 0.5250 0.6112
vn -0.5922 0.5251 -0.6112
vn 0.8764 -0.4816 -0.0000
vn 0.7338 -0.4862 0.4745
vn 0.8764 -0.4815 -0.0000
vn 0.7946 -0.4948 0.3519
vn 0.7946 -0.4948 -0.3519
vn 0.7337 -0.4862 -0.4746
vn 0.7237 0.1179 0.6800
vn 0.7237 0.1179 -0.6800
vn -0.5860 0.5316 0.6115
vn -0.5860 0.5316 -0.6115
vn 0.6038 0.7971 -0.0011
vn 0.6046 0.7966 -0.0008
vn 0.7149 0.0038 0.6992
vn 0.6340 -0.3508 0.6892
vn 0.6346 -0.3487 0.6897
vn 0.7153 0.0077 0.6988
vn 0.7149 0.0040 -0.6992
vn 0.6340 -0.3507 -0.6892
vn 0.7153 0.0078 -0.6988
vn 0.6346 -0.3487 -0.6897
vn 0.6834 0.2508 0.6856
vn 0.6836 0.2514 0.6852
vn 0.6835 0.2510 0.6855
vn 0.6836 0.2513 0.6852
vn 0.6835 0.2509 0.6855
vn 0.6834 0.2508 -0.6856
vn 0.6836 0.2513 -0.6852
vn 0.6834 0.2510 -0.6855
vn 0.8989 -0.4256 0.1042
vn 0.9067 -0.4149 0.0761
vn 0.9270 -0.3749 0.0066
vn 0.9271 -0.3748 0.0069
vn 0.9137 -0.4023 -0.0579
vn 0.9103 -0.4071 -0.0749
vn 0.3930 -0.6958 -0.6012
vn 0.3645 -0.7060 -0.6072
vn 0.5545 -0.6213 -0.5536
vn -0.7982 0.6023 -0.0047
vn -0.7981 0.6025 -0.0047
vn -0.7818 0.6063 -0.1453
vn -0.7810 0.6065 -0.1494
vn 0.6098 -0.5655 -0.5554
vn 0.7378 -0.5283 -0.4203
vn 0.8547 -0.4672 0.2262
vn 0.8544 -0.4674 0.2269
vn -0.7527 0.4227 -0.5047
vn -0.5890 -0.2071 -0.7811
vn -0.7392 0.3729 -0.5609
vn -0.5908 -0.1877 -0.7847
vn -0.7348 0.3856 0.5581
vn -0.5952 -0.2069 0.7765
vn -0.5973 -0.1897 0.7793
vn -0.6497 -0.7493 0.1284
vn -0.7007 -0.4765 0.5309
vn -0.6499 -0.7493 0.1272
vn -0.7005 -0.4807 0.5274
vn -0.6365 0.1639 0.7537
vn -0.6369 0.1465 0.7569
vn -0.6515 -0.7466 -0.1350
vn -0.6948 -0.4857 -0.5304
vn -0.6948 -0.4859 -0.5302
vn -0.6516 -0.7466 -0.1341
vn -0.6396 0.1679 -0.7501
vn -0.6402 0.1560 -0.7522
vn 0.7697 0.6383 -0.0049
vn 0.7545 0.6377 0.1551
vn 0.7532 0.6375 0.1619
vn 0.7696 0.6385 -0.0049
vn 0.7525 0.6403 -0.1544
vn 0.7537 0.6400 -0.1497
vn 0.6295 -0.3135 0.7109
vn 0.6340 -0.2995 0.7130
vn 0.6282 -0.3178 0.7102
vn 0.6282 -0.3178 -0.7102
vn 0.6340 -0.2995 -0.7130
vn 0.6295 -0.3135 -0.7109
vn 0.6026 -0.3745 0.7047
vn 0.6814 -0.1862 0.7079
vn 0.5548 -0.4477 0.7013
vn 0.6922 -0.1426 0.7074
vn 0.4602 -0.4266 0.7786
vn 0.6392 -0.3405 0.6895
vn 0.4725 -0.4216 0.7739
vn 0.4602 -0.4266 -0.7786
vn 0.4725 -0.4216 -0.7739
vn 0.6392 -0.3405 -0.6895
vn 0.0850 0.6624 -0.7443
vn 0.4141 0.6463 -0.6409
vn 0.1021 0.6635 -0.7412
vn 0.6061 -0.3657 0.7064
vn 0.5928 -0.3880 0.7057
vn 0.5924 -0.3882 -0.7060
vn 0.6061 -0.3656 -0.7064
vn 0.5710 0.8147 -0.1012
vn 0.7183 0.6174 0.3209
vn 0.5828 0.8061 -0.1023
vn 0.7219 0.6053 0.3355
vn 0.6832 0.3126 0.6599
vn 0.6839 0.3100 0.6604
vn 0.6219 0.4956 0.6063
vn 0.5840 -0.1324 -0.8009
vn 0.7147 0.4016 -0.5727
vn 0.5846 -0.1011 -0.8050
vn 0.7284 0.4569 -0.5105
vn 0.7219 0.6053 -0.3355
vn 0.5701 0.8142 0.1096
vn 0.7183 0.6174 -0.3209
vn 0.6750 0.3363 -0.6567
vn 0.6780 0.3255 -0.6590
vn 0.5991 0.5364 -0.5945
vn 0.5819 0.8054 0.1127
vn 0.5547 -0.4478 -0.7013
vn 0.6026 -0.3745 -0.7047
vn 0.4564 -0.5720 -0.6816
vn 0.6809 -0.1864 -0.7082
vn 0.6925 -0.1426 -0.7072
vn 0.5895 -0.1370 0.7961
vn 0.7099 0.4139 0.5698
vn 0.7221 0.4613 0.5155
vn 0.5911 -0.1051 0.7997
vn 0.3478 -0.4990 0.7938
vn 0.2414 -0.5341 0.8102
vn 0.3479 -0.4990 -0.7937
vn 0.2413 -0.5341 -0.8102
vn 0.0399 0.6674 0.7436
vn 0.0711 0.6696 0.7393
vn 0.3963 0.6508 0.6477
vn -0.6601 -0.7512 0.0037
vn -0.6599 -0.7514 0.0038
vn -0.5839 0.2548 0.7708
vn -0.4854 0.4969 0.7194
vn -0.5852 0.2489 0.7718
vn -0.4472 0.5530 0.7030
vn -0.4472 0.5530 -0.7030
vn -0.5839 0.2548 -0.7708
vn -0.4854 0.4969 -0.7194
vn -0.5852 0.2489 -0.7718
vn 0.8867 -0.4623 -0.0000
vn 0.8858 -0.4626 0.0373
vn 0.8859 -0.4624 0.0372
vn 0.8865 -0.4627 -0.0000
vn 0.8859 -0.4624 -0.0372
vn 0.8858 -0.4626 -0.0372
vn 0.3248 -0.6661 0.6714
vn 0.3833 -0.6499 0.6563
vn -0.1761 -0.7361 0.6536
vn -0.2496 -0.7358 0.6295
vn -0.5670 -0.6763 0.4703
vn 0.3248 -0.6661 -0.6714
vn 0.3833 -0.6499 -0.6563
vn -0.1761 -0.7360 -0.6536
vn -0.2496 -0.7358 -0.6295
vn -0.5670 -0.6763 -0.4703
vn 0.6252 0.2292 0.7461
vn 0.6249 0.2296 0.7462
vn 0.6250 0.2293 0.7462
vn 0.6248 0.2297 0.7463
vn 0.6249 0.2296 -0.7462
vn 0.6251 0.2292 -0.7461
vn 0.6249 0.2295 -0.7462
vn -0.6419 0.1049 0.7596
vn -0.5836 -0.3495 0.7330
vn -0.5826 -0.3528 0.7322
vn -0.5828 -0.3526 0.7321
vn -0.6414 0.1052 0.7599
vn -0.6419 0.1049 -0.7596
vn -0.5826 -0.3528 -0.7322
vn -0.5836 -0.3495 -0.7330
vn -0.6415 0.1052 -0.7598
vn 0.4625 -0.5555 0.6911
vn 0.3472 -0.6101 0.7122
vn 0.7388 -0.3561 0.5722
vn 0.4625 -0.5556 -0.6910
vn 0.7388 -0.3561 -0.5722
vn 0.3472 -0.6101 -0.7122
vn 0.6226 0.7825 0.0081
vn 0.6227 0.7824 0.0074
vn -0.7983 0.6022 -0.0047
vn -0.7981 0.6024 -0.0047
vn -0.7819 0.6063 -0.1453
vn -0.6868 0.7186 0.1093
vn -0.8074 0.5020 -0.3100
vn -0.6982 0.7072 0.1111
vn -0.8104 0.4829 -0.3318
vn -0.7300 0.2223 -0.6462
vn -0.7308 0.2156 -0.6476
vn -0.5975 -0.1782 0.7818
vn -0.5977 -0.1763 0.7821
vn 0.4859 0.5307 0.6945
vn -0.5925 0.4747 0.6509
vn -0.5975 -0.1781 -0.7818
vn -0.5977 -0.1763 -0.7821
vn 0.4145 -0.4931 0.7649
vn 0.6049 -0.4383 0.6649
vn 0.4219 -0.4915 0.7618
vn 0.4145 -0.4931 -0.7649
vn 0.4219 -0.4916 -0.7618
vn 0.6049 -0.4383 -0.6649
vn -0.5736 0.5253 -0.6286
vn 0.6516 0.0042 0.7585
vn 0.6290 -0.1318 0.7662
vn 0.6518 0.0056 0.7584
vn 0.6192 -0.1696 0.7667
vn 0.5692 -0.3488 0.7445
vn 0.5812 -0.3146 0.7505
vn -0.6838 0.7209 -0.1130
vn -0.7348 0.6783 0.0078
vn -0.6981 0.7076 -0.1094
vn -0.7348 0.6783 0.0072
vn -0.7955 0.5424 0.2700
vn -0.8020 0.5107 0.3099
vn -0.7351 0.2277 0.6386
vn -0.7357 0.2222 0.6398
vn -0.7073 0.3782 0.5973
vn 0.6516 0.0041 -0.7585
vn 0.5692 -0.3489 -0.7445
vn 0.6518 0.0056 -0.7584
vn 0.5812 -0.3145 -0.7505
vn 0.6290 -0.1318 -0.7661
vn 0.6192 -0.1696 -0.7667
vn 0.4625 0.5753 -0.6746
vn -0.6669 -0.3519 0.6568
vn -0.6737 -0.6690 0.3139
vn -0.6744 -0.6795 0.2890
vn -0.6667 -0.3044 0.6803
vn -0.6758 -0.3222 -0.6629
vn -0.6766 -0.3695 -0.6369
vn -0.6720 -0.6824 -0.2875
vn -0.6724 -0.6895 -0.2693
vn 0.5030 -0.5004 0.7047
vn 0.4398 -0.5610 0.7013
vn -0.2556 0.7383 0.6242
vn -0.1878 0.7749 0.6035
vn -0.6495 0.1701 0.7411
vn -0.6498 0.1567 0.7437
vn -0.6480 0.1747 -0.7413
vn -0.6482 0.1626 -0.7439
vn -0.6016 -0.1150 -0.7905
vn -0.6015 -0.0719 -0.7956
vn -0.5858 -0.3206 -0.7443
vn 0.7697 0.6384 -0.0049
vn 0.7546 0.6376 0.1550
vn 0.7536 0.6401 -0.1497
vn -0.1017 -0.8257 0.5549
vn 0.1549 -0.7773 0.6098
vn 0.1283 -0.7794 0.6132
vn -0.0271 -0.8082 0.5883
vn 0.1550 -0.7772 -0.6099
vn -0.1018 -0.8257 -0.5549
vn 0.1285 -0.7789 -0.6138
vn -0.0270 -0.8082 -0.5883
vn -0.6064 -0.1236 0.7855
vn -0.6083 -0.0746 0.7902
vn -0.5706 -0.3813 0.7274
vn -0.6624 -0.7491 -0.0016
vn -0.6624 -0.7491 -0.0017
vn 0.5870 -0.1023 -0.8031
vn 0.7147 0.4015 -0.5727
vn 0.5867 -0.0656 -0.8072
vn 0.5923 -0.1097 0.7982
vn 0.7100 0.4139 0.5698
vn 0.5934 -0.0696 0.8019
vn -0.1878 0.7749 -0.6035
vn -0.2556 0.7383 -0.6242
vn -0.0567 0.8306 -0.5539
vn -0.6132 0.4537 -0.6467
vn -0.6131 0.4537 0.6467
vn -0.6498 -0.7283 -0.2175
vn -0.7044 -0.4213 -0.5713
vn -0.7044 -0.4419 -0.5555
vn -0.6494 -0.7270 -0.2231
vn -0.6471 0.1806 -0.7407
vn -0.6474 0.1714 -0.7426
vn -0.6481 -0.7259 0.2302
vn -0.7006 -0.4481 0.5554
vn -0.6477 -0.7248 0.2349
vn -0.7004 -0.4578 0.5476
vn -0.6568 0.1488 0.7392
vn -0.6573 0.1264 0.7430
vn -0.6892 0.4294 -0.5837
vn -0.7982 0.6024 -0.0047
vn -0.7817 0.6065 -0.1453
vn -0.7809 0.6065 -0.1494
vn 0.3427 -0.5993 0.7235
vn 0.2100 -0.6362 0.7424
vn 0.6593 -0.4455 0.6057
vn 0.3427 -0.5994 -0.7234
vn 0.6592 -0.4455 -0.6057
vn 0.2102 -0.6364 -0.7422
vn 0.3379 -0.7086 0.6194
vn 0.5405 -0.6298 0.5579
vn 0.3227 -0.7129 0.6226
vn 0.1671 -0.7453 0.6455
vn 0.1673 -0.7451 0.6456
vn -0.6627 -0.7488 0.0107
vn -0.6626 -0.7489 0.0124
vn -0.0836 0.8269 0.5561
vn -0.0202 0.8417 0.5396
vn 0.1378 0.8620 0.4879
vn -0.5958 -0.1628 -0.7865
vn -0.5976 -0.1263 -0.7918
vn -0.7484 0.6510 0.1266
vn -0.7407 0.6718 0.0003
vn -0.7479 0.6550 0.1079
vn -0.7408 0.6718 0.0003
vn -0.7485 0.6576 -0.0856
vn -0.7511 0.6469 -0.1317
vn -0.6012 -0.1669 0.7815
vn -0.6042 -0.1292 0.7863
vn 0.4398 -0.5610 -0.7013
vn 0.5030 -0.5004 -0.7047
vn 0.3161 -0.6600 -0.6816
vn -0.7650 -0.6439 -0.0098
vn -0.7273 -0.6691 0.1529
vn -0.7087 -0.6853 0.1678
vn -0.7651 -0.6438 -0.0082
vn -0.7135 -0.6825 -0.1585
vn -0.7274 -0.6686 -0.1546
vn -0.6140 0.4511 0.6477
vn -0.6080 0.4687 -0.6409
vn -0.7705 0.4475 0.4539
vn -0.7705 0.4488 0.4527
vn 0.1561 0.7592 0.6319
vn 0.3859 0.7301 0.5639
vn 0.1682 0.7587 0.6293
vn 0.7697 0.6384 -0.0050
vn 0.7545 0.6377 0.1552
vn 0.7533 0.6375 0.1619
vn -0.7692 0.4469 -0.4567
vn -0.7687 0.4336 -0.4701
vn -0.7511 0.6468 -0.1323
vn 0.1124 -0.5592 0.8214
vn 0.0084 -0.5791 0.8152
vn -0.7228 -0.6910 -0.0075
vn -0.7488 -0.6435 -0.1589
vn -0.6996 -0.3680 -0.6124
vn -0.0870 -0.5465 -0.8329
vn -0.2220 -0.6383 -0.7371
vn 0.1883 -0.4180 -0.8887
vn 0.2589 -0.4469 -0.8563
vn -0.3975 -0.8363 -0.3776
vn -0.3963 -0.8848 -0.2450
vn 0.0084 -0.5791 -0.8152
vn 0.1124 -0.5592 -0.8214
vn 0.3778 -0.6267 0.6815
vn 0.1163 -0.5452 0.8302
vn -0.1634 -0.6847 0.7102
vn 0.2130 -0.5158 0.8298
vn -0.2459 -0.7309 0.6366
vn -0.3890 -0.8904 0.2364
vn -0.3890 -0.8636 0.3206
vn 0.5469 -0.3433 0.7635
vn 0.5046 -0.4089 0.7604
vn -0.7563 -0.6484 0.0863
vn -0.7134 -0.6827 -0.1583
vn -0.7783 -0.5903 0.2139
vn -0.7564 -0.6484 0.0865
vn -0.6957 -0.3066 0.6496
vn -0.6937 -0.3109 0.6497
vn -0.7785 -0.5900 0.2140
vn 0.0543 -0.6768 0.7342
vn 0.3356 -0.5762 0.7452
vn 0.1606 -0.6507 0.7421
vn 0.1603 -0.6509 0.7420
vn 0.3356 -0.5763 0.7451
vn 0.0240 -0.6902 0.7232
vn 0.3358 -0.5761 -0.7452
vn 0.0538 -0.6769 -0.7341
vn 0.1605 -0.6509 -0.7420
vn 0.0240 -0.6903 -0.7231
vn 0.5784 -0.1771 -0.7963
vn 0.5794 -0.1622 -0.7987
vn 0.5846 -0.1772 0.7917
vn 0.5857 -0.1653 0.7935
vn -0.6553 -0.3421 -0.6735
vn -0.6559 -0.3880 -0.6475
vn -0.6607 -0.6785 -0.3212
vn -0.6625 -0.6912 -0.2888
vn -0.6372 0.1584 -0.7543
vn -0.6375 0.1381 -0.7580
vn -0.6544 -0.4036 0.6395
vn -0.6599 -0.6771 0.3258
vn -0.6616 -0.6900 0.2935
vn -0.6542 -0.3682 0.6606
vn -0.6458 0.1283 0.7527
vn -0.6463 0.0947 0.7572
vn 0.7916 -0.6110 -0.0097
vn 0.7543 -0.6387 0.1519
vn 0.7916 -0.6110 -0.0081
vn 0.7363 -0.6559 0.1663
vn 0.7544 -0.6382 -0.1537
vn 0.7408 -0.6530 -0.1575
vn -0.6753 0.2480 0.6946
vn -0.6707 0.2587 0.6951
vn -0.6752 0.2516 -0.6934
vn -0.6705 0.2621 -0.6940
vn -0.7407 0.6718 -0.0022
vn -0.7246 0.6862 -0.0648
vn -0.7249 0.6859 -0.0641
vn -0.7407 0.6718 -0.0019
vn -0.8010 0.4469 -0.3984
vn -0.8017 0.4386 -0.4061
vn -0.7410 0.2613 -0.6185
vn -0.7447 0.2392 -0.6231
vn -0.0567 0.8306 0.5539
vn -0.8127 0.3926 0.4307
vn -0.7244 0.6865 0.0627
vn -0.7249 0.6861 0.0618
vn -0.8114 0.4105 0.4161
vn -0.7438 0.1988 0.6382
vn -0.7440 0.1972 0.6384
vn -0.6986 -0.3654 -0.6152
vn -0.6822 -0.3139 -0.6603
vn -0.6995 -0.3683 -0.6124
vn -0.6620 -0.7495 0.0044
vn -0.6627 -0.7489 0.0049
vn -0.5161 -0.5402 -0.6647
vn 0.7752 -0.6116 -0.1584
vn 0.7510 -0.6602 -0.0107
vn 0.7508 -0.6604 -0.0103
vn 0.7753 -0.6114 -0.1584
vn 0.7012 -0.3911 -0.5961
vn 0.7819 -0.6175 0.0856
vn 0.8020 -0.5592 0.2101
vn 0.6995 -0.3374 0.6299
vn 0.6981 -0.3411 0.6295
vn 0.8020 -0.5590 0.2104
vn 0.5525 -0.4027 -0.7298
vn -0.1623 0.8151 0.5561
vn -0.1007 0.8359 0.5396
vn 0.0547 0.8712 0.4878
vn -0.7985 0.6020 -0.0048
vn -0.7827 0.6038 0.1509
vn -0.6029 0.4435 0.6633
vn -0.6658 -0.3667 0.6498
vn -0.5972 0.4607 -0.6565
vn -0.4974 -0.5825 0.6428
vn 0.5047 -0.4088 -0.7604
vn 0.5470 -0.3433 -0.7635
vn 0.4177 -0.5236 -0.7426
vn 0.5358 -0.4579 0.7094
vn -0.5885 -0.2102 -0.7807
vn -0.5902 -0.1923 -0.7840
vn -0.5948 -0.2096 0.7761
vn -0.5967 -0.1941 0.7787
vn 0.2479 -0.7400 -0.6253
vn 0.2480 -0.7399 -0.6253
vn -0.1191 -0.6386 0.7603
vn -0.1148 -0.6374 0.7620
vn -0.1191 -0.6386 -0.7603
vn -0.1148 -0.6374 -0.7620
vn -0.7087 -0.6853 0.1677
vn -0.7651 -0.6438 -0.0083
vn -0.7274 -0.6686 -0.1545
vn -0.6937 0.4484 0.5637
vn -0.6025 0.3962 0.6929
vn -0.6025 0.3962 -0.6928
vn -0.6875 0.4635 -0.5591
vn -0.1879 0.7749 0.6035
vn 0.7698 0.6383 -0.0049
vn 0.7544 0.6378 0.1551
vn 0.7535 0.6402 -0.1497
vn 0.5682 0.8229 -0.0000
vn 0.4896 0.7995 0.3479
vn 0.5683 0.8228 -0.0000
vn 0.4510 0.7756 0.4416
vn 0.4896 0.7995 -0.3479
vn 0.4510 0.7756 -0.4416
vn -0.7228 -0.6910 -0.0076
vn -0.6644 -0.4544 -0.5933
vn 0.5707 -0.3307 -0.7517
vn -0.1790 0.7317 0.6577
vn -0.7563 -0.6485 0.0863
vn -0.7784 -0.5902 0.2139
vn -0.7564 -0.6484 0.0864
vn -0.6643 -0.4013 0.6306
vn -0.6696 -0.3889 0.6328
vn -0.7785 -0.5900 0.2139
vn 0.0788 -0.6651 -0.7426
vn 0.1587 -0.6134 -0.7737
vn -0.5860 -0.8103 -0.0000
vn -0.5053 -0.8068 0.3061
vn -0.5856 -0.8106 -0.0000
vn -0.4778 -0.7965 0.3706
vn -0.5053 -0.8068 -0.3061
vn -0.4778 -0.7965 -0.3706
vn 0.4564 -0.5720 0.6816
vn 0.7011 -0.3914 -0.5960
vn 0.6622 -0.4105 -0.6269
vn 0.7029 -0.3904 -0.5945
vn 0.5836 -0.1357 -0.8006
vn 0.5844 -0.1053 -0.8046
vn -0.0117 -0.8465 -0.5323
vn -0.0164 -0.8502 -0.5262
vn -0.2658 -0.9565 -0.1204
vn -0.2657 -0.9566 -0.1193
vn 0.5892 -0.1402 0.7957
vn 0.5909 -0.1092 0.7993
vn -0.0114 -0.8469 0.5317
vn -0.0164 -0.8502 0.5262
vn -0.2656 -0.9560 0.1244
vn -0.2655 -0.9562 0.1235
vn -0.3815 -0.9243 0.0133
vn -0.3815 -0.9243 0.0132
vn 0.5556 -0.3913 0.7336
vn 0.6437 0.7653 -0.0000
vn 0.5778 0.7666 0.2803
vn 0.6438 0.7652 -0.0000
vn 0.5579 0.7613 0.3302
vn 0.6979 -0.3416 0.6295
vn 0.6994 -0.3380 0.6298
vn 0.6437 -0.4568 0.6140
vn 0.5778 0.7666 -0.2802
vn 0.5579 0.7614 -0.3302
vn 0.4099 -0.6013 0.6859
vn -0.0810 -0.7088 0.7007
vn 0.4760 -0.5767 0.6639
vn -0.1347 -0.7139 0.6872
vn 0.7662 -0.4056 0.4984
vn -0.7481 0.6470 0.1475
vn -0.7408 0.6717 -0.0008
vn -0.7481 0.6437 0.1611
vn -0.7407 0.6718 -0.0008
vn -0.7481 0.6435 -0.1620
vn -0.7481 0.6469 -0.1479
vn 0.4099 -0.6013 -0.6859
vn -0.0810 -0.7088 -0.7007
vn -0.1347 -0.7139 -0.6872
vn 0.4760 -0.5767 -0.6640
vn 0.7662 -0.4056 -0.4985
vn -0.2673 0.7869 0.5561
vn -0.2090 0.8156 0.5396
vn -0.0595 0.8709 0.4879
vn 0.7917 -0.6109 -0.0083
vn 0.7544 -0.6382 -0.1536
vn 0.7409 -0.6529 -0.1575
vn -0.1349 0.7581 -0.6381
vn -0.3186 -0.7952 0.5159
vn -0.3818 -0.8433 0.3781
vn -0.3186 -0.7952 -0.5159
vn -0.3818 -0.8434 -0.3781
vn -0.7808 0.3269 0.5324
vn -0.7799 0.3955 0.4851
vn -0.7287 0.2297 0.6451
vn -0.7299 0.2202 0.6471
vn -0.5554 -0.4327 -0.7101
vn 0.2673 0.9590 -0.0944
vn 0.0165 0.9494 0.3136
vn -0.0054 0.9406 0.3395
vn 0.2530 0.9628 -0.0952
vn 0.2674 0.9582 0.1022
vn 0.0164 0.9494 -0.3136
vn 0.2531 0.9617 0.1051
vn -0.0053 0.9406 -0.3396
vn -0.7750 0.3795 -0.5053
vn -0.7737 0.4202 -0.4742
vn -0.7255 0.2871 -0.6255
vn -0.7300 0.2635 -0.6307
vn -0.6784 0.4569 -0.5754
vn 0.0753 0.7683 -0.6357
vn 0.0754 0.7683 -0.6357
vn 0.2262 0.7596 -0.6098
vn 0.1992 0.7625 -0.6156
vn 0.4014 0.7253 -0.5594
vn 0.7508 -0.6605 -0.0102
vn 0.7753 -0.6114 -0.1585
vn 0.6907 -0.4174 -0.5905
vn 0.6906 -0.4178 -0.5904
vn 0.6400 -0.4655 -0.6113
vn 0.6953 -0.4129 -0.5882
vn -0.0662 0.9926 0.1022
vn -0.3000 0.9009 -0.3136
vn -0.0809 0.9912 0.1051
vn -0.3176 0.8854 -0.3394
vn -0.4057 0.6549 -0.6376
vn -0.4164 0.6451 -0.6407
vn -0.7983 0.6023 -0.0047
vn -0.7818 0.6064 -0.1453
vn -0.0666 0.9933 -0.0944
vn -0.3000 0.9009 0.3136
vn -0.3176 0.8854 0.3395
vn -0.0813 0.9921 -0.0953
vn -0.4259 0.6381 0.6414
vn -0.4291 0.6351 0.6423
vn 0.8020 -0.5591 0.2102
vn 0.6931 -0.3587 0.6252
vn 0.6887 -0.3695 0.6238
vn 0.6885 -0.3699 0.6238
vn 0.6930 -0.3591 0.6252
vn 0.6206 -0.5081 0.5973
vn -0.5377 -0.4848 0.6898
vn -0.0838 -0.5922 0.8014
vn -0.1180 -0.5449 0.8302
vn -0.1175 -0.5449 0.8302
vn -0.0312 -0.6605 0.7502
vn -0.6843 0.4420 0.5799
vn -0.2676 0.7681 0.5818
vn -0.6699 -0.4487 -0.5915
vn -0.6074 -0.5105 -0.6087
vn -0.6643 -0.4547 -0.5933
vn 0.1091 0.6163 0.7799
vn 0.0165 0.5920 0.8058
vn 0.1090 0.6164 -0.7799
vn 0.0165 0.5919 -0.8058
vn 0.3161 -0.6600 0.6816
vn -0.7650 -0.6440 -0.0098
vn -0.5999 -0.1302 -0.7894
vn -0.6005 -0.0879 -0.7948
vn -0.5774 -0.3557 -0.7349
vn -0.5871 -0.5505 0.5935
vn -0.6049 -0.1373 0.7844
vn -0.6073 -0.0908 0.7893
vn -0.5612 -0.4139 0.7168
vn -0.7487 -0.6436 -0.1589
vn -0.6819 -0.4136 -0.6033
vn 0.4177 -0.5236 0.7426
vn -0.7564 -0.6484 0.0863
vn -0.7134 -0.6826 -0.1584
vn -0.7784 -0.5903 0.2138
vn -0.6799 -0.3572 0.6404
vn -0.6804 -0.3560 0.6405
vn 0.7698 0.6382 -0.0050
vn 0.7536 0.6400 -0.1497
vn -0.0202 0.8417 -0.5396
vn -0.0836 0.8269 -0.5561
vn 0.1378 0.8620 -0.4879
vn -0.2513 0.7451 -0.6178
vn -0.2750 0.7245 -0.6320
vn -0.2262 0.7907 -0.5689
vn 0.5169 -0.5120 -0.6860
vn 0.5919 -0.1133 0.7980
vn 0.5931 -0.0741 0.8017
vn 0.5867 -0.1063 -0.8028
vn 0.5865 -0.0700 -0.8069
vn -0.2590 -0.8129 0.5216
vn -0.2590 -0.8129 -0.5216
vn 0.4988 -0.5575 0.6636
vn 0.7916 -0.6109 -0.0097
vn 0.7916 -0.6110 -0.0082
vn -0.1269 0.9919 0.0077
vn -0.1270 0.9919 0.0072
vn 0.0505 -0.5210 0.8521
vn 0.1296 -0.4447 0.8863
vn -0.0580 -0.6133 0.7878
vn 0.0505 -0.5209 -0.8521
vn 0.1297 -0.4446 -0.8863
vn -0.0580 -0.6133 -0.7877
vn 0.1296 -0.4448 -0.8862
vn 0.7753 -0.6113 -0.1585
vn 0.7177 -0.3461 -0.6042
vn -0.6827 -0.4136 -0.6023
vn -0.6446 -0.4250 -0.6355
vn -0.6817 -0.4140 -0.6032
vn 0.7819 -0.6175 0.0855
vn 0.7113 -0.2950 0.6379
vn 0.7128 -0.2917 0.6378
vn -0.5130 -0.5474 -0.6612
vn -0.7859 0.5359 0.3086
vn -0.3952 0.6099 0.6869
vn -0.7527 0.5380 0.3794
vn -0.3339 0.6353 0.6963
vn -0.3339 0.6353 -0.6963
vn -0.3952 0.6099 -0.6869
vn -0.7528 0.5379 -0.3795
vn -0.7859 0.5359 -0.3086
vn -0.6255 -0.4712 0.6219
vn 0.1919 -0.9461 0.2610
vn 0.1923 -0.9460 0.2611
vn 0.1919 -0.9461 -0.2610
vn 0.1923 -0.9460 -0.2611
vn 0.7176 -0.3463 -0.6042
vn 0.6967 -0.3048 -0.6494
vn 0.7169 -0.3451 -0.6057
vn 0.5502 -0.4108 -0.7270
vn -0.7985 0.6020 -0.0049
vn -0.7820 0.6062 -0.1453
vn -0.4944 -0.5891 0.6392
vn -0.4815 -0.8765 -0.0000
vn -0.4812 -0.8766 -0.0000
vn -0.4853 0.4969 -0.7194
vn 0.7128 -0.2921 0.6377
vn 0.7113 -0.2953 0.6379
vn 0.6809 -0.3571 0.6394
vn 0.5334 -0.4652 0.7064
vn -0.8656 0.5007 -0.0000
vn -0.3180 -0.6846 0.6559
vn -0.3180 -0.6846 -0.6559
vn 0.7547 -0.6144 0.2301
vn 0.3722 -0.7335 0.5688
vn 0.7175 -0.6248 0.3080
vn 0.3717 -0.7335 0.5690
vn 0.0986 -0.7962 0.5970
vn 0.7175 -0.6246 0.3084
vn 0.1716 -0.7997 0.5753
vn 0.3066 -0.7774 0.5492
vn 0.5083 -0.7109 0.4861
vn 0.2836 -0.8509 0.4423
vn 0.2840 -0.8507 0.4423
vn 0.7176 -0.6247 -0.3079
vn 0.3723 -0.7334 -0.5688
vn 0.7547 -0.6144 -0.2301
vn 0.0984 -0.7960 -0.5972
vn 0.3715 -0.7336 -0.5690
vn 0.0987 -0.7962 -0.5969
vn 0.1715 -0.7998 -0.5753
vn 0.3066 -0.7774 -0.5492
vn 0.5083 -0.7109 -0.4861
vn 0.2836 -0.8508 -0.4423
vn 0.2840 -0.8507 -0.4424
vn -0.4562 -0.8460 -0.2759
vn -0.4939 -0.8489 -0.1883
vn -0.4562 -0.8460 0.2759
vn -0.4939 -0.8489 0.1883
vn 0.2099 0.9777 0.0077
vn 0.2099 0.9777 0.0071
vn 0.8207 -0.5714 -0.0000
vn 0.8209 -0.5710 -0.0000
vn -0.5963 -0.1592 -0.7868
vn -0.5980 -0.1219 -0.7922
vn -0.5580 -0.4242 -0.7132
vn 0.5834 -0.1867 0.7904
vn 0.5839 -0.1810 0.7914
vn -0.7009 -0.3647 -0.6130
vn 0.5769 -0.1876 -0.7949
vn 0.5777 -0.1782 -0.7966
vn -0.7134 -0.6826 -0.1582
vn -0.6968 -0.3028 0.6502
vn -0.6947 -0.3072 0.6504
vn -0.7785 -0.5900 0.2141
vn 0.1212 0.7471 0.6536
vn 0.1946 0.7522 0.6296
vn -0.2513 0.7451 0.6178
vn -0.2750 0.7245 0.6320
vn 0.1946 0.7522 -0.6295
vn 0.1212 0.7471 -0.6536
vn -0.7000 -0.3613 -0.6160
vn -0.6848 -0.3050 -0.6619
vn -0.7008 -0.3649 -0.6130
vn -0.2195 0.6187 -0.7544
vn 0.0690 0.7484 -0.6596
vn -0.1992 0.6305 -0.7502
vn 0.0672 -0.9906 -0.1194
vn 0.0739 -0.9973 0.0039
vn 0.0670 -0.9905 -0.1203
vn 0.0672 -0.9901 0.1235
vn 0.0671 -0.9900 0.1244
vn -0.6686 -0.3583 0.6517
vn -0.3872 -0.8843 -0.2610
vn 0.5685 -0.3401 -0.7491
vn 0.5533 -0.4001 0.7306
vn -0.2090 0.8156 -0.5396
vn -0.2673 0.7869 -0.5561
vn -0.0595 0.8709 -0.4879
vn -0.4909 0.5891 -0.6418
vn -0.5250 0.5427 -0.6556
vn -0.4853 0.4969 0.7194
vn 0.2376 0.8496 0.4708
vn 0.4275 0.9040 -0.0000
vn 0.4273 0.9041 -0.0000
vn 0.3428 0.9002 0.2687
vn 0.2375 0.8497 -0.4708
vn 0.3429 0.9001 -0.2686
vn 0.7024 -0.3880 -0.5967
vn 0.7003 -0.3349 0.6303
vn 0.6992 -0.3376 0.6302
vn 0.0644 0.6089 0.7906
vn -0.2081 0.4757 0.8546
vn -0.2681 0.4397 0.8572
vn 0.0569 0.6059 0.7935
vn 0.2474 0.6690 0.7009
vn -0.3713 0.6821 -0.6300
vn -0.4026 0.6515 -0.6431
vn -0.1624 0.8151 -0.5561
vn -0.1007 0.8359 -0.5396
vn 0.0547 0.8712 -0.4878
vn 0.0643 0.6089 -0.7907
vn 0.0569 0.6059 -0.7935
vn 0.2474 0.6690 -0.7009
vn -0.2082 0.4757 -0.8546
vn -0.2681 0.4397 -0.8572
vn 0.2728 -0.8181 0.5063
vn 0.2730 -0.8179 0.5064
vn 0.2727 -0.8181 -0.5063
vn 0.2730 -0.8179 -0.5064
vn -0.3873 -0.8843 0.2607
vn -0.3059 -0.8502 0.4284
vn 0.0537 -0.6771 0.7340
vn -0.5963 -0.2004 0.7773
vn -0.5986 -0.1790 0.7808
vn -0.5902 -0.1998 -0.7821
vn -0.7810 0.6064 -0.1494
vn -0.5921 -0.1768 -0.7862
vn 0.5154 0.7164 0.4703
vn 0.5155 0.7164 -0.4703
vn -0.2610 -0.9653 0.0038
vn -0.2616 -0.9652 0.0039
vn 0.7022 -0.3883 -0.5967
vn 0.6648 -0.4037 -0.6286
vn 0.7039 -0.3876 -0.5952
vn -0.2452 0.6052 0.7574
vn -0.2186 0.6216 0.7522
vn 0.0151 0.7347 0.6782
vn 0.6990 -0.3381 0.6301
vn 0.7002 -0.3354 0.6303
vn 0.6464 -0.4504 0.6158
vn -0.5595 -0.8288 -0.0000
vn -0.5594 -0.8289 -0.0000
vn -0.5405 -0.4771 0.6930
vn -0.3151 -0.7254 0.6120
vn -0.3151 -0.7254 -0.6120
vn 0.6094 0.1955 -0.7684
vn 0.5466 0.5037 -0.6690
vn 0.6108 0.1809 -0.7708
vn 0.6204 0.1655 0.7666
vn 0.6229 0.1379 0.7701
vn 0.5535 0.4865 0.6760
vn 0.5889 -0.1434 0.7954
vn 0.5905 -0.1138 0.7990
vn 0.5832 -0.1395 -0.8003
vn 0.5840 -0.1098 -0.8043
vn -0.6697 -0.4422 -0.5966
vn -0.6690 -0.3884 0.6337
vn -0.6727 -0.3797 0.6350
vn -0.1893 0.6819 0.7065
vn -0.0801 0.7212 0.6881
vn 0.2507 0.7774 0.5769
vn -0.1893 0.6819 -0.7065
vn 0.2508 0.7774 -0.5769
vn -0.0801 0.7212 -0.6881
vn 0.5069 -0.5378 -0.6736
vn 0.6627 -0.3055 -0.6837
vn 0.6668 -0.3553 -0.6551
vn 0.6928 -0.6432 -0.3261
vn 0.6957 -0.6566 -0.2913
vn 0.6664 -0.3708 0.6469
vn 0.6918 -0.6419 0.3307
vn 0.6636 -0.3317 0.6705
vn 0.6948 -0.6555 0.2960
vn 0.2706 -0.8025 -0.5318
vn 0.6032 -0.2348 -0.7622
vn 0.5994 -0.2404 -0.7635
vn 0.2670 -0.8073 -0.5262
vn -0.4910 0.5890 0.6418
vn -0.5250 0.5427 0.6556
vn 0.4888 -0.5807 0.6511
vn -0.4764 -0.8792 -0.0000
vn -0.3060 -0.8501 -0.4286
vn -0.3875 -0.8843 -0.2604
vn 0.5938 -0.2517 0.7642
vn 0.2705 -0.8025 0.5318
vn 0.5839 -0.2658 0.7671
vn 0.2671 -0.8073 0.5262
vn -0.6736 -0.4389 -0.5947
vn -0.6187 -0.4862 -0.6171
vn -0.6695 -0.4426 -0.5965
vn -0.5987 -0.5281 0.6023
vn -0.0067 0.7535 0.6574
vn -0.0070 0.7535 0.6574
vn -0.1630 0.7519 -0.6389
vn -0.1378 0.7619 -0.6329
vn 0.0979 0.8268 -0.5540
vn 0.7916 -0.6109 -0.0082
vn 0.7543 -0.6387 0.1520
vn 0.7001 -0.7140 0.0046
vn 0.7001 -0.7140 0.0049
vn 0.7753 -0.6115 -0.1583
vn 0.7509 -0.6603 -0.0104
vn 0.7753 -0.6113 -0.1586
vn 0.6921 -0.4141 -0.5911
vn -0.3787 0.6334 0.6748
vn -0.3989 0.6149 0.6803
vn -0.3788 0.6334 -0.6748
vn -0.3989 0.6149 -0.6803
vn -0.0278 0.7782 0.6274
vn -0.2895 0.7169 0.6342
vn -0.1856 0.7673 0.6139
vn -0.0328 0.8080 0.5882
vn -0.1854 0.7674 0.6138
vn -0.2895 0.7170 0.6340
vn -0.5234 -0.5224 -0.6732
vn -0.2898 0.7168 -0.6342
vn -0.0274 0.7783 -0.6273
vn -0.1855 0.7673 -0.6138
vn -0.0328 0.8080 -0.5882
vn 0.7819 -0.6175 0.0857
vn 0.6939 -0.3562 0.6258
vn 0.6899 -0.3660 0.6245
vn 0.8021 -0.5590 0.2104
vn 0.6898 -0.3664 0.6245
vn 0.6938 -0.3566 0.6257
vn 0.6236 -0.5019 0.5994
vn 0.6920 -0.4144 -0.5911
vn 0.6429 -0.4588 -0.6133
vn 0.6964 -0.4102 -0.5889
vn -0.7222 0.4505 0.5248
vn -0.8030 0.4545 0.3855
vn -0.5047 -0.5665 0.6514
vn -0.7222 0.4505 -0.5248
vn -0.8031 0.4545 -0.3854
vn 0.6179 0.2191 -0.7551
vn 0.5568 0.5127 -0.6535
vn 0.6183 0.2150 -0.7560
vn -0.3714 0.6821 0.6300
vn -0.4025 0.6515 0.6431
vn 0.6300 0.1872 0.7537
vn 0.6315 0.1703 0.7564
vn 0.5642 0.4953 0.6606
vn 0.4966 0.8680 -0.0000
vn 0.3383 0.8732 -0.3509
vn 0.4965 0.8680 -0.0000
vn 0.3381 0.8733 -0.3508
vn 0.4966 0.8680 0.0002
vn 0.3984 0.8866 -0.2349
vn 0.3983 0.8866 0.2352
vn 0.3382 0.8732 0.3509
vn 0.5477 -0.4195 -0.7239
vn 0.1982 0.8298 0.5216
vn 0.5307 -0.4733 0.7031
vn 0.1982 0.8298 -0.5216
vn -0.1768 0.7473 0.6406
vn 0.0538 0.8216 0.5676
vn -0.1626 0.7534 0.6372
vn 0.1669 0.7197 0.6739
vn -0.3643 0.6300 0.6859
vn 0.2151 0.7225 0.6570
vn -0.4320 0.6103 0.6640
vn -0.7341 0.4611 0.4984
vn -0.3445 -0.7443 -0.5721
vn -0.3462 -0.7447 -0.5706
vn -0.6274 -0.7514 -0.2044
vn -0.6282 -0.7516 -0.2011
vn 0.1669 0.7197 -0.6739
vn -0.3642 0.6300 -0.6859
vn -0.4320 0.6104 -0.6639
vn 0.2151 0.7225 -0.6570
vn -0.7341 0.4611 -0.4984
vn -0.0470 0.6584 0.7512
vn -0.3393 0.4639 0.8183
vn -0.3751 0.4430 0.8143
vn -0.0793 0.6298 0.7727
vn 0.0638 0.7445 0.6646
vn -0.2699 0.4739 -0.8382
vn -0.0470 0.6584 -0.7512
vn -0.2991 0.4510 -0.8409
vn -0.0794 0.6299 -0.7726
vn 0.0638 0.7445 -0.6646
vn 0.3982 0.8866 -0.2355
vn -0.7651 -0.6439 -0.0098
vn -0.7651 -0.6438 -0.0084
vn -0.6004 -0.1261 -0.7897
vn -0.6008 -0.0837 -0.7950
vn -0.5797 -0.3465 -0.7375
vn -0.6054 -0.1338 0.7846
vn -0.6076 -0.0866 0.7895
vn -0.5637 -0.4054 0.7196
vn -0.0270 0.7783 0.6273
vn -0.4054 0.5613 0.7215
vn -0.0931 0.6724 0.7343
vn -0.6817 -0.4167 -0.6014
vn -0.6417 -0.4323 -0.6335
vn -0.6803 -0.4173 -0.6025
vn -0.0931 0.6724 -0.7343
vn -0.4054 0.5613 -0.7215
vn 0.5931 -0.0992 0.7990
vn 0.5939 -0.0571 0.8025
vn 0.7545 0.6377 0.1550
vn 0.5881 -0.0909 -0.8037
vn 0.5872 -0.0533 -0.8077
vn 0.7284 0.4570 -0.5105
vn -0.6804 -0.4170 -0.6026
vn -0.6795 -0.3589 0.6399
vn -0.6787 -0.3608 0.6397
vn -0.6224 -0.4780 0.6197
vn -0.7134 -0.6826 -0.1583
vn 0.7006 -0.7135 0.0104
vn 0.6839 -0.6897 0.2378
vn 0.6846 -0.6909 0.2326
vn 0.7001 -0.7139 0.0124
vn 0.6859 -0.6918 -0.2258
vn 0.6864 -0.6932 -0.2199
vn 0.7183 -0.3807 -0.5824
vn 0.7202 -0.4079 -0.5612
vn 0.7216 -0.3346 -0.6061
vn 0.7047 -0.2746 -0.6542
vn 0.7208 -0.3315 -0.6087
vn 0.7173 -0.4239 0.5530
vn 0.7164 -0.4077 0.5661
vn 0.7163 -0.2790 0.6396
vn 0.7145 -0.2825 0.6401
vn 0.6899 -0.3284 0.6452
vn -0.3777 0.4850 0.7887
vn -0.3725 0.4859 0.7907
vn -0.5783 0.4336 0.6911
vn -0.3776 0.4850 -0.7888
vn -0.3726 0.4858 -0.7907
vn -0.5783 0.4336 -0.6911
vn 0.6191 0.2131 -0.7558
vn 0.5632 0.4979 -0.6595
vn 0.6198 0.2059 -0.7573
vn 0.6211 0.2084 0.7555
vn 0.6220 0.2000 0.7570
vn 0.5632 0.4978 0.6595
vn 0.5765 -0.3039 -0.7585
vn 0.7753 -0.6115 -0.1584
vn 0.7508 -0.6604 -0.0102
vn 0.7217 -0.3344 -0.6060
vn 0.5621 -0.3664 0.7414
vn 0.7145 -0.2822 0.6401
vn 0.7163 -0.2787 0.6397
vn 0.6114 0.2053 -0.7642
vn 0.5179 0.5675 -0.6401
vn 0.6121 0.2000 -0.7651
vn -0.7828 0.6038 0.1507
vn -0.6021 -0.1609 0.7821
vn -0.6049 -0.1208 0.7871
vn 0.2190 0.9706 0.0998
vn 0.2202 0.9753 -0.0198
vn 0.2202 0.9752 -0.0215
vn 0.2190 0.9705 0.1007
vn 0.2228 0.9683 -0.1127
vn 0.2229 0.9683 -0.1130
vn 0.7117 0.6843 0.1590
vn 0.7031 0.7111 -0.0011
vn 0.7115 0.6875 0.1451
vn 0.7026 0.7115 -0.0009
vn 0.7117 0.6841 -0.1599
vn 0.7114 0.6875 -0.1456
vn 0.6084 0.2009 0.7678
vn 0.6095 0.1892 0.7699
vn 0.5407 0.5175 0.6632
vn 0.6742 -0.3183 0.6665
vn 0.7046 -0.6329 0.3210
vn 0.6706 -0.2668 0.6922
vn 0.7063 -0.6450 0.2919
vn -0.7819 0.6062 -0.1453
vn 0.6812 -0.2839 -0.6748
vn 0.6856 -0.3358 -0.6459
vn 0.7041 -0.6464 -0.2939
vn 0.7052 -0.6550 -0.2716
vn -0.5596 0.3522 0.7502
vn -0.5604 0.3490 0.7511
vn -0.5596 0.3522 -0.7502
vn -0.5604 0.3490 -0.7511
vn 0.7162 0.3271 -0.6165
vn 0.7229 0.3011 -0.6219
vn 0.6586 0.4917 -0.5696
vn -0.6958 -0.3747 -0.6128
vn -0.6760 -0.3349 -0.6564
vn -0.6965 -0.3764 -0.6109
vn -0.6913 -0.3197 0.6480
vn -0.6931 -0.3156 0.6481
vn -0.6589 -0.3866 0.6453
vn 0.5837 -0.1840 0.7908
vn 0.5844 -0.1763 0.7921
vn -0.3373 0.6225 0.7062
vn -0.1765 0.7349 0.6548
vn 0.1008 0.8522 0.5133
vn -0.3373 0.6225 -0.7062
vn 0.1008 0.8522 -0.5134
vn -0.1766 0.7348 -0.6549
vn -0.4433 0.5716 0.6905
vn -0.7651 -0.6439 -0.0083
vn -0.4433 0.5716 -0.6905
vn -0.5968 -0.1560 -0.7871
vn -0.5983 -0.1178 -0.7926
vn -0.5604 -0.4164 -0.7159
vn 0.5773 -0.1846 -0.7954
vn 0.5781 -0.1736 -0.7973
vn 0.7677 0.3707 0.5227
vn 0.7621 0.4380 0.4768
vn 0.7234 0.2713 0.6349
vn 0.7257 0.2587 0.6375
vn 0.6656 0.4771 0.5739
vn -0.5430 -0.4699 0.6959
vn 0.7584 0.4222 -0.4965
vn 0.7543 0.4619 -0.4665
vn -0.5992 -0.0518 0.7989
vn -0.5971 -0.1001 0.7959
vn 0.4917 -0.5740 0.6548
vn -0.6967 -0.3760 -0.6109
vn -0.5992 -0.0518 -0.7989
vn -0.5970 -0.1001 -0.7959
vn 0.7697 0.6383 -0.0050
vn 0.5098 -0.5304 -0.6773
vn 0.6999 -0.7142 -0.0016
vn 0.7000 -0.7142 -0.0017
vn 0.7036 -0.3849 -0.5973
vn 0.6675 -0.3962 -0.6305
vn 0.7049 -0.3845 -0.5960
vn 0.7001 -0.3346 0.6308
vn 0.7010 -0.3326 0.6309
vn 0.6493 -0.4434 0.6179
vn 0.6858 0.7252 0.0618
vn 0.7026 0.7116 -0.0019
vn 0.6852 0.7257 0.0629
vn 0.7026 0.7115 -0.0022
vn 0.6858 0.7250 -0.0643
vn 0.6853 0.7253 -0.0650
vn 0.7037 -0.3846 -0.5973
vn 0.7012 -0.3319 0.6310
vn 0.7003 -0.3339 0.6309
vn 0.7133 -0.4449 -0.5415
vn 0.7135 -0.4512 -0.5360
vn 0.6898 -0.7106 -0.1386
vn 0.6898 -0.7107 -0.1384
vn -0.6719 -0.3822 0.6344
vn -0.6678 -0.3918 0.6329
vn -0.5956 -0.5341 0.6000
vn -0.6726 -0.4416 -0.5938
vn -0.6157 -0.4927 -0.6149
vn -0.6682 -0.4458 -0.5957
vn -0.6239 0.2617 0.7364
vn -0.6016 -0.2666 0.7530
vn -0.6238 0.2617 0.7364
vn -0.6001 -0.2735 0.7517
vn -0.6016 -0.2668 0.7530
vn 0.7189 -0.4460 0.5332
vn 0.6883 -0.7134 0.1320
vn 0.7181 -0.4358 0.5426
vn 0.6884 -0.7134 0.1313
vn -0.6238 0.2618 -0.7364
vn -0.6016 -0.2666 -0.7530
vn -0.6001 -0.2735 -0.7517
vn -0.6239 0.2617 -0.7364
vn 0.7804 0.4793 -0.4016
vn 0.7781 0.4928 -0.3894
vn 0.7333 0.3026 -0.6088
vn 0.7390 0.2778 -0.6137
vn 0.6672 0.4986 -0.5534
vn 0.6978 -0.7162 0.0041
vn 0.6978 -0.7163 0.0039
vn -0.6705 0.3017 -0.6778
vn -0.6916 0.2941 -0.6597
vn -0.9485 0.1984 -0.2470
vn -0.9424 0.1999 -0.2682
vn 0.7934 0.4404 0.4203
vn 0.7916 0.4524 0.4108
vn 0.7403 0.2420 0.6272
vn 0.7411 0.2368 0.6282
vn 0.6745 0.4838 0.5576
vn 0.5739 -0.3337 0.7478
vn 0.4910 -0.5070 0.7084
vn 0.5771 -0.3246 0.7494
vn 0.5144 -0.4559 0.7263
vn 0.4910 -0.5071 -0.7084
vn 0.5740 -0.3336 -0.7478
vn 0.5770 -0.3246 -0.7494
vn 0.5145 -0.4560 -0.7262
vn -0.6130 0.3845 0.6902
vn -0.6138 0.3822 0.6908
vn -0.1187 0.8193 -0.5610
vn 0.1289 0.9399 -0.3163
vn 0.1707 0.9560 -0.2384
vn -0.4662 0.5244 -0.7125
vn -0.1838 -0.9619 0.2024
vn -0.1839 -0.9619 0.2024
vn -0.1840 -0.9619 0.2024
vn -0.1835 -0.9619 0.2024
vn -0.6130 0.3845 -0.6902
vn -0.6137 0.3823 -0.6908
vn -0.1839 -0.9619 -0.2024
vn -0.1840 -0.9619 -0.2024
vn -0.1835 -0.9619 -0.2025
vn -0.0394 0.7054 0.7077
vn -0.1751 0.6859 0.7063
vn -0.2938 0.6641 0.6875
vn -0.5978 0.5510 0.5822
vn -0.3992 0.6557 0.6408
vn -0.1751 0.6859 -0.7063
vn -0.2936 0.6640 -0.6877
vn -0.5978 0.5510 -0.5822
vn -0.0396 0.7056 -0.7075
vn -0.3992 0.6557 -0.6408
vn -0.7441 0.2763 0.6082
vn -0.7509 0.2734 0.6011
vn -0.9512 0.1913 0.2421
vn -0.9453 0.1922 0.2637
vn -0.5725 -0.8103 -0.1253
vn -0.5838 -0.8119 0.0039
vn -0.5726 -0.8103 -0.1246
vn -0.5834 -0.8122 0.0040
vn -0.5724 -0.8098 0.1288
vn -0.5722 -0.8098 0.1296
vn -0.6683 -0.4455 -0.5957
vn -0.7564 -0.6483 0.0864
vn -0.4993 0.4729 0.7260
vn -0.1873 0.7445 0.6409
vn 0.0629 0.9104 0.4089
vn 0.1420 0.9492 0.2807
vn 0.6668 0.2952 0.6843
vn 0.5920 0.4262 0.6840
vn 0.6732 0.2824 0.6834
vn 0.6664 0.2983 -0.6833
vn 0.6728 0.2856 -0.6825
vn 0.5920 0.4262 -0.6840
vn 0.7109 0.6952 0.1062
vn 0.7026 0.7116 0.0003
vn 0.7118 0.6910 0.1257
vn 0.7025 0.7117 0.0003
vn 0.7114 0.6972 -0.0881
vn 0.7145 0.6876 -0.1294
vn -0.6657 -0.0330 0.7455
vn -0.6618 -0.1130 0.7411
vn -0.6657 -0.0330 -0.7455
vn -0.6618 -0.1130 -0.7411
vn -0.9115 0.4113 -0.0000
vn -0.9117 0.4109 -0.0000
vn -0.7886 0.5887 -0.1779
vn -0.5188 0.6596 -0.5438
vn -0.5248 0.6590 -0.5388
vn -0.7887 0.5886 -0.1774
vn -0.6405 -0.5406 -0.5454
vn -0.6397 -0.5536 -0.5333
vn -0.6274 0.1117 -0.7707
vn -0.6262 0.0947 -0.7739
vn 0.6909 -0.3655 0.6237
vn 0.6852 -0.3795 0.6218
vn 0.6851 -0.3797 0.6217
vn 0.6909 -0.3659 0.6236
vn 0.6123 -0.5250 0.5911
vn 0.6870 -0.4266 -0.5882
vn 0.6868 -0.4270 -0.5882
vn 0.6320 -0.4837 -0.6055
vn 0.6928 -0.4202 -0.5860
vn -0.6406 -0.5403 0.5456
vn -0.6397 -0.5536 0.5333
vn -0.6278 0.0926 0.7729
vn -0.6254 0.0673 0.7774
vn 0.6395 0.1068 0.7613
vn 0.6395 0.1068 -0.7613
vn 0.4911 -0.5072 -0.7082
vn -0.6786 -0.3616 0.6393
vn -0.6776 -0.3641 0.6390
vn -0.6197 -0.4842 0.6177
vn -0.6806 -0.4195 -0.6006
vn -0.6391 -0.4390 -0.6316
vn -0.6791 -0.4203 -0.6018
vn -0.5579 0.4817 0.6758
vn -0.5554 0.4845 0.6758
vn -0.5579 0.4817 -0.6758
vn -0.5555 0.4846 -0.6757
vn 0.5470 -0.3433 0.7635
vn 0.5046 -0.4088 0.7604
vn 0.6496 -0.0113 0.7602
vn 0.6290 -0.1318 0.7661
vn 0.6492 -0.0124 0.7605
vn 0.6960 0.7180 0.0077
vn 0.6573 0.7455 0.1103
vn 0.6450 0.7564 0.1086
vn 0.6960 0.7180 0.0071
vn 0.6496 -0.0113 -0.7602
vn 0.6492 -0.0124 -0.7605
vn 0.6571 0.7460 -0.1085
vn 0.6419 0.7586 -0.1122
vn 0.7417 0.0158 0.6705
vn -0.7877 0.5885 0.1825
vn -0.5423 0.6533 0.5283
vn -0.7878 0.5883 0.1824
vn -0.5395 0.6536 0.5308
vn -0.6504 -0.7595 0.0047
vn -0.6263 -0.7510 0.2091
vn -0.6502 -0.7597 0.0043
vn -0.6273 -0.7510 0.2061
vn -0.3624 -0.7436 0.5619
vn -0.3688 -0.7445 0.5566
vn 0.7492 0.4741 -0.4625
vn 0.7486 0.4880 -0.4488
vn 0.7145 0.6875 -0.1299
vn 0.7486 0.4879 -0.4491
vn 0.7492 0.4737 -0.4628
vn -0.6030 0.4171 0.6800
vn 0.7496 0.4904 0.4445
vn 0.7497 0.4886 0.4464
vn -0.6030 0.4171 -0.6800
vn 0.7569 0.0659 -0.6502
vn -0.6139 0.4287 -0.6628
vn -0.6245 0.3803 0.6822
vn -0.9831 0.1822 0.0199
vn -0.9831 0.1821 0.0178
vn 0.5047 -0.4087 -0.7604
vn -0.6806 0.2855 0.6747
vn -0.6621 -0.2801 0.6951
vn -0.6589 -0.2930 0.6929
vn -0.6621 -0.2802 0.6950
vn -0.6806 0.2855 -0.6747
vn -0.6620 -0.2801 -0.6952
vn -0.6588 -0.2929 -0.6930
vn -0.6807 0.2855 -0.6747
vn 0.7152 -0.2829 0.6391
vn 0.7135 -0.2864 0.6394
vn 0.6873 -0.3369 0.6435
vn 0.7204 -0.3381 -0.6055
vn 0.7024 -0.2836 -0.6529
vn 0.7197 -0.3354 -0.6079
vn -0.5204 0.4042 -0.7522
vn -0.3086 0.7139 -0.6285
vn -0.5151 0.4149 -0.7500
vn -0.7488 -0.6435 -0.1590
vn -0.6792 -0.4201 -0.6018
vn -0.7564 -0.6483 0.0865
vn 0.7299 0.2685 0.6286
vn 0.6928 0.4147 0.5900
vn 0.7313 0.2610 0.6302
vn 0.7855 0.5249 -0.3279
vn 0.7801 0.5484 -0.3012
vn 0.7252 0.2640 -0.6359
vn 0.7270 0.2543 -0.6378
vn 0.6713 0.4647 -0.5774
vn 0.7656 0.5871 0.2628
vn 0.7754 0.5520 0.3068
vn -0.5213 0.3941 0.7569
vn -0.5138 0.4097 0.7537
vn -0.3465 0.6755 0.6509
vn 0.7752 -0.6116 -0.1582
vn 0.7509 -0.6604 -0.0103
vn 0.7205 -0.3378 -0.6055
vn 0.8020 -0.5592 0.2102
vn 0.7136 -0.2860 0.6395
vn 0.7153 -0.2825 0.6391
vn 0.6573 0.1266 0.7429
vn 0.5585 0.5605 0.6115
vn 0.6539 0.1732 0.7365
vn 0.6573 0.1266 -0.7429
vn 0.6537 0.1727 -0.7368
vn 0.5585 0.5605 -0.6115
vn -0.3810 0.7756 0.5033
vn -0.7137 0.6581 0.2398
vn -0.7342 0.6531 0.1855
vn -0.1331 0.8123 0.5678
vn -0.1118 0.8103 0.5753
vn -0.2482 0.7980 0.5492
vn -0.4544 0.7465 0.4861
vn -0.7136 0.6582 -0.2398
vn -0.3810 0.7756 -0.5033
vn -0.7342 0.6531 -0.1855
vn -0.1331 0.8124 -0.5677
vn -0.1119 0.8102 -0.5753
vn -0.2482 0.7980 -0.5492
vn -0.4544 0.7465 -0.4861
vn -0.0389 0.7056 -0.7075
vn -0.3996 0.6558 -0.6404
vn -0.7803 0.5781 -0.2386
vn -0.7353 0.5835 0.3449
vn -0.7804 0.5780 0.2386
vn -0.3997 0.6557 0.6406
vn 0.7260 -0.2736 0.6309
vn 0.8129 -0.0917 0.5752
vn 0.7223 -0.2800 0.6324
vn 0.9486 -0.0857 0.3046
vn 0.9355 -0.1111 0.3354
vn 0.7375 -0.2499 -0.6274
vn 0.7290 -0.2654 -0.6310
vn 0.8250 -0.0459 -0.5632
vn 0.9486 -0.0858 -0.3046
vn 0.9355 -0.1111 -0.3354
vn 0.6545 0.1576 0.7395
vn 0.5659 0.5533 0.6112
vn 0.6519 0.1884 0.7345
vn -0.3950 -0.8276 0.3988
vn -0.3951 -0.8276 0.3988
vn -0.3950 -0.8276 -0.3988
vn -0.3950 -0.8276 -0.3987
vn -0.3951 -0.8276 -0.3988
vn 0.6545 0.1576 -0.7395
vn 0.6519 0.1887 -0.7344
vn 0.5659 0.5533 -0.6112
vn -0.8321 0.5546 -0.0000
vn -0.7355 0.5835 -0.3444
vn -0.7806 0.5779 -0.2380
vn -0.7355 0.5835 0.3444
vn -0.7806 0.5779 0.2380
vn -0.6183 0.4036 0.6744
vn 0.6591 -0.3618 0.6593
vn 0.6914 -0.6106 0.3862
vn 0.6593 -0.3411 0.6700
vn 0.6977 -0.6335 0.3346
vn 0.6977 -0.6335 -0.3346
vn 0.6592 -0.3617 -0.6593
vn 0.6914 -0.6106 -0.3862
vn 0.6593 -0.3411 -0.6700
vn -0.6183 0.4036 -0.6744
vn -0.8466 0.4177 0.3300
vn -0.7561 0.6465 -0.1018
vn -0.7652 0.6356 -0.1027
vn -0.8467 0.4097 0.3394
vn -0.7552 0.6462 0.1102
vn -0.8466 0.4177 -0.3300
vn -0.7641 0.6350 0.1134
vn -0.8468 0.4097 -0.3393
vn -0.7283 0.1578 -0.6668
vn -0.7285 0.1500 -0.6684
vn -0.7301 0.1329 0.6703
vn -0.7301 0.1333 0.6702
vn -0.7070 0.3739 -0.6003
vn 0.6224 -0.2286 0.7486
vn 0.6187 -0.1676 0.7675
vn 0.5865 0.2403 0.7735
vn 0.5883 0.2180 0.7787
vn 0.5436 0.4896 0.6818
vn 0.5865 0.2403 -0.7735
vn 0.6187 -0.1675 -0.7675
vn 0.6224 -0.2286 -0.7486
vn 0.5883 0.2179 -0.7787
vn 0.5436 0.4896 -0.6818
vn -0.6043 -0.6515 0.4586
vn -0.7184 0.3288 0.6130
vn -0.6043 -0.6515 -0.4586
vn 0.6669 -0.3566 0.6543
vn 0.6947 -0.6139 0.3749
vn 0.6668 -0.3300 0.6682
vn 0.7013 -0.6367 0.3206
vn 0.7012 -0.6368 -0.3206
vn 0.6669 -0.3566 -0.6543
vn 0.6947 -0.6139 -0.3749
vn 0.6668 -0.3300 -0.6682
vn 0.6977 -0.5648 0.4407
vn 0.7073 -0.6020 0.3707
vn 0.6977 -0.5648 -0.4407
vn 0.7073 -0.6019 -0.3707
vn 0.7101 -0.7041 -0.0000
vn 0.7102 -0.7040 -0.0000
vn 0.6373 0.0939 0.7649
vn 0.5535 0.5109 0.6577
vn 0.6341 0.1412 0.7602
vn 0.6373 0.0938 -0.7649
vn 0.6341 0.1411 -0.7603
vn 0.5535 0.5109 -0.6577
vn -0.7974 0.6034 0.0082
vn -0.7974 0.6034 0.0075
vn 0.9821 0.1630 -0.0939
vn 0.9844 0.1480 -0.0948
vn 0.9813 0.1632 0.1016
vn 0.9834 0.1483 0.1045
vn 0.9947 0.1026 0.0076
vn 0.9947 0.1027 0.0070
vn -0.7765 0.6301 -0.0000
vn -0.6655 0.3548 0.6567
vn -0.6655 0.3548 0.6566
vn -0.6655 0.3548 -0.6566
vn -0.6655 0.3548 -0.6567
vn -0.3932 0.9194 0.0078
vn -0.3480 0.9309 0.1111
vn -0.3932 0.9194 0.0072
vn -0.3330 0.9366 0.1093
vn -0.3292 0.9375 -0.1131
vn -0.3477 0.9312 -0.1093
vn 0.7139 -0.7002 -0.0000
vn 0.7138 -0.7004 -0.0000
vn 0.6898 0.0860 0.7189
vn 0.6075 0.5127 0.6067
vn 0.6871 0.1417 0.7126
vn 0.7050 0.7092 -0.0000
vn 0.6968 0.6864 0.2083
vn 0.6954 0.6802 0.2318
vn 0.7051 0.7092 -0.0000
vn 0.6898 0.0860 -0.7189
vn 0.6870 0.1416 -0.7127
vn 0.6075 0.5127 -0.6067
vn 0.6967 0.6864 -0.2086
vn 0.6953 0.6803 -0.2318
vn 0.7140 0.5265 0.4616
vn 0.7156 0.5055 0.4821
vn 0.6896 0.3525 0.6326
vn 0.6868 0.3603 0.6313
vn 0.6599 0.4277 0.6177
vn 0.6571 0.2407 0.7143
vn 0.6603 0.2191 0.7183
vn 0.6100 0.4385 0.6600
vn 0.7140 0.5265 -0.4616
vn 0.7156 0.5055 -0.4821
vn 0.6896 0.3525 -0.6326
vn 0.6599 0.4277 -0.6177
vn 0.6868 0.3603 -0.6313
vn 0.6571 0.2407 -0.7143
vn 0.6100 0.4385 -0.6600
vn 0.6604 0.2191 -0.7183
vn 0.6763 -0.3763 0.6333
vn 0.6916 -0.6273 0.3579
vn 0.6770 -0.3641 0.6396
vn 0.6955 -0.6462 0.3142
vn 0.6955 -0.6462 -0.3143
vn 0.6763 -0.3763 -0.6333
vn 0.6916 -0.6273 -0.3579
vn 0.6770 -0.3641 -0.6396
vn 0.6397 -0.3796 0.6683
vn 0.6760 -0.6227 0.3939
vn 0.6399 -0.3539 0.6821
vn 0.6839 -0.6479 0.3355
vn 0.6839 -0.6479 -0.3355
vn 0.6398 -0.3796 -0.6683
vn 0.6760 -0.6227 -0.3939
vn 0.6399 -0.3539 -0.6821
vn 0.6903 0.6870 0.2272
vn 0.7126 0.5241 0.4664
vn 0.7146 0.4912 0.4980
vn 0.6919 0.6932 0.2020
vn 0.6918 0.6933 -0.2018
vn 0.6903 0.6870 -0.2271
vn 0.7126 0.5241 -0.4663
vn 0.7146 0.4912 -0.4980
vn 0.6872 0.3026 0.6604
vn 0.6878 0.3010 0.6605
vn 0.6734 0.3401 0.6564
vn 0.6872 0.3026 -0.6604
vn 0.6878 0.3010 -0.6605
vn 0.6734 0.3401 -0.6564
vn 0.7109 -0.7033 -0.0000
vn 0.7107 -0.7035 -0.0000
vn -0.5787 0.4957 -0.6476
vn -0.5753 0.5014 -0.6462
vn -0.4533 0.6737 -0.5836
vn 0.7008 0.7133 -0.0000
vn 0.7009 0.7132 -0.0000
vn 0.7002 0.1966 0.6863
vn 0.7134 0.3877 0.5838
vn 0.7002 0.1966 -0.6863
vn 0.7134 0.3877 -0.5837
vn -0.8036 0.5952 0.0043
vn -0.8038 0.5948 0.0048
vn 0.7010 -0.7131 -0.0000
vn 0.7008 -0.7133 -0.0000
vn 0.7070 0.7072 -0.0000
vn 0.7144 0.6531 0.2511
vn 0.7142 0.6172 0.3302
vn 0.7069 0.7073 -0.0000
vn 0.7144 0.6531 -0.2512
vn 0.7142 0.6173 -0.3301
vn 0.7095 0.3708 0.5993
vn 0.7023 0.3903 0.5954
vn 0.6624 0.4834 0.5723
vn 0.7095 0.3708 -0.5993
vn 0.6624 0.4834 -0.5723
vn 0.7022 0.3904 -0.5954
vn 0.6982 -0.7159 -0.0000
vn -0.5041 0.8203 0.2700
vn -0.5230 0.7940 0.3099
vn -0.5777 0.5084 0.6386
vn -0.5806 0.5036 0.6398
vn -0.4907 0.6344 0.5973
vn -0.5316 0.7882 -0.3101
vn -0.5420 0.7721 -0.3318
vn -0.8327 -0.1591 -0.5304
vn -0.8998 -0.4149 -0.1350
vn -0.8999 -0.4149 -0.1341
vn -0.8328 -0.1593 -0.5302
vn 0.7013 0.3588 0.6160
vn 0.6959 0.3723 0.6141
vn 0.6652 0.4418 0.6019
vn 0.7013 0.3588 -0.6160
vn 0.6652 0.4418 -0.6018
vn 0.6959 0.3723 -0.6141
vn -0.8993 -0.4180 0.1283
vn -0.8345 -0.1479 0.5308
vn -0.8995 -0.4179 0.1272
vn -0.8359 -0.1522 0.5274
vn 0.7135 0.7006 -0.0000
vn 0.7076 0.6801 -0.1919
vn 0.7070 0.6750 -0.2109
vn 0.7076 0.6801 0.1919
vn 0.7070 0.6750 0.2109
vn -0.7737 0.3617 -0.5202
vn -0.9773 0.1766 -0.1169
vn -0.9775 0.1766 -0.1156
vn -0.7733 0.3619 -0.5206
vn -0.9768 0.1765 0.1210
vn -0.7737 0.3617 0.5201
vn -0.9770 0.1767 0.1196
vn -0.7733 0.3619 0.5206
vn -0.9096 -0.4155 0.0037
vn -0.9094 -0.4158 0.0038
vn 0.7324 0.5181 0.4419
vn 0.7334 0.5087 0.4510
vn 0.7324 0.5180 -0.4420
vn 0.7334 0.5087 -0.4510
vn 0.7123 0.7018 -0.0000
vn 0.7042 0.6795 0.2061
vn 0.7031 0.6725 0.2311
vn 0.7042 0.6794 -0.2061
vn 0.7031 0.6725 -0.2311
vn 0.7232 0.5199 0.4548
vn 0.7249 0.5027 0.4710
vn 0.7231 0.5199 -0.4547
vn 0.7249 0.5026 -0.4710
vn -0.9826 0.1859 0.0037
vn -0.9826 0.1855 0.0037
vt 0.753688 0.489728
vt 0.714779 0.486040
vt 0.753688 0.443873
vt 0.714779 0.440184
vt 0.721962 0.641167
vt 0.673157 0.493113
vt 0.721962 0.497354
vt 0.673157 0.636926
vt 0.487491 0.786422
vt 0.487491 0.715455
vt 0.508101 0.715455
vt 0.126598 0.749722
vt 0.079087 0.749732
vt 0.126598 0.678755
vt 0.508101 0.786422
vt 0.079087 0.678765
vt 0.530561 0.786416
vt 0.065439 0.678787
vt 0.530561 0.715448
vt 0.065439 0.749753
vt 0.826666 0.747507
vt 0.826666 0.680031
vt 0.840906 0.750738
vt 0.199972 0.732423
vt 0.132496 0.732423
vt 0.132454 0.713517
vt 0.840906 0.683262
vt 0.199929 0.713517
vt 0.178573 0.803403
vt 0.178573 0.732436
vt 0.193893 0.803397
vt 0.130872 0.693091
vt 0.193893 0.732430
vt 0.198348 0.693091
vt 0.207483 0.803390
vt 0.134254 0.677569
vt 0.207483 0.732423
vt 0.201730 0.677569
vt 0.134815 0.659259
vt 0.202291 0.659259
vt 0.556227 0.772569
vt 0.556227 0.711447
vt 0.611282 0.772563
vt 0.611282 0.711441
vt 0.130872 0.830847
vt 0.157440 0.789154
vt 0.157440 0.832693
vt 0.130872 0.787308
vt 0.065439 0.678755
vt 0.128513 0.667134
vt 0.128511 0.678720
vt 0.065441 0.667169
vt 0.128540 0.655044
vt 0.065468 0.655079
vt 0.065468 0.630632
vt 0.128540 0.630597
vt 0.065447 0.603239
vt 0.128519 0.603204
vt 0.128520 0.580080
vt 0.065448 0.580115
vt 0.753642 0.260540
vt 0.753642 0.317638
vt 0.728360 0.315241
vt 0.728360 0.258143
vt 0.000000 0.830031
vt 0.000000 0.772933
vt 0.013381 0.832815
vt 0.013381 0.775717
vt 0.028929 0.833405
vt 0.028929 0.776307
vt 0.000006 0.427680
vt 0.000005 0.384843
vt 0.065438 0.384841
vt 0.065435 0.352390
vt 0.065439 0.427678
vt 0.000002 0.352392
vt 0.724463 0.787930
vt 0.724463 0.725716
vt 0.738266 0.727024
vt 0.065437 0.320318
vt 0.738266 0.789238
vt 0.000004 0.320320
vt 0.764193 0.729482
vt 0.065433 0.287765
vt 0.764193 0.791696
vt 0.000000 0.287767
vt 0.065439 0.255785
vt 0.130872 0.427429
vt 0.065439 0.427415
vt 0.065436 0.255794
vt 0.065439 0.243111
vt 0.130872 0.000014
vt 0.065439 0.000000
vt 0.000003 0.255796
vt 0.065439 0.243436
vt 0.000006 0.243438
vt 0.000001 0.000002
vt 0.065435 0.000000
vt 0.611282 0.771496
vt 0.611282 0.711444
vt 0.621060 0.771493
vt 0.621060 0.711441
vt 0.531351 0.224823
vt 0.539674 0.163735
vt 0.539674 0.222845
vt 0.531351 0.161751
vt 0.575132 0.814846
vt 0.575132 0.774042
vt 0.594716 0.820415
vt 0.556227 0.813373
vt 0.594716 0.779611
vt 0.393138 0.235306
vt 0.452248 0.235306
vt 0.452249 0.256712
vt 0.393139 0.256712
vt 0.452247 0.268846
vt 0.393137 0.268846
vt 0.452246 0.284731
vt 0.393135 0.284731
vt 0.393137 0.303935
vt 0.452247 0.303935
vt 0.795278 0.580652
vt 0.795278 0.539198
vt 0.810164 0.584773
vt 0.810164 0.543319
vt 0.844191 0.298422
vt 0.829104 0.238367
vt 0.844191 0.238370
vt 0.829104 0.298419
vt 0.788262 0.750738
vt 0.807201 0.707704
vt 0.807201 0.745708
vt 0.788262 0.712734
vt 0.826666 0.705847
vt 0.826666 0.743851
vt 0.530179 0.786484
vt 0.513573 0.841476
vt 0.513573 0.786422
vt 0.530179 0.841538
vt 0.393444 0.762648
vt 0.434186 0.786655
vt 0.396463 0.782043
vt 0.431167 0.767260
vt 0.396463 0.752555
vt 0.434186 0.757167
vt 0.429436 0.741090
vt 0.391713 0.736479
vt 0.430606 0.727601
vt 0.392883 0.722989
vt 0.180524 0.415137
vt 0.180524 -0.000000
vt 0.228752 0.415148
vt 0.228752 0.000010
vt 0.616282 0.711441
vt 0.556229 0.687355
vt 0.616282 0.687356
vt 0.556230 0.711440
vt 0.556230 0.672057
vt 0.616282 0.672058
vt 0.556227 0.639090
vt 0.616280 0.639092
vt 0.556230 0.615298
vt 0.616282 0.615299
vt 0.637279 0.164796
vt 0.588168 0.192845
vt 0.602538 0.168086
vt 0.592300 0.174508
vt 0.584549 0.229079
vt 0.580245 0.211541
vt 0.591351 0.262963
vt 0.581901 0.247275
vt 0.602065 0.278530
vt 0.637279 0.308360
vt 0.606302 0.294711
vt 0.622229 0.309785
vt 0.453187 0.161751
vt 0.501447 0.272713
vt 0.453187 0.306045
vt 0.495641 0.289380
vt 0.473813 0.306046
vt 0.516130 0.256047
vt 0.525453 0.221344
vt 0.529081 0.239381
vt 0.520492 0.185270
vt 0.531351 0.203307
vt 0.500798 0.161753
vt 0.514830 0.167233
vt 0.547544 0.715448
vt 0.487492 0.715448
vt 0.487491 0.697656
vt 0.547544 0.697655
vt 0.487491 0.687300
vt 0.547543 0.687299
vt 0.487492 0.623187
vt 0.547544 0.623186
vt 0.359835 0.314665
vt 0.359835 0.136109
vt 0.367375 0.243786
vt 0.393135 0.317819
vt 0.367375 0.145179
vt 0.386768 0.245622
vt 0.367375 0.135870
vt 0.351366 0.125998
vt 0.367375 0.131679
vt 0.343955 0.101633
vt 0.386768 0.133516
vt 0.351366 0.078671
vt 0.393135 0.003897
vt 0.346549 0.054551
vt 0.351366 0.031344
vt 0.366280 0.001354
vt 0.351984 -0.000000
vt 0.130872 0.171990
vt 0.180524 0.139703
vt 0.156879 0.177673
vt 0.173041 0.171989
vt 0.164491 0.184690
vt 0.173041 0.107417
vt 0.137300 0.177673
vt 0.156879 0.330629
vt 0.164491 0.428310
vt 0.130872 0.428311
vt 0.137300 0.330629
vt 0.130872 0.184691
vt 0.137300 0.196092
vt 0.137301 0.183391
vt 0.130872 0.000001
vt 0.177905 0.075131
vt 0.173041 0.042845
vt 0.157984 0.000001
vt 0.172418 0.000000
vt 0.279383 0.689394
vt 0.330846 0.689394
vt 0.326750 0.706032
vt 0.280959 0.706032
vt 0.282659 0.723982
vt 0.328647 0.726062
vt 0.324643 0.743668
vt 0.314464 0.751988
vt 0.285705 0.756147
vt 0.312040 0.760307
vt 0.643853 0.745886
vt 0.673154 0.751587
vt 0.647081 0.757288
vt 0.673156 0.707505
vt 0.632831 0.734485
vt 0.627131 0.710356
vt 0.627132 0.682905
vt 0.673156 0.682905
vt 0.673157 0.660103
vt 0.621432 0.660103
vt 0.514071 0.404335
vt 0.561298 0.320299
vt 0.561298 0.493113
vt 0.526642 0.323945
vt 0.535111 0.317819
vt 0.500114 0.340429
vt 0.511365 0.320499
vt 0.496087 0.322480
vt 0.490931 0.363475
vt 0.490884 0.374690
vt 0.500009 0.393683
vt 0.487490 0.391937
vt 0.513546 0.417320
vt 0.511214 0.424628
vt 0.526642 0.478603
vt 0.532288 0.490366
vt 0.512676 0.471835
vt 0.228752 0.766947
vt 0.228752 0.829161
vt 0.210029 0.827386
vt 0.065433 0.562116
vt -0.000000 0.427681
vt 0.065433 0.427680
vt 0.210029 0.765172
vt 0.000000 0.580522
vt 0.130872 0.561700
vt 0.065439 0.427429
vt 0.130872 0.427443
vt 0.065433 0.574807
vt 0.065439 0.580066
vt 0.065433 0.580521
vt 0.130872 0.574374
vt 0.157440 0.834166
vt 0.157440 0.788998
vt 0.176880 0.832477
vt 0.176880 0.787308
vt 0.130872 0.580080
vt 0.228752 0.235786
vt 0.263740 0.220465
vt 0.258040 0.235785
vt 0.279316 0.148816
vt 0.277840 0.213035
vt 0.276961 0.138544
vt 0.276432 0.120759
vt 0.228752 0.000001
vt 0.255189 -0.000000
vt 0.263740 0.009452
vt 0.290522 0.035369
vt 0.279163 0.006724
vt 0.294587 0.011400
vt 0.299793 0.067999
vt 0.299841 0.083308
vt 0.290628 0.108042
vt 0.303267 0.107276
vt 0.796869 0.447691
vt 0.759829 0.435169
vt 0.796869 0.429661
vt 0.756154 0.423063
vt 0.760168 0.409473
vt 0.796869 0.412948
vt 0.763814 0.444561
vt 0.778518 0.468861
vt 0.760168 0.459812
vt 0.796868 0.473733
vt 0.247278 0.786674
vt 0.262123 0.755418
vt 0.265804 0.776697
vt 0.228752 0.755419
vt 0.228752 0.790950
vt 0.266146 0.743118
vt 0.228752 0.730819
vt 0.269857 0.727077
vt 0.265804 0.708016
vt 0.228752 0.708017
vt 0.692129 0.019496
vt 0.643380 0.009313
vt 0.692800 0.000000
vt 0.637269 0.035271
vt 0.688242 0.038622
vt 0.639798 0.058866
vt 0.645468 0.068274
vt 0.695380 0.059017
vt 0.644691 0.087758
vt 0.695035 0.078551
vt 0.690294 0.087994
vt 0.640290 0.106825
vt 0.692241 0.104539
vt 0.637269 0.114807
vt 0.640657 0.127177
vt 0.688752 0.117610
vt 0.135168 0.451337
vt 0.199581 0.428311
vt 0.207656 0.453815
vt 0.134281 0.431184
vt 0.140304 0.470287
vt 0.204314 0.479056
vt 0.196821 0.490308
vt 0.130872 0.493365
vt 0.197848 0.510422
vt 0.131328 0.513641
vt 0.137592 0.522278
vt 0.203664 0.529178
vt 0.135020 0.540021
vt 0.207656 0.536730
vt 0.203178 0.550488
vt 0.139630 0.552759
vt 0.539943 0.121223
vt 0.563543 0.109871
vt 0.551081 0.122278
vt 0.563543 0.135948
vt 0.551081 0.234384
vt 0.563543 0.071996
vt 0.563543 0.258589
vt 0.539943 0.233329
vt 0.539943 0.304904
vt 0.580245 0.308721
vt 0.575688 0.259739
vt 0.575688 0.137098
vt 0.575688 0.111022
vt 0.580245 0.003817
vt 0.575688 0.073146
vt 0.575688 0.058376
vt 0.575688 0.020501
vt 0.563543 0.019351
vt 0.563543 0.057226
vt 0.539943 0.000000
vt 0.307867 0.095182
vt 0.320128 0.075030
vt 0.320128 0.095181
vt 0.343954 0.165395
vt 0.320128 0.146858
vt 0.343954 0.000000
vt 0.332710 0.165395
vt 0.320128 0.023353
vt 0.307867 0.146858
vt 0.303267 0.000001
vt 0.307867 0.075030
vt 0.307867 0.023353
vt 0.307867 0.182437
vt 0.303267 0.416007
vt 0.320128 0.182437
vt 0.307867 0.349766
vt 0.332710 0.318351
vt 0.320128 0.349765
vt 0.343955 0.416005
vt 0.343955 0.318351
vt 0.211210 0.558079
vt 0.205322 0.584859
vt 0.205322 0.552759
vt 0.211210 0.583952
vt 0.211210 0.601865
vt 0.205322 0.602772
vt 0.211210 0.618470
vt 0.205322 0.619377
vt 0.537073 0.307761
vt 0.531351 0.272226
vt 0.537073 0.272231
vt 0.531351 0.316308
vt 0.531351 0.247626
vt 0.537073 0.247631
vt 0.537073 0.224828
vt 0.393135 0.235293
vt 0.393135 -0.000000
vt 0.453187 0.235306
vt 0.453187 0.000013
vt 0.051922 0.832985
vt 0.051922 0.772933
vt 0.064077 0.832991
vt 0.064077 0.772939
vt 0.854576 0.680571
vt 0.867216 0.721485
vt 0.854576 0.722026
vt 0.867216 0.680031
vt 0.863018 0.410585
vt 0.863018 0.456440
vt 0.851292 0.455329
vt 0.851292 0.409473
vt 0.621432 0.757288
vt 0.669661 0.757288
vt 0.669661 0.808925
vt 0.811945 0.584784
vt 0.763717 0.636342
vt 0.763717 0.584773
vt 0.621432 0.808926
vt 0.811945 0.636353
vt 0.724402 0.248601
vt 0.724402 0.215309
vt 0.736577 0.247543
vt 0.736577 0.214251
vt 0.850664 0.348700
vt 0.850664 0.302844
vt 0.862389 0.349811
vt 0.862389 0.303956
vt 0.327611 0.760317
vt 0.279383 0.811876
vt 0.279383 0.760307
vt 0.065439 0.749754
vt 0.113668 0.749753
vt 0.113668 0.801391
vt 0.327611 0.811886
vt 0.886692 0.162957
vt 0.874517 0.130722
vt 0.886692 0.129665
vt 0.065439 0.801392
vt 0.874517 0.164015
vt 0.850627 0.808668
vt 0.850627 0.762812
vt 0.862353 0.809780
vt 0.862353 0.763924
vt 0.673157 0.493124
vt 0.624929 0.660092
vt 0.624929 0.493113
vt 0.666550 0.317819
vt 0.666550 0.485021
vt 0.618322 0.317820
vt 0.888048 0.128607
vt 0.875873 0.096372
vt 0.888048 0.095314
vt 0.875873 0.129665
vt 0.618322 0.485022
vt 0.389159 0.732477
vt 0.389159 0.784822
vt 0.363351 0.782639
vt 0.363351 0.730293
vt 0.343955 0.777528
vt 0.343955 0.725182
vt 0.064624 0.712130
vt 0.064624 0.767185
vt 0.054012 0.767188
vt 0.054012 0.712134
vt 0.054012 0.720587
vt 0.054012 0.772933
vt 0.036556 0.769821
vt 0.036556 0.717475
vt 0.017642 0.768183
vt 0.017642 0.715837
vt 0.009132 0.715607
vt 0.009132 0.767953
vt 0.000000 0.712130
vt 0.000000 0.764476
vt 0.685507 0.144515
vt 0.685507 0.309785
vt 0.637279 0.144515
vt 0.637279 0.309785
vt 0.881502 0.337107
vt 0.892667 0.302844
vt 0.892667 0.336136
vt 0.881502 0.303814
vt 0.666550 0.470660
vt 0.666550 0.317820
vt 0.714779 0.470660
vt 0.714779 0.317819
vt 0.868460 0.591907
vt 0.868460 0.637763
vt 0.857707 0.636744
vt 0.857707 0.590888
vt 0.439262 0.667122
vt 0.487491 0.764702
vt 0.439262 0.764703
vt 0.487491 0.667121
vt 0.789467 0.817616
vt 0.789468 0.762812
vt 0.811660 0.817625
vt 0.767359 0.817626
vt 0.767359 0.762822
vt 0.811660 0.762821
vt 0.327440 0.689394
vt 0.333474 0.632244
vt 0.333474 0.684475
vt 0.279383 0.627545
vt 0.285417 0.685743
vt 0.279383 0.679775
vt 0.331377 0.626166
vt 0.281480 0.621831
vt 0.288581 0.580778
vt 0.281480 0.585502
vt 0.324277 0.583880
vt 0.331377 0.589837
vt 0.810934 0.372710
vt 0.810934 0.311605
vt 0.833881 0.311600
vt 0.833881 0.372705
vt 0.834234 0.302844
vt 0.437735 0.839061
vt 0.414740 0.786655
vt 0.437735 0.786656
vt 0.811287 0.302849
vt 0.414740 0.839060
vt 0.811287 0.381502
vt 0.834234 0.381497
vt 0.274473 0.790950
vt 0.274473 0.843089
vt 0.257694 0.792538
vt 0.257694 0.844678
vt 0.113668 0.821115
vt 0.130446 0.819526
vt 0.113668 0.857381
vt 0.130446 0.855792
vt 0.814788 0.557804
vt 0.837557 0.547482
vt 0.837766 0.557804
vt 0.814579 0.547482
vt 0.814579 0.495575
vt 0.837557 0.495576
vt 0.837766 0.485249
vt 0.814788 0.485249
vt 0.113331 0.801393
vt 0.090336 0.837843
vt 0.090336 0.801392
vt 0.113331 0.837843
vt 0.209768 0.826406
vt 0.203818 0.803403
vt 0.209768 0.803410
vt 0.203818 0.826398
vt 0.178399 0.909361
vt 0.178399 0.926106
vt 0.172176 0.910980
vt 0.172175 0.927724
vt 0.695596 0.796438
vt 0.695596 0.836345
vt 0.673157 0.797305
vt 0.673157 0.837212
vt 0.695596 0.837083
vt 0.695596 0.796916
vt 0.718059 0.836605
vt 0.718059 0.796438
vt 0.154712 0.732619
vt 0.178573 0.787122
vt 0.154712 0.787308
vt 0.130872 0.732423
vt 0.130872 0.787112
vt 0.178573 0.732433
vt 0.130872 0.604461
vt 0.139177 0.659259
vt 0.130872 0.654800
vt 0.197017 0.653776
vt 0.205322 0.597403
vt 0.202436 0.591994
vt 0.133758 0.598504
vt 0.143531 0.557417
vt 0.133758 0.563491
vt 0.192663 0.552759
vt 0.202436 0.556980
vt 0.205322 0.647742
vt 0.697006 0.741560
vt 0.697006 0.796322
vt 0.673157 0.741676
vt 0.720858 0.796437
vt 0.720858 0.741675
vt 0.673157 0.796438
vt 0.342414 0.580778
vt 0.287516 0.522112
vt 0.343955 0.527016
vt 0.279383 0.575302
vt 0.287515 0.469014
vt 0.343954 0.473918
vt 0.279383 0.416007
vt 0.342414 0.421483
vt 0.756154 0.409472
vt 0.756154 0.317819
vt 0.787757 0.317819
vt 0.787757 0.409473
vt 0.391712 0.840514
vt 0.396563 0.786949
vt 0.414740 0.840142
vt 0.810934 0.302844
vt 0.806873 0.355695
vt 0.792639 0.303168
vt 0.788578 0.356019
vt 0.810934 0.409062
vt 0.301463 0.342392
vt 0.276497 0.289115
vt 0.301463 0.289116
vt 0.301475 0.235787
vt 0.269847 0.235786
vt 0.276497 0.342391
vt 0.269847 0.395614
vt 0.301475 0.395615
vt 0.763717 0.493120
vt 0.795278 0.493113
vt 0.795278 0.584767
vt 0.457724 0.110145
vt 0.539943 0.153527
vt 0.535406 0.102781
vt 0.457724 0.058970
vt 0.453187 0.008224
vt 0.535406 0.051606
vt 0.788262 0.705846
vt 0.788262 0.641167
vt 0.825073 0.705847
vt 0.855907 0.212893
vt 0.842254 0.165130
vt 0.855907 0.168245
vt 0.842254 0.209778
vt 0.825073 0.641167
vt 0.486768 0.829131
vt 0.476024 0.764703
vt 0.486768 0.767633
vt 0.476024 0.826200
vt 0.750298 0.797246
vt 0.724463 0.794799
vt 0.737381 0.791696
vt 0.724463 0.821799
vt 0.750298 0.824246
vt 0.737381 0.827349
vt 0.513573 0.792324
vt 0.487491 0.792325
vt 0.500532 0.786422
vt 0.487491 0.829163
vt 0.513573 0.829163
vt 0.500532 0.835066
vt 0.753642 0.165130
vt 0.753642 0.000001
vt 0.778218 0.165129
vt 0.778218 0.000000
vt 0.439236 0.592822
vt 0.414893 0.469489
vt 0.439236 0.471794
vt 0.414894 0.590517
vt 0.211704 0.765172
vt 0.211704 0.415148
vt 0.228752 0.765171
vt 0.753641 0.258143
vt 0.736756 0.000000
vt 0.753642 0.001599
vt 0.736756 0.256544
vt 0.806905 0.164147
vt 0.806905 0.124784
vt 0.831307 0.162027
vt 0.637269 0.000012
vt 0.580245 0.164784
vt 0.580245 -0.000000
vt 0.637269 0.164796
vt 0.390448 0.841269
vt 0.366947 0.784822
vt 0.390448 0.787050
vt 0.366947 0.839041
vt 0.561298 0.482824
vt 0.618322 0.317819
vt 0.618322 0.482823
vt 0.561298 0.317820
vt 0.831307 0.122664
vt 0.857242 0.385245
vt 0.857242 0.356877
vt 0.874169 0.383774
vt 0.487491 0.317828
vt 0.446396 0.667112
vt 0.446396 0.317819
vt 0.322719 0.852505
vt 0.306416 0.811886
vt 0.322719 0.813432
vt 0.306416 0.850959
vt 0.228752 0.585547
vt 0.269847 0.585546
vt 0.228752 0.235787
vt 0.874169 0.355406
vt 0.845505 0.152097
vt 0.845505 0.107449
vt 0.857750 0.146732
vt 0.476024 0.829382
vt 0.439262 0.764711
vt 0.439262 0.829390
vt 0.845505 0.163581
vt 0.831307 0.102650
vt 0.845505 0.102084
vt 0.831307 0.164147
vt 0.857750 0.102084
vt 0.553090 0.721890
vt 0.530561 0.719757
vt 0.541825 0.715448
vt 0.530561 0.809376
vt 0.553090 0.811509
vt 0.541825 0.815818
vt 0.776387 0.172463
vt 0.753642 0.172464
vt 0.765015 0.165130
vt 0.753642 0.294739
vt 0.776387 0.294738
vt 0.765015 0.302072
vt 0.556227 0.615298
vt 0.624929 0.615296
vt 0.556227 0.493115
vt 0.269847 0.556136
vt 0.269847 0.490815
vt 0.278577 0.559340
vt 0.278577 0.494019
vt 0.856357 0.290079
vt 0.844191 0.238367
vt 0.856357 0.242654
vt 0.844191 0.285792
vt 0.487526 0.615133
vt 0.556201 0.493113
vt 0.556227 0.615133
vt 0.487491 0.623186
vt 0.556191 0.623186
vt 0.487500 0.493113
vt 0.343868 0.754715
vt 0.330846 0.690535
vt 0.343868 0.689394
vt 0.330846 0.755857
vt 0.547556 0.624658
vt 0.556227 0.673988
vt 0.547556 0.675460
vt 0.556227 0.623187
vt 0.202291 0.660572
vt 0.211013 0.710391
vt 0.202291 0.711704
vt 0.211013 0.659259
vt 0.877251 0.221901
vt 0.876258 0.207383
vt 0.879392 0.213742
vt 0.867790 0.206647
vt 0.866797 0.220993
vt 0.872024 0.237670
vt 0.876258 0.236246
vt 0.879392 0.230431
vt 0.864656 0.212462
vt 0.867790 0.235511
vt 0.864656 0.229151
vt 0.850627 0.815326
vt 0.842413 0.762945
vt 0.547556 0.677141
vt 0.556103 0.713729
vt 0.547556 0.715410
vt 0.556103 0.675460
vt 0.706575 0.485349
vt 0.700802 0.470660
vt 0.706575 0.476542
vt 0.692639 0.492410
vt 0.700803 0.491922
vt 0.834234 0.302845
vt 0.842486 0.355406
vt 0.834234 0.355398
vt 0.834196 0.762813
vt 0.842413 0.815459
vt 0.834196 0.815326
vt 0.686866 0.477721
vt 0.686866 0.486528
vt 0.850664 0.355397
vt 0.842486 0.302853
vt 0.766729 0.791918
vt 0.766729 0.844362
vt 0.758525 0.791696
vt 0.692639 0.471149
vt 0.758525 0.844140
vt 0.750298 0.791915
vt 0.750298 0.844358
vt 0.616282 0.616820
vt 0.624889 0.653815
vt 0.616282 0.655338
vt 0.624889 0.615297
vt 0.805712 0.409712
vt 0.814579 0.536861
vt 0.805712 0.537096
vt 0.796869 0.409473
vt 0.796869 0.536857
vt 0.279124 0.395615
vt 0.279124 0.489174
vt 0.269847 0.397256
vt 0.814579 0.409477
vt 0.333474 0.675544
vt 0.333474 0.582590
vt 0.342688 0.673732
vt 0.045506 0.708220
vt 0.045506 0.580665
vt 0.054360 0.708077
vt 0.342688 0.580778
vt 0.054360 0.580522
vt 0.063217 0.708219
vt 0.063217 0.580665
vt 0.814468 0.165139
vt 0.814468 0.292789
vt 0.805572 0.165130
vt 0.805572 0.292781
vt 0.796758 0.165139
vt 0.796758 0.292790
vt 0.306416 0.819954
vt 0.306416 0.832034
vt 0.298499 0.811886
vt 0.279383 0.821571
vt 0.287301 0.841718
vt 0.298498 0.841049
vt 0.279383 0.833650
vt 0.287301 0.812556
vt 0.173409 0.834166
vt 0.174776 0.847946
vt 0.161754 0.835271
vt 0.177723 0.839624
vt 0.160388 0.849310
vt 0.167582 0.864264
vt 0.173409 0.861985
vt 0.177723 0.855709
vt 0.161754 0.863090
vt 0.157440 0.857632
vt 0.157440 0.841547
vt 0.736716 0.144517
vt 0.730553 0.214251
vt 0.730553 0.144632
vt 0.736716 0.214136
vt 0.445914 0.609040
vt 0.445914 0.660173
vt 0.439236 0.662671
vt 0.724402 0.214133
vt 0.724402 0.144515
vt 0.445294 0.539264
vt 0.439236 0.609040
vt 0.439236 0.539276
vt 0.445294 0.609029
vt 0.439236 0.611538
vt 0.113668 0.819518
vt 0.113668 0.749754
vt 0.122074 0.819526
vt 0.122074 0.749761
vt 0.130412 0.819518
vt 0.130412 0.749753
vt 0.445394 0.469500
vt 0.439237 0.539253
vt 0.439236 0.469489
vt 0.445394 0.539264
vt 0.269857 0.761448
vt 0.276441 0.708016
vt 0.276441 0.758817
vt 0.269857 0.710646
vt 0.849570 0.485249
vt 0.849570 0.540696
vt 0.837766 0.487337
vt 0.834483 0.636054
vt 0.823198 0.560860
vt 0.834483 0.560560
vt 0.823198 0.636353
vt 0.842163 0.057394
vt 0.842163 0.002305
vt 0.853887 0.055088
vt 0.837766 0.542784
vt 0.814579 0.485249
vt 0.814579 0.409655
vt 0.825846 0.485067
vt 0.853887 -0.000000
vt 0.825846 0.409473
vt 0.837117 0.485249
vt 0.834196 0.762824
vt 0.834196 0.838475
vt 0.822877 0.762813
vt 0.837117 0.409655
vt 0.822877 0.838464
vt 0.811660 0.762824
vt 0.811660 0.838476
vt 0.811945 0.560555
vt 0.811945 0.636049
vt 0.366946 0.784834
vt 0.355398 0.844575
vt 0.355398 0.784822
vt 0.366946 0.844586
vt 0.040424 0.832641
vt 0.051922 0.773118
vt 0.051922 0.832826
vt 0.343955 0.844586
vt 0.343955 0.784834
vt 0.594717 0.832197
vt 0.606197 0.772879
vt 0.606197 0.832507
vt 0.594717 0.772569
vt 0.617710 0.772574
vt 0.617710 0.832202
vt 0.861614 0.485249
vt 0.849570 0.531174
vt 0.849570 0.487379
vt 0.861614 0.529043
vt 0.853887 0.045863
vt 0.853887 0.002352
vt 0.865848 -0.000000
vt 0.865848 0.043511
vt 0.028929 0.832826
vt 0.028929 0.773118
vt 0.040424 0.772933
vt 0.629510 0.839362
vt 0.639304 0.834531
vt 0.640934 0.838679
vt 0.649012 0.829481
vt 0.645076 0.827958
vt 0.631140 0.835019
vt 0.625368 0.829137
vt 0.621432 0.831131
vt 0.621432 0.818807
vt 0.625368 0.820330
vt 0.631140 0.813757
vt 0.640934 0.808926
vt 0.639304 0.813269
vt 0.629510 0.809609
vt 0.645077 0.819151
vt 0.649012 0.817157
vt 0.810743 0.824983
vt 0.795880 0.819411
vt 0.804587 0.817626
vt 0.804587 0.847056
vt 0.810743 0.837173
vt 0.789724 0.841484
vt 0.795880 0.848841
vt 0.789724 0.829294
vt 0.693489 0.866236
vt 0.678539 0.850906
vt 0.693489 0.848230
vt 0.674600 0.861062
vt 0.680249 0.837212
vt 0.673157 0.845504
vt 0.906627 0.792366
vt 0.917960 0.812279
vt 0.905083 0.812561
vt 0.917960 0.789337
vt 0.454260 0.944049
vt 0.461321 0.921945
vt 0.463818 0.941659
vt 0.454260 0.921106
vt 0.922555 0.032098
vt 0.934747 0.029384
vt 0.930962 0.047138
vt 0.943716 0.273623
vt 0.936934 0.257363
vt 0.949417 0.257363
vt 0.940622 0.273853
vt 0.934747 0.049255
vt 0.936942 0.700266
vt 0.928986 0.683901
vt 0.936057 0.680031
vt 0.925074 0.700266
vt 0.530457 0.949457
vt 0.541899 0.953315
vt 0.530457 0.963190
vt 0.866098 0.970938
vt 0.866098 0.987497
vt 0.862965 0.972475
vt 0.428186 0.958733
vt 0.437923 0.943518
vt 0.439238 0.958733
vt 0.895934 0.025910
vt 0.881351 0.000000
vt 0.895934 0.004419
vt 0.883306 0.025695
vt 0.203946 0.870535
vt 0.194049 0.889341
vt 0.194049 0.866188
vt 0.200838 0.896116
vt 0.934855 0.224041
vt 0.938796 0.233297
vt 0.933937 0.224648
vt 0.932679 0.224887
vt 0.932679 0.236554
vt 0.942878 0.228056
vt 0.963088 0.045164
vt 0.958168 0.054724
vt 0.958168 0.042589
vt 0.959220 0.054793
vt 0.960155 0.055242
vt 0.967856 0.049616
vt 0.925758 0.447314
vt 0.938876 0.435104
vt 0.938876 0.452966
vt 0.856666 0.100421
vt 0.861495 0.090238
vt 0.861495 0.101308
vt 0.854859 0.088754
vt 0.787377 0.936460
vt 0.788625 0.948060
vt 0.782306 0.936277
vt 0.781565 0.948060
vt 0.463858 0.855904
vt 0.463858 0.876693
vt 0.461232 0.858262
vt 0.458338 0.877233
vt 0.194049 0.922211
vt 0.203647 0.929260
vt 0.194049 0.944224
vt 0.854870 0.946269
vt 0.847963 0.938582
vt 0.854870 0.934072
vt 0.291466 0.991516
vt 0.291466 0.970938
vt 0.294914 0.973783
vt 0.962925 0.354665
vt 0.968514 0.368305
vt 0.962925 0.371534
vt 0.549539 0.848219
vt 0.555176 0.867227
vt 0.549539 0.869710
vt 0.959244 0.525746
vt 0.959244 0.541578
vt 0.948253 0.528888
vt 0.129067 0.921042
vt 0.112806 0.916448
vt 0.129067 0.903185
vt 0.962651 0.469931
vt 0.953725 0.476318
vt 0.953725 0.458255
vt 0.930103 0.184870
vt 0.930103 0.163688
vt 0.940896 0.177869
vt 0.275847 0.970938
vt 0.283028 0.980049
vt 0.275911 0.980063
vt 0.283657 0.970938
vt 0.290830 0.970952
vt 0.283657 0.980063
vt 0.283715 0.970938
vt 0.291466 0.980063
vt 0.788671 0.931531
vt 0.802001 0.935961
vt 0.788671 0.947591
vt 0.801531 0.931214
vt 0.193083 0.947203
vt 0.180286 0.946873
vt 0.193083 0.930081
vt 0.936289 0.046477
vt 0.939939 0.054685
vt 0.935670 0.046835
vt 0.934747 0.046956
vt 0.934747 0.057081
vt 0.943342 0.050507
vt 0.370919 0.960177
vt 0.366801 0.968916
vt 0.366801 0.958340
vt 0.367554 0.968917
vt 0.368168 0.969171
vt 0.374847 0.963699
vt 0.530179 0.872259
vt 0.530179 0.892448
vt 0.511396 0.881548
vt 0.598530 0.970938
vt 0.605222 0.978901
vt 0.598570 0.978913
vt 0.606221 0.970938
vt 0.612906 0.970950
vt 0.606221 0.978913
vt 0.606255 0.970938
vt 0.613911 0.978913
vt 0.343955 0.909084
vt 0.354265 0.890135
vt 0.360731 0.909084
vt 0.090336 0.889527
vt 0.094916 0.909566
vt 0.090336 0.909716
vt 0.106415 0.890795
vt 0.411478 0.981004
vt 0.416029 0.972129
vt 0.416029 0.981682
vt 0.409804 0.970938
vt 0.435491 0.971122
vt 0.436980 0.981137
vt 0.430765 0.970938
vt 0.430431 0.981137
vt 0.024017 0.980744
vt 0.015671 0.977451
vt 0.024017 0.970938
vt 0.733135 0.253353
vt 0.724402 0.258138
vt 0.046809 0.952812
vt 0.049298 0.940210
vt 0.049298 0.953122
vt 0.042908 0.942052
vt 0.276573 0.890415
vt 0.279069 0.908838
vt 0.272677 0.905969
vt 0.279069 0.890213
vt 0.961862 0.266592
vt 0.967210 0.257363
vt 0.966653 0.264484
vt 0.958647 0.260599
vt 0.958647 0.271566
vt 0.546956 0.970938
vt 0.546956 0.982766
vt 0.541640 0.976754
vt 0.952760 0.163174
vt 0.957708 0.153620
vt 0.959222 0.158646
vt 0.949194 0.154566
vt 0.959222 0.148393
vt 0.950086 0.146283
vt 0.767359 0.889311
vt 0.781709 0.873547
vt 0.781709 0.898897
vt 0.768910 0.873286
vt 0.386557 0.841269
vt 0.387931 0.867490
vt 0.369220 0.849342
vt 0.366947 0.867490
vt 0.505095 0.881568
vt 0.487491 0.864060
vt 0.504175 0.865820
vt 0.487491 0.888385
vt 0.559354 0.869192
vt 0.577170 0.852341
vt 0.577170 0.876149
vt 0.556227 0.853670
vt 0.962069 0.603732
vt 0.968022 0.591735
vt 0.968022 0.604156
vt 0.958994 0.590888
vt 0.964542 0.029514
vt 0.967519 0.042589
vt 0.958404 0.029384
vt 0.958167 0.042589
vt 0.875202 0.190210
vt 0.888207 0.165130
vt 0.888207 0.194007
vt 0.873147 0.166509
vt 0.891660 0.789337
vt 0.878626 0.766490
vt 0.891660 0.762812
vt 0.876612 0.787819
vt 0.971939 0.406692
vt 0.971939 0.395336
vt 0.975395 0.401249
vt 0.237913 0.970938
vt 0.237913 0.980193
vt 0.229887 0.978202
vt 0.971939 0.249119
vt 0.971939 0.237428
vt 0.975729 0.243039
vt 0.136517 0.970938
vt 0.136517 0.983724
vt 0.130409 0.976933
vt 0.940435 0.782198
vt 0.945375 0.771747
vt 0.947160 0.777973
vt 0.936418 0.772252
vt 0.947160 0.765345
vt 0.937254 0.762812
vt 0.479290 0.317481
vt 0.489657 0.307874
vt 0.489668 0.317415
vt 0.479290 0.306066
vt 0.500036 0.315664
vt 0.489668 0.306066
vt 0.500047 0.306124
vt 0.489668 0.317479
vt 0.972399 0.939887
vt 0.972399 0.949737
vt 0.971939 0.940219
vt 0.613911 0.984346
vt 0.613911 0.970938
vt 0.618481 0.980691
vt 0.782558 0.976903
vt 0.788445 0.970994
vt 0.788445 0.980315
vt 0.782558 0.970938
vt 0.718522 0.970938
vt 0.722485 0.974217
vt 0.718522 0.984951
vt 0.718719 0.985498
vt 0.217276 0.973381
vt 0.222986 0.984082
vt 0.217276 0.981793
vt 0.222986 0.970938
vt 0.436980 0.975245
vt 0.443867 0.970938
vt 0.443867 0.980630
vt 0.423614 0.970938
vt 0.423614 0.979747
vt 0.416029 0.975065
vt 0.860391 0.735828
vt 0.877213 0.749997
vt 0.860391 0.758193
vt 0.877240 0.729374
vt 0.849570 0.538213
vt 0.869436 0.531174
vt 0.849570 0.558192
vt 0.867560 0.553460
vt 0.688542 0.970938
vt 0.688542 0.980312
vt 0.682274 0.974363
vt 0.660703 0.979556
vt 0.653710 0.975902
vt 0.660703 0.970938
vt 0.974361 0.017850
vt 0.971939 0.034536
vt 0.971939 0.015283
vt 0.961626 0.518532
vt 0.967733 0.507217
vt 0.967733 0.523335
vt 0.632533 0.970938
vt 0.639153 0.979256
vt 0.632601 0.979268
vt 0.639811 0.970938
vt 0.646423 0.970949
vt 0.639811 0.979268
vt 0.639873 0.970938
vt 0.647088 0.979268
vt 0.709940 0.970938
vt 0.712768 0.988008
vt 0.709940 0.991470
vt 0.327482 0.914813
vt 0.321394 0.903456
vt 0.327482 0.898640
vt 0.948949 0.080273
vt 0.957667 0.089776
vt 0.946222 0.089776
vt 0.957284 0.081274
vt 0.953084 0.073721
vt 0.948533 0.074500
vt 0.336015 0.972074
vt 0.331151 0.980890
vt 0.331151 0.970938
vt 0.337195 0.982483
vt 0.382464 0.971074
vt 0.383247 0.981399
vt 0.377298 0.970938
vt 0.376758 0.981399
vt 0.682274 0.978606
vt 0.677308 0.971498
vt 0.677736 0.970938
vt 0.677308 0.982830
vt 0.388739 0.974621
vt 0.383247 0.982831
vt 0.383247 0.970938
vt 0.383807 0.983285
vt 0.112806 0.885639
vt 0.130123 0.883053
vt 0.112806 0.903186
vt 0.128872 0.902689
vt 0.894301 0.680959
vt 0.908856 0.697856
vt 0.894301 0.700635
vt 0.909974 0.680031
vt 0.653710 0.980067
vt 0.651974 0.970938
vt 0.653544 0.971439
vt 0.647088 0.980067
vt 0.928409 0.973278
vt 0.923716 0.981677
vt 0.923716 0.970938
vt 0.925053 0.981727
vt 0.976033 0.191286
vt 0.977854 0.198882
vt 0.971939 0.198882
vt 0.977254 0.191586
vt 0.956038 0.979180
vt 0.958074 0.970938
vt 0.957237 0.978896
vt 0.952203 0.970938
vt 0.937705 0.982404
vt 0.937705 0.970938
vt 0.942060 0.978257
vt 0.964067 0.823021
vt 0.970588 0.815459
vt 0.970588 0.829186
vt 0.950503 0.485201
vt 0.944542 0.473424
vt 0.950340 0.474330
vt 0.940957 0.485201
vt 0.528954 0.972477
vt 0.522281 0.980479
vt 0.522281 0.970938
vt 0.352365 0.973911
vt 0.359729 0.970938
vt 0.359729 0.980252
vt 0.834882 0.388070
vt 0.855593 0.409045
vt 0.834234 0.409045
vt 0.854971 0.385746
vt 0.028929 0.884642
vt 0.046491 0.863116
vt 0.047698 0.884066
vt 0.028929 0.861335
vt 0.535427 0.979273
vt 0.528954 0.970938
vt 0.535106 0.973511
vt 0.528954 0.980719
vt 0.700848 0.955920
vt 0.704940 0.965460
vt 0.700215 0.956319
vt 0.699260 0.956482
vt 0.699260 0.968459
vt 0.708725 0.960490
vt 0.101032 0.980990
vt 0.108984 0.973854
vt 0.108394 0.979655
vt 0.101032 0.970938
vt 0.963834 0.942824
vt 0.959245 0.952933
vt 0.959245 0.940465
vt 0.960038 0.952967
vt 0.960679 0.953258
vt 0.968316 0.947045
vt 0.078480 0.982922
vt 0.082965 0.972371
vt 0.082965 0.983727
vt 0.076618 0.970938
vt 0.014381 0.971134
vt 0.015671 0.983041
vt 0.009676 0.970938
vt 0.008907 0.983041
vt 0.275847 0.983273
vt 0.269996 0.977324
vt 0.971939 0.378016
vt 0.971939 0.366474
vt 0.975414 0.372123
vt 0.928409 0.982309
vt 0.928409 0.970938
vt 0.932832 0.977516
vt 0.587675 0.482824
vt 0.590628 0.492896
vt 0.581082 0.492896
vt 0.609055 0.492896
vt 0.601242 0.483441
vt 0.607424 0.484584
vt 0.599830 0.492896
vt 0.955478 0.858654
vt 0.945814 0.865630
vt 0.946283 0.859033
vt 0.955478 0.870612
vt 0.725860 0.937799
vt 0.737997 0.921736
vt 0.737997 0.938923
vt 0.724463 0.921566
vt 0.530457 0.949456
vt 0.543990 0.934170
vt 0.543990 0.949279
vt 0.531855 0.935302
vt 0.656209 0.927994
vt 0.649012 0.922211
vt 0.655231 0.916250
vt 0.664914 0.930457
vt 0.664914 0.914422
vt 0.649751 0.915812
vt 0.975799 0.232270
vt 0.971939 0.225861
vt 0.573184 0.980539
vt 0.566684 0.977172
vt 0.573184 0.970938
vt 0.461667 0.977076
vt 0.469206 0.970938
vt 0.469206 0.979758
vt 0.539482 0.848219
vt 0.540108 0.827725
vt 0.555444 0.833411
vt 0.530561 0.837477
vt 0.553356 0.815818
vt 0.535432 0.815818
vt 0.194965 0.970938
vt 0.201855 0.980450
vt 0.195044 0.980463
vt 0.202938 0.970938
vt 0.209821 0.970950
vt 0.202938 0.980463
vt 0.203010 0.970938
vt 0.210910 0.980463
vt 0.928024 0.095531
vt 0.915814 0.109003
vt 0.917142 0.095314
vt 0.928024 0.117190
vt 0.919654 0.458255
vt 0.919654 0.480517
vt 0.909072 0.466016
vt 0.907559 0.482020
vt 0.157440 0.961398
vt 0.165615 0.957853
vt 0.165615 0.969228
vt 0.929481 0.889713
vt 0.929481 0.870787
vt 0.941678 0.882823
vt 0.571148 0.482824
vt 0.581082 0.488430
vt 0.571148 0.492793
vt 0.713311 0.924064
vt 0.713311 0.899097
vt 0.724015 0.913001
vt 0.341446 0.833771
vt 0.342970 0.854855
vt 0.327611 0.848046
vt 0.327611 0.869173
vt 0.342259 0.867622
vt 0.178573 0.838195
vt 0.193132 0.820620
vt 0.196404 0.837192
vt 0.178573 0.813783
vt 0.196463 0.803403
vt 0.203818 0.814432
vt 0.544345 0.945226
vt 0.555634 0.945651
vt 0.544345 0.960391
vt 0.366751 0.931261
vt 0.362604 0.941765
vt 0.358824 0.931261
vt 0.590627 0.492896
vt 0.595671 0.483077
vt 0.971939 0.282677
vt 0.971939 0.270561
vt 0.975483 0.277754
vt 0.091377 0.970938
vt 0.091377 0.980555
vt 0.082965 0.978045
vt 0.906980 0.590711
vt 0.916405 0.582789
vt 0.915801 0.588865
vt 0.906980 0.579816
vt 0.076618 0.984286
vt 0.070517 0.976907
vt 0.971939 0.167054
vt 0.971939 0.154884
vt 0.975673 0.161583
vt 0.950999 0.895242
vt 0.941678 0.885714
vt 0.947815 0.885886
vt 0.941678 0.896701
vt 0.920931 0.584322
vt 0.929149 0.580398
vt 0.929149 0.590888
vt 0.414893 0.592822
vt 0.423945 0.598498
vt 0.414893 0.602668
vt 0.627602 0.980043
vt 0.625865 0.970938
vt 0.566684 0.979297
vt 0.559201 0.979297
vt 0.562234 0.970938
vt 0.812347 0.868927
vt 0.828595 0.883717
vt 0.811660 0.889535
vt 0.828595 0.865022
vt 0.306416 0.858924
vt 0.325897 0.852505
vt 0.306416 0.877556
vt 0.324971 0.873104
vt 0.971939 0.131238
vt 0.977589 0.125541
vt 0.977589 0.133583
vt 0.971939 0.125497
vt 0.486742 0.972585
vt 0.492535 0.982248
vt 0.486741 0.980661
vt 0.492535 0.970938
vt 0.125010 0.972870
vt 0.117227 0.981135
vt 0.117227 0.970938
vt 0.024017 0.974578
vt 0.032261 0.970938
vt 0.032261 0.980861
vt 0.848200 0.669856
vt 0.848200 0.641167
vt 0.865188 0.666947
vt 0.867586 0.643278
vt 0.708844 0.317736
vt 0.725869 0.294231
vt 0.728219 0.315526
vt 0.708844 0.291406
vt 0.364298 0.979736
vt 0.369950 0.971110
vt 0.370526 0.981899
vt 0.364298 0.970938
vt 0.962926 0.872552
vt 0.969217 0.885735
vt 0.963422 0.884916
vt 0.969217 0.870787
vt 0.897253 0.971250
vt 0.903799 0.978760
vt 0.897379 0.976486
vt 0.903799 0.970938
vt 0.302885 0.979935
vt 0.309305 0.970938
vt 0.309305 0.981989
vt 0.303010 0.972553
vt 0.463991 0.858420
vt 0.473432 0.830934
vt 0.486036 0.855321
vt 0.486036 0.829390
vt 0.901291 0.267407
vt 0.888240 0.293674
vt 0.888240 0.268490
vt 0.896206 0.292834
vt 0.925418 0.679902
vt 0.909300 0.676823
vt 0.925418 0.663672
vt 0.065439 0.896774
vt 0.049659 0.872823
vt 0.065439 0.873061
vt 0.050624 0.894345
vt 0.909276 0.002687
vt 0.897058 0.023686
vt 0.895934 -0.000000
vt 0.909276 0.023990
vt 0.789335 0.873286
vt 0.786495 0.898750
vt 0.781709 0.877515
vt 0.789335 0.898470
vt 0.965638 0.916743
vt 0.971437 0.929469
vt 0.965638 0.932018
vt 0.799137 1.000000
vt 0.797243 0.971687
vt 0.799137 0.970938
vt 0.882447 0.652485
vt 0.882447 0.671788
vt 0.867586 0.661980
vt 0.869813 0.641167
vt 0.929532 0.729374
vt 0.929532 0.755469
vt 0.919464 0.748148
vt 0.868520 0.670671
vt 0.856562 0.847385
vt 0.840116 0.830521
vt 0.856562 0.827578
vt 0.835784 0.841693
vt 0.841998 0.815459
vt 0.834196 0.824580
vt 0.746497 0.639395
vt 0.761359 0.622550
vt 0.763655 0.640502
vt 0.746497 0.613293
vt 0.306416 0.898640
vt 0.320503 0.877556
vt 0.323603 0.898640
vt 0.269847 0.583789
vt 0.269847 0.559340
vt 0.279074 0.571314
vt 0.157440 0.865357
vt 0.172316 0.879751
vt 0.157440 0.888994
vt 0.174600 0.864264
vt 0.594717 0.884037
vt 0.594717 0.859007
vt 0.612632 0.866229
vt 0.611742 0.882052
vt 0.343955 0.942058
vt 0.358806 0.926690
vt 0.357965 0.940531
vt 0.343955 0.926660
vt 0.949940 0.112678
vt 0.950639 0.126521
vt 0.937731 0.111124
vt 0.937575 0.126521
vt 0.391712 0.959823
vt 0.399628 0.969634
vt 0.392008 0.969137
vt 0.399628 0.957475
vt 0.271776 0.911379
vt 0.279223 0.911137
vt 0.271547 0.924427
vt 0.279223 0.927927
vt 0.321132 0.950956
vt 0.318631 0.956378
vt 0.317736 0.952009
vt 0.325091 0.956306
vt 0.326289 0.964994
vt 0.317490 0.964994
vt 0.936942 0.701008
vt 0.936942 0.680031
vt 0.946731 0.693291
vt 0.146694 0.922447
vt 0.130872 0.922447
vt 0.137375 0.904511
vt 0.381076 0.945596
vt 0.390975 0.934022
vt 0.390975 0.952947
vt 0.172113 0.973268
vt 0.179980 0.980256
vt 0.171796 0.980101
vt 0.179980 0.970938
vt 0.960499 0.577130
vt 0.968382 0.577209
vt 0.960805 0.586713
vt 0.968382 0.590260
vt 0.711665 0.924245
vt 0.704073 0.909562
vt 0.711665 0.907719
vt 0.695596 0.924681
vt 0.078885 0.949161
vt 0.090199 0.952930
vt 0.078885 0.962885
vt 0.089795 0.948867
vt 0.624963 0.961657
vt 0.635850 0.947223
vt 0.635850 0.962423
vt 0.708992 0.941950
vt 0.722261 0.932855
vt 0.721391 0.941024
vt 0.708992 0.924681
vt 0.257694 0.911584
vt 0.269542 0.923792
vt 0.257694 0.929773
vt 0.271548 0.911137
vt 0.279383 0.908324
vt 0.295465 0.908688
vt 0.287887 0.923397
vt 0.817390 0.945349
vt 0.813276 0.928945
vt 0.826508 0.929322
vt 0.813276 0.945634
vt 0.366801 0.928494
vt 0.381076 0.937140
vt 0.366801 0.944321
vt 0.295465 0.925201
vt 0.975070 0.672930
vt 0.971939 0.676797
vt 0.971939 0.667793
vt 0.761939 0.947468
vt 0.761247 0.951753
vt 0.757072 0.946431
vt 0.752162 0.951682
vt 0.749618 0.960412
vt 0.761992 0.960412
vt 0.090199 0.948410
vt 0.079040 0.940817
vt 0.090199 0.931064
vt 0.080267 0.948867
vt 0.594716 0.922595
vt 0.606581 0.928604
vt 0.594716 0.939021
vt 0.608574 0.939533
vt 0.244808 0.921506
vt 0.244808 0.902195
vt 0.255978 0.911406
vt 0.254368 0.926231
vt 0.747927 0.894195
vt 0.764818 0.902058
vt 0.749549 0.912582
vt 0.764014 0.912582
vt 0.867216 0.715475
vt 0.876615 0.710652
vt 0.876615 0.729205
vt 0.414740 0.887191
vt 0.414740 0.865840
vt 0.431885 0.885888
vt 0.433825 0.865910
vt 0.756154 0.473733
vt 0.773641 0.490878
vt 0.756248 0.492817
vt 0.774923 0.473733
vt 0.609055 0.483186
vt 0.617941 0.491515
vt 0.617870 0.484389
vt 0.813136 0.930613
vt 0.804616 0.931061
vt 0.813207 0.922233
vt 0.804616 0.919647
vt 0.856561 0.843780
vt 0.874481 0.815459
vt 0.874481 0.839538
vt 0.860948 0.818606
vt 0.856357 0.267406
vt 0.859279 0.241495
vt 0.874037 0.263920
vt 0.874037 0.238367
vt 0.463991 0.882681
vt 0.463991 0.911929
vt 0.455761 0.902423
vt 0.906854 0.206647
vt 0.901074 0.231261
vt 0.893723 0.206647
vt 0.869701 0.918135
vt 0.853175 0.918135
vt 0.865591 0.900080
vt 0.948311 0.955471
vt 0.935670 0.955471
vt 0.948216 0.940465
vt 0.911213 0.826331
vt 0.921556 0.815459
vt 0.921556 0.842374
vt 0.863018 0.409473
vt 0.878645 0.434024
vt 0.863018 0.435104
vt 0.880959 0.418264
vt 0.065439 0.925007
vt 0.065439 0.907341
vt 0.081047 0.908673
vt 0.500132 0.956091
vt 0.487491 0.941173
vt 0.500132 0.941094
vt 0.911213 0.858424
vt 0.921551 0.842374
vt 0.921551 0.869288
vt 0.897253 0.970938
vt 0.890829 0.976494
vt 0.890703 0.971261
vt 0.897253 0.978756
vt 0.492660 0.972507
vt 0.498966 0.981127
vt 0.492535 0.979314
vt 0.498966 0.970938
vt 0.796549 0.287154
vt 0.796549 0.302608
vt 0.790651 0.302493
vt 0.787690 0.286807
vt 0.511025 0.963651
vt 0.503076 0.947761
vt 0.509885 0.947886
vt 0.500833 0.963651
vt 0.939720 0.636712
vt 0.926748 0.635199
vt 0.939720 0.618726
vt 0.834483 0.636016
vt 0.853177 0.620703
vt 0.853177 0.641107
vt 0.907215 0.284706
vt 0.920704 0.302548
vt 0.904485 0.301005
vt 0.920704 0.284228
vt 0.924659 0.277687
vt 0.911269 0.257363
vt 0.924659 0.257565
vt 0.912088 0.275625
vt 0.941410 0.791616
vt 0.931043 0.809436
vt 0.930089 0.789337
vt 0.941410 0.809694
vt 0.366946 0.928493
vt 0.378340 0.910589
vt 0.381076 0.926874
vt 0.366946 0.910174
vt 0.246234 0.899944
vt 0.238085 0.883050
vt 0.246234 0.879285
vt 0.228752 0.896925
vt 0.402891 0.909726
vt 0.391712 0.890900
vt 0.407598 0.890143
vt 0.407598 0.910036
vt 0.948555 0.412354
vt 0.937237 0.426781
vt 0.936566 0.409473
vt 0.946947 0.426781
vt 0.646847 0.963373
vt 0.635965 0.963151
vt 0.646847 0.948756
vt 0.906854 0.213309
vt 0.920424 0.206647
vt 0.920424 0.228244
vt 0.321102 0.920750
vt 0.321102 0.935473
vt 0.309882 0.918653
vt 0.306416 0.935559
vt 0.545753 0.945226
vt 0.545753 0.924091
vt 0.555634 0.937458
vt 0.921987 0.782582
vt 0.907424 0.775944
vt 0.921987 0.762812
vt 0.621432 0.903786
vt 0.636385 0.891249
vt 0.636385 0.912165
vt 0.171796 0.979729
vt 0.163107 0.972147
vt 0.171796 0.970938
vt 0.163178 0.978602
vt 0.376181 0.971103
vt 0.370526 0.979729
vt 0.370526 0.970938
vt 0.376758 0.981882
vt 0.877425 0.484995
vt 0.859127 0.482666
vt 0.874132 0.463612
vt 0.859127 0.458255
vt 0.223226 0.875824
vt 0.228752 0.857514
vt 0.228752 0.877874
vt 0.921551 0.859116
vt 0.923382 0.842374
vt 0.936155 0.859116
vt 0.905347 0.205063
vt 0.915789 0.186777
vt 0.921198 0.205063
vt 0.920354 0.186323
vt 0.204697 0.895261
vt 0.221763 0.882152
vt 0.221763 0.903048
vt 0.965667 0.708420
vt 0.971939 0.720398
vt 0.966161 0.719822
vt 0.971939 0.706588
vt 0.968593 0.317285
vt 0.968593 0.328697
vt 0.959869 0.326474
vt 0.959940 0.318095
vt 0.408569 0.890143
vt 0.394506 0.866725
vt 0.408569 0.865732
vt 0.391713 0.887194
vt 0.343955 0.957394
vt 0.355844 0.950070
vt 0.211636 0.643562
vt 0.211636 0.658613
vt 0.205322 0.649402
vt 0.942060 0.984426
vt 0.942060 0.970938
vt 0.945761 0.980211
vt 0.963329 0.221167
vt 0.966996 0.233270
vt 0.957102 0.220386
vt 0.957102 0.233298
vt 0.971939 0.285646
vt 0.977013 0.289391
vt 0.972301 0.289391
vt 0.978321 0.282677
vt 0.971939 0.008156
vt 0.978526 0.012964
vt 0.971939 0.838862
vt 0.971939 0.833198
vt 0.975830 0.837034
vt 0.403741 0.961923
vt 0.414665 0.949221
vt 0.414665 0.963260
vt 0.718059 0.836550
vt 0.718059 0.820606
vt 0.724422 0.828285
vt 0.957102 0.206647
vt 0.945610 0.217418
vt 0.945926 0.207292
vt 0.957102 0.222696
vt 0.905277 0.312448
vt 0.905277 0.328829
vt 0.892667 0.320506
vt 0.894557 0.302844
vt 0.952394 0.560555
vt 0.952394 0.582698
vt 0.943851 0.576486
vt 0.893459 0.327881
vt 0.844191 0.290079
vt 0.856047 0.290079
vt 0.852253 0.302320
vt 0.112806 0.951447
vt 0.126669 0.937103
vt 0.125885 0.950022
vt 0.112806 0.937075
vt 0.258478 0.957922
vt 0.257694 0.945008
vt 0.269888 0.959258
vt 0.269888 0.944885
vt 0.382707 0.909069
vt 0.382707 0.889997
vt 0.391634 0.900118
vt 0.974151 0.447467
vt 0.974151 0.464835
vt 0.971939 0.449362
vt 0.950078 0.252405
vt 0.950078 0.233342
vt 0.959002 0.242296
vt 0.472691 0.970938
vt 0.472691 0.989960
vt 0.469206 0.986205
vt 0.549539 0.875311
vt 0.535584 0.861001
vt 0.549539 0.858504
vt 0.531908 0.870481
vt 0.537181 0.848219
vt 0.530561 0.855959
vt 0.944944 0.955471
vt 0.935876 0.968273
vt 0.882205 0.710963
vt 0.882077 0.680031
vt 0.893184 0.708911
vt 0.894301 0.680031
vt 0.877240 0.761678
vt 0.888367 0.731425
vt 0.889464 0.761678
vt 0.877390 0.729374
vt 0.937958 0.677120
vt 0.950344 0.668630
vt 0.949532 0.676256
vt 0.937958 0.661000
vt 0.931961 0.485666
vt 0.943020 0.497062
vt 0.931961 0.502644
vt 0.944892 0.485249
vt 0.959193 0.073278
vt 0.948777 0.066190
vt 0.959193 0.057086
vt 0.949922 0.073704
vt 0.937575 0.095314
vt 0.948650 0.100923
vt 0.937575 0.110647
vt 0.950510 0.111124
vt 0.974908 0.548212
vt 0.971939 0.551332
vt 0.971939 0.539851
vt 0.729479 0.974562
vt 0.729479 0.979168
vt 0.724310 0.979117
vt 0.722485 0.970938
vt 0.446074 0.317798
vt 0.451700 0.306231
vt 0.457268 0.317798
vt 0.293292 0.954490
vt 0.303264 0.954490
vt 0.297349 0.966796
vt 0.877425 0.459146
vt 0.889869 0.476782
vt 0.877425 0.485043
vt 0.891756 0.458255
vt 0.272677 0.890213
vt 0.272677 0.911137
vt 0.257694 0.904255
vt 0.258107 0.891053
vt 0.879392 0.232552
vt 0.891836 0.214902
vt 0.893723 0.233433
vt 0.879392 0.206647
vt 0.610006 0.932380
vt 0.610006 0.912165
vt 0.622532 0.928838
vt 0.622470 0.915869
vt 0.872153 0.895676
vt 0.872153 0.875783
vt 0.890516 0.885254
vt 0.912368 0.456877
vt 0.898023 0.435104
vt 0.912368 0.435320
vt 0.898900 0.454669
vt 0.929923 0.357849
vt 0.918816 0.376939
vt 0.917794 0.355406
vt 0.929923 0.377215
vt 0.936566 0.423740
vt 0.925347 0.430602
vt 0.925347 0.409473
vt 0.774923 0.493046
vt 0.788223 0.473733
vt 0.793372 0.493046
vt 0.949194 0.140848
vt 0.939553 0.150039
vt 0.939553 0.129665
vt 0.233124 0.936303
vt 0.228752 0.951038
vt 0.228752 0.936273
vt 0.242254 0.947352
vt 0.439437 0.921106
vt 0.439262 0.903277
vt 0.453750 0.919965
vt 0.455199 0.903277
vt 0.868850 0.934072
vt 0.854316 0.919573
vt 0.868850 0.918134
vt 0.853175 0.933885
vt 0.971939 0.179170
vt 0.975658 0.181991
vt 0.971939 0.191286
vt 0.896125 0.039673
vt 0.896125 0.057221
vt 0.882615 0.048305
vt 0.884639 0.029384
vt 0.944822 0.916743
vt 0.944822 0.940465
vt 0.935670 0.933810
vt 0.883464 0.056206
vt 0.872153 0.848389
vt 0.885910 0.870162
vt 0.887757 0.847385
vt 0.873013 0.296428
vt 0.886400 0.268811
vt 0.888240 0.292878
vt 0.873013 0.267406
vt 0.715928 0.866107
vt 0.700977 0.850776
vt 0.715928 0.848101
vt 0.697039 0.860933
vt 0.702688 0.837083
vt 0.695596 0.845375
vt 0.974938 0.681882
vt 0.971939 0.686165
vt 0.971939 0.676798
vt 0.797243 0.971701
vt 0.791923 0.976068
vt 0.792933 0.970938
vt 0.797243 0.981288
vt 0.572555 0.915950
vt 0.559735 0.932229
vt 0.557258 0.917524
vt 0.572555 0.932373
vt 0.662330 0.932046
vt 0.659852 0.946749
vt 0.649012 0.930458
vt 0.649012 0.946881
vt 0.049482 0.932897
vt 0.062484 0.932897
vt 0.054838 0.948925
vt 0.257694 0.944885
vt 0.264735 0.929773
vt 0.272288 0.944885
vt 0.965002 0.112011
vt 0.960608 0.125671
vt 0.963649 0.111124
vt 0.967655 0.125671
vt 0.028929 0.937406
vt 0.042921 0.922665
vt 0.042921 0.939326
vt 0.670015 0.144115
vt 0.686352 0.127210
vt 0.685427 0.142435
vt 0.670015 0.127177
vt 0.922621 0.912392
vt 0.921697 0.897173
vt 0.936067 0.913966
vt 0.936067 0.897028
vt 0.515206 0.972446
vt 0.510998 0.986180
vt 0.510998 0.970938
vt 0.909129 0.706589
vt 0.895009 0.719608
vt 0.896560 0.706674
vt 0.909129 0.729374
vt 0.077464 0.942412
vt 0.073210 0.956415
vt 0.065439 0.942276
vt 0.077464 0.957324
vt 0.414612 0.890143
vt 0.414612 0.909444
vt 0.407599 0.894684
vt 0.861385 0.057147
vt 0.863988 0.045863
vt 0.083803 0.906932
vt 0.083803 0.888249
vt 0.090240 0.892206
vt 0.929481 0.880500
vt 0.923073 0.897028
vt 0.919490 0.891805
vt 0.919490 0.870788
vt 0.907826 0.069304
vt 0.892088 0.059020
vt 0.907826 0.057394
vt 0.891075 0.077579
vt 0.888048 0.116345
vt 0.888922 0.098532
vt 0.904599 0.107364
vt 0.904599 0.095314
vt 0.975315 0.409842
vt 0.971939 0.418176
vt 0.082920 0.871251
vt 0.090240 0.884460
vt 0.083982 0.888249
vt 0.090240 0.864953
vt 0.896125 0.055546
vt 0.896125 0.034812
vt 0.908321 0.046125
vt 0.902197 0.029384
vt 0.910751 0.409473
vt 0.896738 0.422406
vt 0.898287 0.409573
vt 0.910751 0.432086
vt 0.971939 0.473973
vt 0.976743 0.477507
vt 0.972283 0.477507
vt 0.977978 0.471172
vt 0.941245 0.355406
vt 0.953197 0.364459
vt 0.941245 0.371534
vt 0.871969 0.948923
vt 0.871969 0.966408
vt 0.866171 0.965999
vt 0.959610 0.144591
vt 0.959610 0.129665
vt 0.967207 0.142537
vt 0.957667 0.074570
vt 0.966147 0.082275
vt 0.973957 0.744594
vt 0.971939 0.732513
vt 0.973957 0.731618
vt 0.221763 0.900497
vt 0.228577 0.889489
vt 0.224058 0.903973
vt 0.925865 0.247359
vt 0.924908 0.256345
vt 0.911269 0.238367
vt 0.673157 0.892368
vt 0.686189 0.905797
vt 0.673157 0.912375
vt 0.688396 0.891877
vt 0.936934 0.276444
vt 0.924659 0.268091
vt 0.926009 0.276947
vt 0.028929 0.904033
vt 0.041980 0.910642
vt 0.028929 0.922102
vt 0.044172 0.922665
vt 0.423649 0.924799
vt 0.428186 0.941152
vt 0.415378 0.923928
vt 0.414740 0.941152
vt 0.904485 0.238367
vt 0.888901 0.253640
vt 0.889490 0.239753
vt 0.904485 0.260359
vt 0.946222 0.073721
vt 0.946222 0.095121
vt 0.936496 0.083467
vt 0.828595 0.884529
vt 0.834026 0.877013
vt 0.909974 0.698564
vt 0.922359 0.680031
vt 0.925074 0.698564
vt 0.359061 0.931261
vt 0.359061 0.909084
vt 0.366751 0.919912
vt 0.028929 0.953420
vt 0.041435 0.940391
vt 0.042531 0.951996
vt 0.028929 0.939326
vt 0.228430 0.920954
vt 0.220666 0.942898
vt 0.219748 0.924810
vt 0.228430 0.943019
vt 0.959244 0.967362
vt 0.962904 0.953258
vt 0.967460 0.961695
vt 0.959244 0.953446
vt 0.039504 0.964380
vt 0.028929 0.953419
vt 0.039603 0.953419
vt 0.035833 0.966016
vt 0.919060 0.057381
vt 0.907826 0.074367
vt 0.907826 0.057115
vt 0.921816 0.077579
vt 0.556227 0.915950
vt 0.569939 0.901693
vt 0.572555 0.910377
vt 0.556227 0.897358
vt 0.939910 0.296419
vt 0.931666 0.279603
vt 0.944973 0.279603
vt 0.943862 0.296559
vt 0.974895 0.574294
vt 0.971939 0.571172
vt 0.974895 0.562813
vt 0.080995 0.897569
vt 0.065439 0.888803
vt 0.083506 0.888803
vt 0.065709 0.907341
vt 0.749618 0.946431
vt 0.758979 0.930891
vt 0.762605 0.945630
vt 0.762605 0.929445
vt 0.204697 0.936904
vt 0.204697 0.920954
vt 0.219748 0.931261
vt 0.857750 0.158941
vt 0.857750 0.129665
vt 0.872821 0.157116
vt 0.874517 0.129768
vt 0.865848 0.056394
vt 0.880920 0.031190
vt 0.882615 0.056270
vt 0.865848 0.029384
vt 0.940853 0.729374
vt 0.953826 0.734562
vt 0.940853 0.744411
vt 0.180286 0.951205
vt 0.180286 0.965499
vt 0.170874 0.957127
vt 0.336708 0.965498
vt 0.336708 0.947740
vt 0.343593 0.952220
vt 0.833570 0.991176
vt 0.833570 0.970938
vt 0.836202 0.988045
vt 0.828595 0.900367
vt 0.833994 0.884528
vt 0.833994 0.902640
vt 0.958823 0.610778
vt 0.946887 0.618632
vt 0.946887 0.605818
vt 0.050961 0.984059
vt 0.044728 0.976224
vt 0.050961 0.970938
vt 0.825710 0.959553
vt 0.813276 0.959553
vt 0.820086 0.945634
vt 0.173383 0.909361
vt 0.157440 0.909361
vt 0.171382 0.891405
vt 0.158292 0.888994
vt 0.364298 0.974675
vt 0.359729 0.985920
vt 0.896738 0.433424
vt 0.880959 0.409473
vt 0.896738 0.409711
vt 0.881923 0.430995
vt 0.909300 0.643853
vt 0.897082 0.664853
vt 0.895958 0.641167
vt 0.909300 0.665157
vt 0.946443 0.833238
vt 0.933879 0.828930
vt 0.946443 0.815459
vt 0.849283 0.552280
vt 0.837766 0.559321
vt 0.937632 0.507217
vt 0.937632 0.524764
vt 0.924003 0.513622
vt 0.961626 0.507217
vt 0.950926 0.522366
vt 0.950696 0.507217
vt 0.974984 0.713833
vt 0.971939 0.717289
vt 0.971939 0.708644
vt 0.964369 0.970938
vt 0.968665 0.971561
vt 0.963370 0.975434
vt 0.968665 0.979940
vt 0.854606 0.952639
vt 0.846370 0.963636
vt 0.846370 0.947070
vt 0.882077 0.691349
vt 0.882077 0.710652
vt 0.867216 0.700845
vt 0.869443 0.680031
vt 0.204117 0.896116
vt 0.204117 0.922211
vt 0.194049 0.914890
vt 0.868150 0.709535
vt 0.789724 0.849552
vt 0.773279 0.832689
vt 0.789724 0.829746
vt 0.768947 0.843860
vt 0.775161 0.817626
vt 0.767359 0.826747
vt 0.013853 0.938919
vt 0.000347 0.948323
vt -0.000000 0.944000
vt 0.013853 0.953093
vt 0.934305 0.571858
vt 0.922043 0.560555
vt 0.932958 0.560624
vt 0.922043 0.580343
vt 0.407091 0.925758
vt 0.407091 0.910036
vt 0.414436 0.918879
vt 0.921823 0.949758
vt 0.921823 0.934998
vt 0.935670 0.939182
vt 0.432842 0.303935
vt 0.420605 0.316563
vt 0.419793 0.303935
vt 0.431414 0.317798
vt 0.801779 0.962855
vt 0.802388 0.950218
vt 0.813160 0.962855
vt 0.811509 0.949017
vt 0.875817 0.795577
vt 0.875817 0.815047
vt 0.862353 0.804558
vt 0.959222 0.156091
vt 0.968249 0.146283
vt 0.968249 0.159326
vt 0.468229 0.317798
vt 0.463028 0.306066
vt 0.391713 0.927028
vt 0.391713 0.910036
vt 0.407092 0.917331
vt 0.971939 0.559691
vt 0.974895 0.551332
vt 0.487522 0.941094
vt 0.502342 0.925696
vt 0.501529 0.939539
vt 0.487491 0.925696
vt 0.949996 0.508771
vt 0.950696 0.522614
vt 0.937788 0.507217
vt 0.937632 0.522614
vt 0.857570 0.586384
vt 0.875555 0.561147
vt 0.875555 0.588208
vt 0.857440 0.560555
vt 0.857881 0.103831
vt 0.875873 0.129149
vt 0.875873 0.102084
vt 0.580676 0.954135
vt 0.577065 0.966017
vt 0.570471 0.954019
vt 0.580676 0.966789
vt 0.968106 0.789337
vt 0.968106 0.805714
vt 0.962154 0.793190
vt 0.955544 0.922470
vt 0.965638 0.931611
vt 0.432842 0.304465
vt 0.446074 0.304465
vt 0.444090 0.317798
vt 0.800039 0.755552
vt 0.811816 0.750738
vt 0.811816 0.762524
vt 0.246376 0.970938
vt 0.246376 0.985774
vt 0.241456 0.985428
vt 0.064079 0.981846
vt 0.070517 0.970938
vt 0.070517 0.983621
vt 0.971939 0.764012
vt 0.971939 0.744594
vt 0.973263 0.762669
vt 0.963517 0.163688
vt 0.954253 0.180125
vt 0.953618 0.163688
vt 0.673848 0.988040
vt 0.673848 0.970938
vt 0.677308 0.983587
vt 0.621142 0.655338
vt 0.621142 0.677106
vt 0.616282 0.658837
vt 0.841038 0.759440
vt 0.860391 0.729374
vt 0.860391 0.760735
vt 0.840906 0.729882
vt 0.842295 0.058700
vt 0.861648 0.088754
vt 0.842163 0.088257
vt 0.861648 0.057394
vt 0.974541 0.804324
vt 0.971939 0.801902
vt 0.974541 0.795480
vt 0.524710 0.931723
vt 0.524710 0.947646
vt 0.511396 0.938306
vt 0.279383 0.942470
vt 0.292653 0.933375
vt 0.291783 0.941545
vt 0.279383 0.925201
vt 0.622532 0.912612
vt 0.634379 0.924820
vt 0.622532 0.930800
vt 0.636386 0.912165
vt 0.849478 0.925202
vt 0.834734 0.913893
vt 0.849017 0.913893
vt 0.834196 0.930647
vt 0.464291 0.875599
vt 0.482579 0.858420
vt 0.478301 0.882681
vt 0.892661 0.354453
vt 0.881502 0.346860
vt 0.892661 0.337107
vt 0.882729 0.354910
vt 0.925695 0.129665
vt 0.937560 0.135673
vt 0.925695 0.146090
vt 0.939553 0.146603
vt 0.926748 0.618992
vt 0.914453 0.632408
vt 0.915775 0.618726
vt 0.926748 0.640632
vt 0.223004 0.857514
vt 0.223004 0.882152
vt 0.207977 0.862060
vt 0.204697 0.878928
vt 0.845581 0.667626
vt 0.848200 0.641919
vt 0.825073 0.672224
vt 0.744525 0.880296
vt 0.728454 0.858932
vt 0.744525 0.857157
vt 0.724463 0.879278
vt 0.968272 0.233342
vt 0.968272 0.246151
vt 0.959002 0.233787
vt 0.649148 0.871608
vt 0.667807 0.844657
vt 0.667807 0.873057
vt 0.649012 0.844838
vt 0.855907 0.195823
vt 0.864581 0.200823
vt 0.855907 0.212379
vt 0.748063 0.845714
vt 0.766729 0.872765
vt 0.747927 0.872487
vt 0.766729 0.844361
vt 0.336708 0.947741
vt 0.336708 0.963526
vt 0.326447 0.957092
vt 0.890516 0.915407
vt 0.895115 0.897028
vt 0.907039 0.915407
vt 0.892472 0.790215
vt 0.877379 0.801233
vt 0.876612 0.789336
vt 0.892472 0.813568
vt 0.951330 0.435104
vt 0.939396 0.451104
vt 0.811660 0.865022
vt 0.811660 0.839039
vt 0.830562 0.860035
vt 0.833100 0.838475
vt 0.789724 0.873095
vt 0.809285 0.848841
vt 0.810634 0.868323
vt 0.791084 0.848841
vt 0.897994 0.146479
vt 0.908137 0.132498
vt 0.912305 0.151503
vt 0.897994 0.129664
vt 0.883321 0.639231
vt 0.900108 0.618726
vt 0.900108 0.640208
vt 0.893087 0.408325
vt 0.878003 0.397318
vt 0.893087 0.384974
vt 0.877234 0.409212
vt 0.975459 0.357241
vt 0.971939 0.354119
vt 0.975459 0.345761
vt 0.193563 0.428303
vt 0.205236 0.416143
vt 0.206259 0.426974
vt 0.193563 0.415148
vt 0.959435 0.435104
vt 0.952188 0.455587
vt 0.951330 0.438703
vt 0.959435 0.455700
vt 0.974794 0.874307
vt 0.974794 0.881581
vt 0.971939 0.877222
vt 0.869597 0.970938
vt 0.869597 0.985728
vt 0.866098 0.980945
vt 0.895958 0.679484
vt 0.906080 0.665157
vt 0.909223 0.679484
vt 0.974215 0.784423
vt 0.974215 0.795480
vt 0.971939 0.790841
vt 0.876592 0.985728
vt 0.873096 0.975723
vt 0.876592 0.970938
vt 0.878303 0.071279
vt 0.891075 0.082151
vt 0.880999 0.088234
vt 0.891075 0.057394
vt 0.962177 0.725708
vt 0.956019 0.744410
vt 0.953826 0.725708
vt 0.637269 0.144162
vt 0.642265 0.127177
vt 0.653614 0.144162
vt 0.956320 0.257459
vt 0.949417 0.275813
vt 0.955878 0.257363
vt 0.958647 0.275813
vt 0.157440 0.943917
vt 0.167329 0.928281
vt 0.171235 0.943829
vt 0.171235 0.927347
vt 0.861614 0.512829
vt 0.874315 0.512829
vt 0.868585 0.525746
vt 0.577278 0.907151
vt 0.585188 0.891377
vt 0.594419 0.906953
vt 0.577278 0.887355
vt 0.422633 0.902961
vt 0.414740 0.906990
vt 0.431879 0.887369
vt 0.837501 0.895165
vt 0.851665 0.880503
vt 0.851928 0.880777
vt 0.834196 0.888556
vt 0.834196 0.874477
vt 0.851579 0.876289
vt 0.924080 0.725490
vt 0.909129 0.716440
vt 0.924080 0.706589
vt 0.781154 0.941010
vt 0.767359 0.949449
vt 0.767359 0.935165
vt 0.781472 0.936701
vt 0.145069 0.938990
vt 0.130872 0.938990
vt 0.132665 0.922447
vt 0.968029 0.525746
vt 0.968029 0.539088
vt 0.959244 0.531274
vt 0.272797 0.944502
vt 0.272797 0.927927
vt 0.279223 0.932109
vt 0.406465 0.303935
vt 0.419793 0.309539
vt 0.406465 0.317799
vt 0.971939 0.079467
vt 0.971939 0.060577
vt 0.974395 0.076545
vt 0.888207 0.186323
vt 0.896217 0.202978
vt 0.888207 0.206197
vt 0.905347 0.186516
vt 0.944275 0.723542
vt 0.936355 0.706588
vt 0.948253 0.707221
vt 0.948253 0.724138
vt 0.925695 0.149988
vt 0.912305 0.129665
vt 0.925695 0.129867
vt 0.913124 0.147927
vt 0.941245 0.357686
vt 0.930877 0.375505
vt 0.929923 0.355406
vt 0.941245 0.375763
vt 0.889464 0.749250
vt 0.897488 0.732603
vt 0.906600 0.749075
vt 0.889464 0.729374
vt 0.305226 0.954490
vt 0.297538 0.939386
vt 0.301356 0.938464
vt 0.434188 0.776055
vt 0.439229 0.761271
vt 0.439229 0.778177
vt 0.822861 0.762803
vt 0.811816 0.755328
vt 0.822861 0.750738
vt 0.414665 0.938417
vt 0.406564 0.933757
vt 0.410160 0.927028
vt 0.406564 0.949221
vt 0.511257 0.908577
vt 0.511257 0.925408
vt 0.503146 0.914314
vt 0.909292 0.012942
vt 0.923135 0.003339
vt 0.909276 0.020269
vt 0.922300 0.001395
vt 0.909276 0.000000
vt 0.665735 0.988049
vt 0.665735 0.970938
vt 0.669194 0.975393
vt 0.923330 0.525746
vt 0.923330 0.545880
vt 0.909402 0.534557
vt 0.814467 0.287786
vt 0.829041 0.287786
vt 0.819760 0.302672
vt 0.846370 0.960709
vt 0.834196 0.952648
vt 0.919654 0.461340
vt 0.930231 0.472865
vt 0.919654 0.482751
vt 0.928107 0.458255
vt 0.967894 0.842036
vt 0.967894 0.855482
vt 0.959426 0.845140
vt 0.782249 0.929640
vt 0.767359 0.918731
vt 0.974687 0.766580
vt 0.971939 0.773365
vt 0.920946 0.933079
vt 0.909290 0.947879
vt 0.907039 0.934511
vt 0.920946 0.948009
vt 0.958838 0.681475
vt 0.956586 0.694841
vt 0.946731 0.680031
vt 0.946731 0.694961
vt 0.905083 0.798940
vt 0.905083 0.815321
vt 0.892473 0.806998
vt 0.894362 0.789337
vt 0.952644 -0.000000
vt 0.952644 0.022143
vt 0.944101 0.015931
vt 0.893265 0.814373
vt 0.940725 0.758730
vt 0.929532 0.762640
vt 0.929532 0.749731
vt 0.948856 0.150039
vt 0.940732 0.163496
vt 0.853175 0.874477
vt 0.839220 0.860167
vt 0.853175 0.857670
vt 0.835544 0.869647
vt 0.840817 0.847385
vt 0.834196 0.855125
vt 0.968097 0.605818
vt 0.959028 0.618627
vt 0.958823 0.605818
vt 0.126669 0.951571
vt 0.122802 0.964301
vt 0.115737 0.951447
vt 0.126669 0.965127
vt 0.788625 0.918731
vt 0.788625 0.936277
vt 0.782249 0.922859
vt 0.974536 0.824353
vt 0.971939 0.821933
vt 0.974536 0.815509
vt 0.872153 0.962331
vt 0.872153 0.948701
vt 0.883841 0.953478
vt 0.049443 0.904033
vt 0.049443 0.919928
vt 0.044172 0.919557
vt 0.963517 0.177258
vt 0.970424 0.175390
vt 0.909431 0.560253
vt 0.923265 0.545880
vt 0.922507 0.558801
vt 0.909402 0.545880
vt 0.027097 0.945810
vt 0.027750 0.958731
vt 0.015701 0.944359
vt 0.015555 0.958731
vt 0.971939 0.169879
vt 0.975672 0.167054
vt 0.975672 0.179170
vt 0.143540 0.977328
vt 0.143109 0.981989
vt 0.136517 0.980139
vt 0.577278 0.939926
vt 0.577278 0.924088
vt 0.591806 0.933744
vt 0.662330 0.935034
vt 0.675219 0.930457
vt 0.675219 0.946835
vt 0.959610 0.145856
vt 0.949194 0.138768
vt 0.950339 0.146283
vt 0.937144 0.236596
vt 0.948218 0.242204
vt 0.937144 0.251928
vt 0.938066 0.560217
vt 0.950452 0.551727
vt 0.949640 0.559353
vt 0.938066 0.544097
vt 0.932140 0.385392
vt 0.943198 0.396787
vt 0.932140 0.402369
vt 0.945071 0.384974
vt 0.906493 0.875783
vt 0.906493 0.897028
vt 0.890516 0.886576
vt 0.906980 0.581799
vt 0.891010 0.571013
vt 0.906980 0.560555
vt 0.961761 0.335700
vt 0.952693 0.347830
vt 0.952693 0.329585
vt 0.463991 0.938223
vt 0.477747 0.923892
vt 0.478953 0.936656
vt 0.463991 0.922719
vt 0.305226 0.914193
vt 0.296686 0.938331
vt 0.295675 0.918434
vt 0.305226 0.938464
vt 0.384299 0.888800
vt 0.366946 0.889997
vt 0.381492 0.869122
vt 0.366946 0.867490
vt 0.904774 0.377913
vt 0.892484 0.357021
vt 0.904774 0.355406
vt 0.889673 0.376695
vt 0.022418 0.849319
vt 0.028929 0.859102
vt 0.241456 0.974017
vt 0.237913 0.991837
vt 0.616643 0.677105
vt 0.621142 0.694401
vt 0.616643 0.697199
vt 0.479234 0.928167
vt 0.479234 0.904088
vt 0.487320 0.920290
vt 0.953476 0.371534
vt 0.945103 0.384842
vt 0.826508 0.948478
vt 0.826508 0.928945
vt 0.834081 0.933873
vt 0.502315 0.993199
vt 0.502315 0.970938
vt 0.505209 0.989756
vt 0.953525 0.751689
vt 0.940854 0.759740
vt 0.940854 0.744410
vt 0.408569 0.883155
vt 0.414509 0.865732
vt 0.414509 0.885655
vt 0.708725 0.947281
vt 0.695596 0.955920
vt 0.695596 0.941824
vt 0.133737 0.968416
vt 0.126880 0.959798
vt 0.133737 0.953983
vt 0.157440 0.942315
vt 0.145527 0.949615
vt 0.145527 0.933263
vt 0.695380 0.144198
vt 0.695380 0.122392
vt 0.714897 0.136879
vt 0.714104 0.125946
vt 0.016424 0.884764
vt 0.000000 0.885501
vt 0.018358 0.870898
vt 0.000000 0.861912
vt 0.735016 0.952812
vt 0.735016 0.966383
vt 0.724118 0.964920
vt 0.360732 0.890135
vt 0.366574 0.903200
vt 0.360732 0.908719
vt 0.366809 0.894792
vt 0.788301 0.904417
vt 0.782459 0.917480
vt 0.782459 0.898897
vt 0.788536 0.912826
vt 0.688848 0.922153
vt 0.673157 0.928713
vt 0.948770 0.646547
vt 0.959979 0.641167
vt 0.959979 0.656614
vt 0.914453 0.640499
vt 0.914453 0.618942
vt 0.900984 0.638290
vt 0.930089 0.791779
vt 0.918982 0.810869
vt 0.917960 0.789336
vt 0.930089 0.811146
vt 0.112244 0.943001
vt 0.112244 0.961551
vt 0.103317 0.949306
vt 0.021868 0.861912
vt 0.000013 0.860024
vt 0.021868 0.833405
vt -0.000000 0.833776
vt 0.050797 0.861334
vt 0.028942 0.834724
vt 0.050797 0.832826
vt 0.028929 0.860973
vt 0.974908 0.536731
vt 0.971939 0.528370
vt 0.736474 0.974562
vt 0.736474 0.979168
vt 0.731305 0.979117
vt 0.729480 0.970938
vt 0.948253 0.706589
vt 0.957787 0.712101
vt 0.948253 0.724778
vt 0.967150 0.897028
vt 0.967150 0.910769
vt 0.957219 0.897507
vt 0.834483 0.590888
vt 0.856500 0.560555
vt 0.857440 0.588961
vt 0.835656 0.560555
vt 0.834234 0.385746
vt 0.834234 0.356561
vt 0.855170 0.383636
vt 0.857243 0.355406
vt 0.953197 0.354680
vt 0.962925 0.357284
vt 0.953197 0.371534
vt 0.953525 0.760693
vt 0.957881 0.744411
vt 0.963588 0.760693
vt 0.215713 0.960271
vt 0.204697 0.964819
vt 0.204697 0.951028
vt 0.971939 0.500263
vt 0.971939 0.477507
vt 0.973596 0.480259
vt 0.249032 0.879285
vt 0.238070 0.874133
vt 0.248418 0.862308
vt 0.249032 0.856329
vt 0.228752 0.861944
vt 0.579260 0.970938
vt 0.583469 0.981423
vt 0.579260 0.985626
vt 0.583474 0.974038
vt 0.737997 0.921567
vt 0.747807 0.935045
vt 0.737997 0.943992
vt 0.973971 0.267971
vt 0.931051 0.296568
vt 0.920704 0.284753
vt 0.931666 0.302548
vt 0.828595 0.889535
vt 0.828595 0.910310
vt 0.813277 0.895557
vt 0.971939 0.585456
vt 0.971939 0.574294
vt 0.974729 0.581130
vt 0.587683 0.975142
vt 0.583474 0.985625
vt 0.583474 0.970938
vt 0.545753 0.917747
vt 0.532933 0.934027
vt 0.530457 0.919322
vt 0.545753 0.934170
vt 0.635850 0.932390
vt 0.633372 0.947092
vt 0.622532 0.947223
vt 0.064036 0.914342
vt 0.049482 0.897119
vt 0.065439 0.915837
vt 0.973552 0.686165
vt 0.973552 0.703043
vt 0.971939 0.687403
vt 0.922433 0.077579
vt 0.924221 0.095121
vt 0.908261 0.095121
vt 0.180524 0.428262
vt 0.181955 0.415148
vt 0.193563 0.428262
vt 0.945761 0.986359
vt 0.945761 0.970938
vt 0.948982 0.975379
vt 0.889309 0.815459
vt 0.901599 0.835847
vt 0.889309 0.838118
vt 0.904410 0.816249
vt 0.948981 0.986349
vt 0.948981 0.970938
vt 0.952203 0.981910
vt 0.695423 0.945175
vt 0.695423 0.963132
vt 0.687483 0.949330
vt 0.065439 0.864953
vt 0.086565 0.836933
vt 0.086565 0.859358
vt 0.069594 0.841175
vt 0.515096 0.847457
vt 0.530179 0.865675
vt 0.512486 0.872259
vt 0.090336 0.867673
vt 0.107689 0.866867
vt 0.093143 0.887269
vt 0.107689 0.889527
vt 0.895958 0.651455
vt 0.895958 0.669004
vt 0.882447 0.660088
vt 0.884472 0.641167
vt 0.944101 -0.000000
vt 0.944101 0.023722
vt 0.934949 0.017067
vt 0.883297 0.667989
vt 0.557258 0.947225
vt 0.568390 0.953342
vt 0.557258 0.961982
vt 0.414775 0.923928
vt 0.431077 0.906990
vt 0.430183 0.922218
vt 0.922691 0.656531
vt 0.921767 0.641312
vt 0.936137 0.658104
vt 0.936137 0.641167
vt 0.936496 0.094618
vt 0.924221 0.086265
vt 0.936496 0.075537
vt 0.925571 0.095121
vt 0.594716 0.903964
vt 0.607768 0.910573
vt 0.594716 0.922032
vt 0.609959 0.922595
vt 0.403738 0.942563
vt 0.399483 0.956565
vt 0.391713 0.942426
vt 0.403738 0.957475
vt 0.695409 0.891876
vt 0.695409 0.911177
vt 0.688396 0.896417
vt 0.910751 0.428469
vt 0.925347 0.418465
vt 0.924390 0.427451
vt 0.511396 0.892939
vt 0.524428 0.906369
vt 0.511396 0.912947
vt 0.526635 0.892448
vt 0.724118 0.944596
vt 0.737997 0.952812
vt 0.667363 0.873057
vt 0.672985 0.889613
vt 0.667363 0.891090
vt 0.959435 0.450031
vt 0.967032 0.447976
vt 0.208406 0.920954
vt 0.204697 0.903048
vt 0.221029 0.903048
vt 0.663814 0.913704
vt 0.663814 0.893373
vt 0.673138 0.905326
vt 0.143540 0.972814
vt 0.150540 0.975586
vt 0.143540 0.982002
vt 0.150115 0.970938
vt 0.211643 0.720053
vt 0.202291 0.732078
vt 0.919490 0.874472
vt 0.919490 0.897028
vt 0.906493 0.884541
vt 0.936433 0.535058
vt 0.923330 0.544097
vt 0.946443 0.833714
vt 0.956495 0.827754
vt 0.280431 0.867797
vt 0.297917 0.887698
vt 0.279383 0.886880
vt 0.297917 0.866478
vt 0.904520 0.165130
vt 0.888295 0.184242
vt 0.903454 0.186323
vt 0.954495 0.870787
vt 0.954495 0.885714
vt 0.941678 0.881097
vt 0.695469 0.875343
vt 0.688582 0.889193
vt 0.688582 0.866236
vt 0.240358 0.963979
vt 0.228752 0.963979
vt 0.235966 0.951039
vt 0.594716 0.953627
vt 0.607222 0.940599
vt 0.608319 0.952203
vt 0.594716 0.939533
vt 0.555371 0.875311
vt 0.547607 0.897255
vt 0.546688 0.879166
vt 0.555371 0.897376
vt 0.424010 0.955412
vt 0.424010 0.968222
vt 0.414740 0.955856
vt 0.975472 0.342641
vt 0.971939 0.345761
vt 0.971939 0.334280
vt 0.971939 0.703043
vt 0.976652 0.703043
vt 0.975593 0.708644
vt 0.812733 0.978507
vt 0.817757 0.970938
vt 0.819939 0.978507
vt 0.977695 0.000000
vt 0.977695 0.008156
vt 0.971939 0.004202
vt 0.971939 0.842838
vt 0.975973 0.838862
vt 0.975973 0.844326
vt 0.618724 0.853397
vt 0.594716 0.832507
vt 0.619445 0.832507
vt 0.595216 0.859007
vt 0.439262 0.855904
vt 0.463212 0.835006
vt 0.463991 0.855904
vt 0.439689 0.829390
vt 0.909114 0.151503
vt 0.901502 0.163601
vt 0.897994 0.151503
vt 0.523144 0.965403
vt 0.523144 0.947646
vt 0.530028 0.952126
vt 0.836201 0.991176
vt 0.836201 0.970938
vt 0.838833 0.988045
vt 0.433825 0.881678
vt 0.439225 0.865840
vt 0.439225 0.883951
vt 0.156232 0.949615
vt 0.156232 0.963903
vt 0.145527 0.956860
vt 0.044728 0.984059
vt 0.038495 0.976224
vt 0.044728 0.970938
vt 0.578593 0.837032
vt 0.592783 0.850461
vt 0.578593 0.859818
vt 0.591270 0.837212
vt 0.578974 0.820415
vt 0.960105 0.672499
vt 0.960105 0.661000
vt 0.968277 0.668715
vt 0.967837 0.674615
vt 0.344429 0.974675
vt 0.349014 0.970938
vt 0.349014 0.985920
vt 0.723668 0.881863
vt 0.713311 0.886062
vt 0.713311 0.866107
vt 0.715317 0.899097
vt 0.922555 0.029384
vt 0.922555 0.049407
vt 0.908321 0.039215
vt 0.851474 0.970938
vt 0.855304 0.979948
vt 0.851474 0.984501
vt 0.855308 0.973129
vt 0.859136 0.975491
vt 0.855308 0.984499
vt 0.855308 0.970938
vt 0.971939 0.647636
vt 0.974771 0.653826
vt 0.971939 0.657714
vt 0.642726 0.860791
vt 0.642726 0.839362
vt 0.649012 0.851259
vt 0.578593 0.852341
vt 0.562147 0.835477
vt 0.578593 0.832535
vt 0.557815 0.846649
vt 0.564029 0.820415
vt 0.556227 0.829536
vt 0.883321 0.602206
vt 0.883321 0.621509
vt 0.868460 0.611702
vt 0.870686 0.590888
vt 0.555821 0.897996
vt 0.555821 0.924091
vt 0.545753 0.916771
vt 0.869394 0.620392
vt 0.343391 0.893124
vt 0.343391 0.869411
vt 0.328576 0.890694
vt 0.909402 0.528433
vt 0.897184 0.549433
vt 0.896060 0.525746
vt 0.909402 0.549736
vt 0.905277 0.313086
vt 0.916453 0.302844
vt 0.916453 0.329585
vt 0.904599 0.111764
vt 0.915814 0.095314
vt 0.915814 0.122074
vt 0.275180 0.889283
vt 0.257694 0.869587
vt 0.276228 0.870724
vt 0.257694 0.890213
vt 0.295675 0.887698
vt 0.280431 0.907391
vt 0.279383 0.888831
vt 0.295675 0.908324
vt 0.557258 0.932373
vt 0.571531 0.939554
vt 0.737997 0.944826
vt 0.749602 0.943992
vt 0.749602 0.958958
vt 0.956904 0.384974
vt 0.966916 0.384974
vt 0.965172 0.399316
vt 0.837270 0.485240
vt 0.859127 0.463153
vt 0.858182 0.485240
vt 0.837117 0.458255
vt 0.810934 0.408486
vt 0.811102 0.381502
vt 0.832947 0.403589
vt 0.832015 0.381502
vt 0.009935 0.953093
vt 0.000216 0.966832
vt 0.000000 0.953093
vt 0.438954 0.923928
vt 0.438954 0.943518
vt 0.428186 0.930552
vt 0.948770 0.657853
vt 0.936137 0.657853
vt 0.938510 0.641167
vt 0.866171 0.950272
vt 0.864069 0.962748
vt 0.854870 0.948923
vt 0.854870 0.962859
vt 0.103317 0.943002
vt 0.092438 0.956816
vt 0.090336 0.944338
vt 0.103317 0.956938
vt 0.936155 0.858654
vt 0.936155 0.842374
vt 0.949010 0.851457
vt 0.961657 0.559125
vt 0.950452 0.559125
vt 0.961346 0.544097
vt 0.813160 0.948560
vt 0.802001 0.940967
vt 0.813160 0.931214
vt 0.803228 0.949017
vt 0.925696 0.146603
vt 0.937560 0.152611
vt 0.925696 0.163028
vt 0.939553 0.163541
vt 0.078709 0.933181
vt 0.077838 0.941350
vt 0.813277 0.910757
vt 0.825124 0.922965
vt 0.813277 0.928945
vt 0.827130 0.910310
vt 0.391712 0.942426
vt 0.406564 0.927059
vt 0.405723 0.940900
vt 0.391712 0.927028
vt 0.307256 0.949526
vt 0.306416 0.935691
vt 0.319480 0.950956
vt 0.319480 0.935559
vt 0.911213 0.861437
vt 0.907602 0.873319
vt 0.901009 0.861321
vt 0.911213 0.874091
vt 0.967713 0.329585
vt 0.967713 0.345963
vt 0.961761 0.333438
vt 0.788262 0.755552
vt 0.800039 0.750738
vt 0.800039 0.762524
vt 0.255186 0.970938
vt 0.256228 0.985738
vt 0.251296 0.985738
vt 0.057640 0.981846
vt 0.064079 0.970938
vt 0.064079 0.983621
vt 0.904520 0.171586
vt 0.917974 0.163688
vt 0.917974 0.186323
vt 0.887488 0.895676
vt 0.887488 0.915632
vt 0.872153 0.898947
vt 0.609504 0.936543
vt 0.622532 0.932380
vt 0.622532 0.948616
vt 0.662730 0.844657
vt 0.652662 0.825607
vt 0.669486 0.823245
vt 0.649012 0.839284
vt 0.649012 0.817295
vt 0.665249 0.808926
vt 0.907858 0.406964
vt 0.893087 0.406964
vt 0.894081 0.400722
vt 0.904210 0.384974
vt 0.893122 0.386596
vt 0.171257 0.951205
vt 0.171257 0.930081
vt 0.180286 0.940475
vt 0.922043 0.574158
vt 0.921383 0.561448
vt 0.865555 0.346062
vt 0.881378 0.327017
vt 0.881378 0.351343
vt 0.862389 0.329185
vt 0.829245 0.970938
vt 0.833570 0.978594
vt 0.826586 0.978594
vt 0.971939 0.730716
vt 0.976557 0.725933
vt 0.976557 0.731618
vt 0.191222 0.947204
vt 0.190483 0.962339
vt 0.180286 0.947204
vt 0.435797 0.843030
vt 0.434790 0.865274
vt 0.414740 0.839061
vt 0.621432 0.866139
vt 0.621432 0.839362
vt 0.642489 0.862162
vt 0.641482 0.839918
vt 0.027835 0.905480
vt 0.015555 0.918928
vt 0.016879 0.905242
vt 0.027835 0.927130
vt 0.878740 0.302844
vt 0.881502 0.327017
vt 0.863618 0.309888
vt 0.862389 0.327017
vt 0.924549 0.163628
vt 0.912305 0.156028
vt 0.924549 0.149988
vt 0.048870 0.954233
vt 0.039603 0.966921
vt 0.204697 0.950697
vt 0.214579 0.937964
vt 0.218806 0.951028
vt 0.218806 0.936904
vt 0.934662 0.604360
vt 0.920931 0.609174
vt 0.920931 0.590888
vt 0.960680 0.618726
vt 0.953433 0.639208
vt 0.952576 0.622324
vt 0.960680 0.639321
vt 0.888048 0.129500
vt 0.899721 0.117340
vt 0.900744 0.128171
vt 0.867442 0.027593
vt 0.881351 0.000107
vt 0.881351 0.029384
vt 0.889673 0.382416
vt 0.875764 0.357193
vt 0.889673 0.355406
vt 0.874169 0.382519
vt 0.520999 0.306066
vt 0.513894 0.317359
vt 0.510620 0.306066
vt 0.960499 0.560555
vt 0.966925 0.564737
vt 0.971939 0.117247
vt 0.971939 0.098357
vt 0.974395 0.114325
vt 0.964872 0.762812
vt 0.971330 0.769413
vt 0.964872 0.776535
vt 0.669194 0.983656
vt 0.669194 0.970938
vt 0.673848 0.976405
vt 0.319480 0.950004
vt 0.326011 0.940778
vt 0.326195 0.950365
vt 0.952644 0.019755
vt 0.961051 0.010455
vt 0.094898 0.970938
vt 0.094898 0.993844
vt 0.091377 0.975794
vt 0.952576 0.624196
vt 0.939720 0.633947
vt 0.297917 0.886289
vt 0.306352 0.875750
vt 0.352365 0.970938
vt 0.352365 0.991440
vt 0.349014 0.987575
vt 0.107689 0.881651
vt 0.112729 0.866867
vt 0.112729 0.883772
vt 0.604708 0.953627
vt 0.604708 0.966964
vt 0.594716 0.960389
vt 0.487333 0.939556
vt 0.479234 0.934895
vt 0.482830 0.928167
vt 0.479234 0.950358
vt 0.945071 0.393366
vt 0.956904 0.400589
vt 0.874037 0.255186
vt 0.888901 0.242155
vt 0.888901 0.266804
vt 0.876489 0.238367
vt 0.202152 0.947204
vt 0.191453 0.962347
vt 0.686866 0.490623
vt 0.675593 0.470660
vt 0.686866 0.473325
vt 0.666550 0.492762
vt 0.941410 0.804930
vt 0.941410 0.789337
vt 0.953751 0.797761
vt 0.960229 0.096039
vt 0.968370 0.099777
vt 0.960229 0.107525
vt 0.967937 0.093891
vt 0.925758 0.455428
vt 0.912368 0.435104
vt 0.925758 0.435306
vt 0.913187 0.453366
vt 0.940854 0.731654
vt 0.930486 0.749473
vt 0.940854 0.749731
vt 0.935670 0.964041
vt 0.925020 0.963823
vt 0.935670 0.949758
vt 0.724575 0.857157
vt 0.747708 0.832753
vt 0.746842 0.857157
vt 0.724463 0.827349
vt 0.834483 0.620703
vt 0.834484 0.590888
vt 0.857707 0.615286
vt 0.856751 0.590888
vt 0.948555 0.414762
vt 0.959808 0.409473
vt 0.959808 0.424870
vt 0.130872 0.885201
vt 0.148849 0.895955
vt 0.130872 0.904511
vt 0.673151 0.919456
vt 0.664914 0.913888
vt 0.594716 0.892407
vt 0.612209 0.884036
vt 0.612209 0.903964
vt 0.922417 0.929130
vt 0.935670 0.916743
vt 0.935670 0.934997
vt 0.905277 0.342488
vt 0.918881 0.329585
vt 0.918881 0.351497
vt 0.464411 0.944049
vt 0.464411 0.960263
vt 0.454260 0.953307
vt 0.649012 0.873057
vt 0.665189 0.893373
vt 0.673251 0.881003
vt 0.673157 0.866905
vt 0.688582 0.891876
vt 0.873147 0.195483
vt 0.863510 0.181837
vt 0.873147 0.173048
vt 0.862979 0.195823
vt 0.859795 0.165130
vt 0.855907 0.179831
vt 0.960608 0.114234
vt 0.950639 0.127750
vt 0.950639 0.111124
vt 0.932140 0.406628
vt 0.920511 0.395212
vt 0.932140 0.384974
vt 0.194049 0.891842
vt 0.178650 0.876981
vt 0.178573 0.891106
vt 0.463991 0.904088
vt 0.479623 0.882681
vt 0.480617 0.904088
vt 0.896831 0.590888
vt 0.910831 0.607319
vt 0.896831 0.613500
vt 0.909329 0.594174
vt 0.147287 0.924272
vt 0.157440 0.910126
vt 0.157440 0.933263
vt 0.908580 0.508073
vt 0.896538 0.525466
vt 0.891587 0.508073
vt 0.018358 0.883169
vt 0.025747 0.861912
vt 0.028570 0.874172
vt 0.028570 0.897309
vt 0.306278 0.897458
vt 0.295675 0.914193
vt 0.958994 0.592332
vt 0.956742 0.605698
vt 0.946887 0.590888
vt 0.904423 0.933436
vt 0.892767 0.948235
vt 0.890516 0.934868
vt 0.904423 0.948366
vt 0.905277 0.338433
vt 0.905277 0.354813
vt 0.892667 0.346491
vt 0.894556 0.328829
vt 0.952693 0.351728
vt 0.944150 0.345516
vt 0.893459 0.353865
vt 0.956748 0.279603
vt 0.966766 0.285943
vt 0.956748 0.294042
vt 0.872153 0.874477
vt 0.858199 0.860167
vt 0.872153 0.857669
vt 0.854522 0.869647
vt 0.859795 0.847385
vt 0.853175 0.855125
vt 0.776173 0.302072
vt 0.776173 0.317764
vt 0.768604 0.307432
vt 0.381076 0.934022
vt 0.381076 0.910174
vt 0.390827 0.923412
vt 0.974097 0.418176
vt 0.974097 0.436097
vt 0.971939 0.422344
vt 0.724095 0.808744
vt 0.953618 0.170877
vt 0.940896 0.178933
vt 0.940896 0.163688
vt 0.211385 0.631224
vt 0.205322 0.643562
vt 0.971939 0.150038
vt 0.974078 0.133583
vt 0.974078 0.154884
vt 0.959426 0.858228
vt 0.949010 0.851139
vt 0.959426 0.842036
vt 0.950155 0.858654
vt 0.635965 0.932947
vt 0.647040 0.938555
vt 0.635965 0.948279
vt 0.648899 0.948756
vt 0.938223 0.318964
vt 0.950609 0.310474
vt 0.949796 0.318099
vt 0.938223 0.302844
vt 0.932679 0.207064
vt 0.943737 0.218460
vt 0.932679 0.224041
vt 0.945610 0.206647
vt 0.486788 0.952492
vt 0.482921 0.965222
vt 0.475856 0.952368
vt 0.486788 0.966048
vt 0.695409 0.928722
vt 0.689033 0.915305
vt 0.686352 0.127723
vt 0.695333 0.137897
vt 0.686352 0.144115
vt 0.609504 0.948616
vt 0.620369 0.956846
vt 0.609504 0.963279
vt 0.530318 0.931059
vt 0.530318 0.946953
vt 0.525047 0.946582
vt 0.105908 0.940935
vt 0.112806 0.929249
vt 0.112806 0.942837
vt 0.439262 0.951321
vt 0.453125 0.936977
vt 0.452340 0.949896
vt 0.439262 0.936948
vt 0.686830 0.946626
vt 0.687483 0.959547
vt 0.675434 0.945175
vt 0.675288 0.959547
vt 0.938066 0.559774
vt 0.924846 0.545253
vt 0.923330 0.559938
vt 0.158954 0.926199
vt 0.172175 0.909517
vt 0.172175 0.927347
vt 0.074628 0.836933
vt 0.074998 0.816714
vt 0.090336 0.822656
vt 0.065439 0.826012
vt 0.088378 0.801392
vt 0.071248 0.801392
vt 0.525047 0.912947
vt 0.525047 0.931723
vt 0.511396 0.921923
vt 0.900969 0.847385
vt 0.900969 0.873290
vt 0.889552 0.855686
vt 0.920013 0.498636
vt 0.931961 0.485450
vt 0.931961 0.506627
vt 0.921311 0.485249
vt 0.887757 0.874530
vt 0.929683 0.326982
vt 0.928672 0.307085
vt 0.938223 0.327116
vt 0.753642 0.317575
vt 0.767398 0.303245
vt 0.768604 0.316009
vt 0.753642 0.302072
vt 0.948311 0.941788
vt 0.959245 0.956319
vt 0.921556 0.827116
vt 0.933879 0.815459
vt 0.933879 0.835247
vt 0.922870 0.815609
vt 0.464924 0.938223
vt 0.478953 0.938223
vt 0.469925 0.952368
vt 0.883428 0.549976
vt 0.869436 0.542815
vt 0.882760 0.539679
vt 0.869436 0.558192
vt 0.872871 0.525746
vt 0.931350 0.863997
vt 0.921551 0.870699
vt 0.364014 0.968865
vt 0.355844 0.968865
vt 0.363791 0.957914
vt 0.453125 0.964816
vt 0.442020 0.961441
vt 0.453125 0.951321
vt 0.799024 0.947591
vt 0.799024 0.963314
vt 0.788671 0.954105
vt 0.105233 0.929249
vt 0.105233 0.909716
vt 0.112806 0.914644
vt 0.505209 0.993199
vt 0.505209 0.970938
vt 0.508104 0.989756
vt 0.968463 0.057086
vt 0.968463 0.069889
vt 0.959193 0.057529
vt 0.106415 0.906949
vt 0.112355 0.889527
vt 0.112355 0.909449
vt 0.956748 0.295320
vt 0.944973 0.287572
vt 0.967907 0.028866
vt 0.961051 0.020248
vt 0.967907 0.014433
vt 0.503146 0.914584
vt 0.487491 0.908577
vt 0.110668 0.866867
vt 0.095718 0.851536
vt 0.110668 0.848861
vt 0.091780 0.861693
vt 0.097429 0.837843
vt 0.090336 0.846135
vt 0.225782 0.829920
vt 0.204697 0.857514
vt 0.206814 0.829161
vt 0.877872 0.843688
vt 0.888781 0.843020
vt 0.861676 0.508068
vt 0.878957 0.485249
vt 0.877198 0.512829
vt 0.148165 0.885201
vt 0.132357 0.863391
vt 0.148165 0.859811
vt 0.130872 0.883887
vt 0.947502 0.046477
vt 0.934747 0.046477
vt 0.947145 0.029384
vt 0.958167 0.046134
vt 0.947502 0.044044
vt 0.948889 0.040178
vt 0.957847 0.029384
vt 0.949677 0.029384
vt 0.717821 0.970938
vt 0.717821 0.956168
vt 0.723686 0.962459
vt 0.341957 0.914897
vt 0.327611 0.893124
vt 0.341957 0.893340
vt 0.328488 0.912689
vt 0.930103 0.166131
vt 0.918996 0.185221
vt 0.930103 0.185497
vt 0.885780 0.586449
vt 0.878511 0.572747
vt 0.891010 0.571031
vt 0.875555 0.582539
vt 0.875555 0.566593
vt 0.887684 0.560555
vt 0.796549 0.292898
vt 0.805435 0.301227
vt 0.805363 0.294100
vt 0.073959 0.968290
vt 0.065439 0.968738
vt 0.074030 0.959910
vt 0.065439 0.957324
vt 0.193083 0.912341
vt 0.193083 0.930080
vt 0.178573 0.920518
vt 0.112806 0.937074
vt 0.112806 0.921041
vt 0.127723 0.931086
vt 0.423539 0.941152
vt 0.427950 0.955412
vt 0.414740 0.955412
vt 0.936355 0.725670
vt 0.924080 0.717317
vt 0.925430 0.726173
vt 0.477042 0.910697
vt 0.463991 0.922156
vt 0.479234 0.922720
vt 0.556227 0.876149
vt 0.573409 0.876149
vt 0.565472 0.897359
vt 0.530561 0.891900
vt 0.546688 0.875311
vt 0.546688 0.897996
vt 0.019915 0.958731
vt 0.027750 0.967168
vt 0.019915 0.969772
vt 0.781709 0.949449
vt 0.788480 0.964193
vt 0.778660 0.964193
vt 0.847514 0.932236
vt 0.845036 0.946938
vt 0.834196 0.947070
vt 0.960229 0.111124
vt 0.953350 0.110924
vt 0.960229 0.096679
vt 0.950510 0.093891
vt 0.922417 0.916743
vt 0.907997 0.931624
vt 0.907039 0.916743
vt 0.920735 0.933079
vt 0.896831 0.601177
vt 0.896831 0.618726
vt 0.883321 0.609809
vt 0.885346 0.590888
vt 0.090199 0.907341
vt 0.081047 0.924409
vt 0.884171 0.617710
vt 0.902165 0.749250
vt 0.896693 0.762198
vt 0.868460 0.640505
vt 0.883057 0.630501
vt 0.882099 0.639487
vt 0.868460 0.621509
vt 0.178573 0.892334
vt 0.191605 0.905763
vt 0.178573 0.912341
vt 0.193811 0.891842
vt 0.909779 0.948366
vt 0.909779 0.964601
vt 0.909398 0.948452
vt 0.901932 0.964531
vt 0.662330 0.947144
vt 0.673981 0.951013
vt 0.662330 0.961258
vt 0.673566 0.946834
vt 0.948129 0.201898
vt 0.958268 0.186323
vt 0.959369 0.201898
vt 0.967036 0.206803
vt 0.972268 0.910328
vt 0.972268 0.930011
vt 0.971939 0.929977
vt 0.957690 0.780504
vt 0.957690 0.762813
vt 0.964872 0.766063
vt 0.927061 0.204069
vt 0.921198 0.186323
vt 0.934994 0.186323
vt 0.922901 0.203981
vt 0.948714 0.956319
vt 0.956509 0.965829
vt 0.948311 0.968642
vt 0.954550 0.956319
vt 0.228430 0.949131
vt 0.219361 0.961268
vt 0.219361 0.943019
vt 0.291408 0.942607
vt 0.287154 0.956609
vt 0.291408 0.957519
vt 0.511115 0.888385
vt 0.511115 0.907685
vt 0.504101 0.892926
vt 0.959370 0.201009
vt 0.959370 0.186323
vt 0.967221 0.189824
vt 0.965059 0.201030
vt 0.593615 0.907184
vt 0.592690 0.922409
vt 0.922740 0.072479
vt 0.921816 0.057260
vt 0.936187 0.074053
vt 0.936187 0.057115
vt 0.948027 0.914705
vt 0.936067 0.908068
vt 0.948027 0.897028
vt 0.130872 0.953983
vt 0.143729 0.944246
vt 0.571531 0.932373
vt 0.577153 0.948928
vt 0.571531 0.950406
vt 0.959808 0.422328
vt 0.967395 0.409473
vt 0.967395 0.424420
vt 0.777549 0.315932
vt 0.787690 0.286862
vt 0.787690 0.317794
vt 0.776387 0.286807
vt 0.897994 0.161969
vt 0.887852 0.131517
vt 0.897994 0.129665
vt 0.886691 0.162013
vt 0.934994 0.195528
vt 0.948129 0.186323
vt 0.948129 0.202462
vt 0.278561 0.949886
vt 0.269888 0.961438
vt 0.511025 0.925696
vt 0.503261 0.947640
vt 0.502342 0.929551
vt 0.511025 0.947761
vt 0.577278 0.954019
vt 0.589784 0.940991
vt 0.590880 0.952596
vt 0.655057 0.142747
vt 0.670015 0.144082
vt 0.653614 0.128836
vt 0.243530 0.919911
vt 0.229777 0.934877
vt 0.228752 0.919911
vt 0.241524 0.936273
vt 0.953476 0.381034
vt 0.964157 0.371534
vt 0.964157 0.384131
vt 0.827130 0.928067
vt 0.834014 0.914790
vt 0.838833 0.991176
vt 0.838833 0.970938
vt 0.841464 0.988045
vt 0.525047 0.928785
vt 0.530447 0.912947
vt 0.530447 0.931059
vt 0.857338 0.165023
vt 0.845505 0.157014
vt 0.857338 0.152097
vt 0.038495 0.984059
vt 0.032261 0.976224
vt 0.038495 0.970938
vt 0.130446 0.883053
vt 0.112806 0.865304
vt 0.130446 0.857381
vt 0.113747 0.881536
vt 0.623558 0.881963
vt 0.637256 0.867612
vt 0.637256 0.891249
vt 0.621432 0.866140
vt 0.826117 0.953287
vt 0.834081 0.948478
vt 0.834081 0.964192
vt 0.661237 0.960520
vt 0.649012 0.952798
vt 0.661237 0.946880
vt 0.587683 0.979804
vt 0.587683 0.970938
vt 0.594638 0.977672
vt 0.594523 0.971773
vt 0.594419 0.859818
vt 0.594419 0.885920
vt 0.580707 0.869074
vt 0.853175 0.890503
vt 0.867481 0.874723
vt 0.867481 0.900080
vt 0.854729 0.874477
vt 0.578593 0.887355
vt 0.324295 0.981130
vt 0.331151 0.973133
vt 0.331027 0.979942
vt 0.324295 0.970938
vt 0.243720 0.899944
vt 0.243720 0.918905
vt 0.229870 0.910413
vt 0.020426 0.944222
vt 0.015555 0.927130
vt 0.028698 0.927130
vt 0.016450 0.944359
vt 0.439262 0.921106
vt 0.454260 0.929634
vt 0.439262 0.936949
vt 0.749733 0.892917
vt 0.765573 0.872843
vt 0.765573 0.894195
vt 0.747927 0.872765
vt 0.713242 0.907645
vt 0.697402 0.890149
vt 0.713242 0.888875
vt 0.695596 0.907719
vt 0.768970 0.873286
vt 0.786590 0.865302
vt 0.785822 0.871098
vt 0.767359 0.863315
vt 0.767359 0.849552
vt 0.788661 0.856610
vt 0.321394 0.899728
vt 0.307536 0.908137
vt 0.321394 0.918653
vt 0.306416 0.951258
vt 0.317490 0.954935
vt 0.306416 0.964683
vt 0.317097 0.950957
vt 0.049482 0.963724
vt 0.059129 0.948925
vt 0.060167 0.963724
vt 0.847640 0.970938
vt 0.851470 0.979949
vt 0.847640 0.984501
vt 0.851474 0.973128
vt 0.862965 0.975491
vt 0.859136 0.984499
vt 0.859136 0.970938
vt 0.971939 0.657715
vt 0.974770 0.663906
vt 0.959002 0.246151
vt 0.967896 0.255859
vt 0.959002 0.257191
vt 0.967825 0.247755
vt 0.204388 0.843220
vt 0.199205 0.862804
vt 0.199205 0.838195
vt 0.971939 0.865390
vt 0.972866 0.844326
vt 0.972866 0.867032
vt 0.715928 0.859789
vt 0.723689 0.846100
vt 0.717826 0.864169
vt 0.715928 0.837083
vt 0.914808 0.618025
vt 0.910831 0.590888
vt 0.920931 0.594190
vt 0.910831 0.618454
vt 0.968034 0.736217
vt 0.962177 0.741635
vt 0.968260 0.728228
vt 0.717750 0.967889
vt 0.709245 0.968543
vt 0.717821 0.958805
vt 0.709245 0.956168
vt 0.968509 0.463673
vt 0.962651 0.474178
vt 0.962651 0.458255
vt 0.968733 0.471661
vt 0.778660 0.950798
vt 0.776557 0.963274
vt 0.767359 0.963385
vt 0.170420 0.943917
vt 0.159541 0.957731
vt 0.157440 0.945253
vt 0.170420 0.957853
vt 0.974595 0.504251
vt 0.971939 0.514193
vt 0.064247 0.932897
vt 0.049482 0.925557
vt 0.064247 0.915837
vt 0.479290 0.317554
vt 0.468229 0.317554
vt 0.477852 0.306066
vt 0.154419 0.990687
vt 0.150541 0.974847
vt 0.154419 0.970938
vt 0.960105 0.678261
vt 0.950344 0.670082
vt 0.804616 0.931214
vt 0.788671 0.931214
vt 0.800629 0.915263
vt 0.971939 0.436097
vt 0.975334 0.445056
vt 0.971939 0.447467
vt 0.967355 0.656357
vt 0.959980 0.644416
vt 0.967355 0.641167
vt 0.351855 0.844586
vt 0.366379 0.856782
vt 0.347106 0.853235
vt 0.966836 0.618726
vt 0.966836 0.635236
vt 0.960680 0.621224
vt 0.343955 0.868738
vt 0.366379 0.867343
vt 0.812696 0.902686
vt 0.804616 0.915720
vt 0.804616 0.894418
vt 0.807216 0.919647
vt 0.908261 0.094954
vt 0.891075 0.095156
vt 0.907161 0.079170
vt 0.359061 0.926660
vt 0.345055 0.910665
vt 0.343955 0.926449
vt 0.590880 0.954135
vt 0.587269 0.966017
vt 0.580675 0.954019
vt 0.590880 0.966789
vt 0.967610 0.544097
vt 0.967610 0.560474
vt 0.961658 0.547950
vt 0.343616 0.683226
vt 0.333474 0.689230
vt 0.251296 0.970938
vt 0.251296 0.985774
vt 0.246376 0.985428
vt 0.050961 0.983165
vt 0.054268 0.970938
vt 0.057640 0.983165
vt 0.971939 0.900671
vt 0.971939 0.881581
vt 0.972983 0.898831
vt 0.962154 0.808427
vt 0.953751 0.799563
vt 0.962154 0.789337
vt 0.502315 0.990404
vt 0.498966 0.975507
vt 0.207737 0.440011
vt 0.207737 0.415148
vt 0.211704 0.434524
vt 0.269857 0.789201
vt 0.272865 0.761870
vt 0.278622 0.786057
vt 0.279383 0.968325
vt 0.287552 0.957519
vt 0.287552 0.968928
vt 0.832842 0.757708
vt 0.822861 0.762720
vt 0.884530 0.550289
vt 0.896060 0.554891
vt 0.883428 0.526290
vt 0.891587 0.515775
vt 0.880070 0.489809
vt 0.891587 0.485249
vt 0.878957 0.515179
vt 0.959426 0.855482
vt 0.967621 0.866517
vt 0.959426 0.869338
vt 0.965323 0.855718
vt 0.957787 0.722411
vt 0.957787 0.706589
vt 0.965667 0.710025
vt 0.963495 0.722207
vt 0.953252 0.581038
vt 0.952394 0.564154
vt 0.960499 0.581151
vt 0.746498 0.639136
vt 0.721962 0.640466
vt 0.746384 0.613870
vt 0.721962 0.613292
vt 0.253012 0.853457
vt 0.228752 0.829163
vt 0.253124 0.828174
vt 0.228752 0.856329
vt 0.842163 0.101910
vt 0.853836 0.089749
vt 0.854859 0.100581
vt 0.842163 0.088754
vt 0.864524 0.762812
vt 0.876612 0.778770
vt 0.862353 0.776823
vt 0.480617 0.900456
vt 0.480937 0.882681
vt 0.487477 0.900456
vt 0.862353 0.795577
vt 0.747807 0.913892
vt 0.740442 0.921566
vt 0.740442 0.901853
vt 0.738055 0.895919
vt 0.724463 0.880700
vt 0.740281 0.880296
vt 0.724463 0.902957
vt 0.663814 0.914422
vt 0.649012 0.908056
vt 0.649612 0.894681
vt 0.667807 0.859441
vt 0.672847 0.844657
vt 0.672847 0.861563
vt 0.143729 0.953983
vt 0.143729 0.967320
vt 0.133737 0.960745
vt 0.714677 0.482048
vt 0.706575 0.477390
vt 0.710169 0.470660
vt 0.706575 0.492858
vt 0.521383 0.314913
vt 0.531351 0.306046
vt 0.531351 0.317803
vt 0.883841 0.965275
vt 0.883841 0.948701
vt 0.890267 0.952883
vt 0.393135 0.303935
vt 0.406465 0.309195
vt 0.393135 0.317799
vt 0.974395 0.095435
vt 0.439262 0.902881
vt 0.452854 0.887652
vt 0.455079 0.903277
vt 0.439262 0.880619
vt 0.916453 0.324503
vt 0.928672 0.316345
vt 0.384299 0.888255
vt 0.384299 0.867490
vt 0.391699 0.877667
vt 0.439115 0.923876
vt 0.433880 0.908291
vt 0.439115 0.908245
vt 0.431297 0.923757
vt 0.955286 0.500604
vt 0.963949 0.485249
vt 0.962093 0.500729
vt 0.953760 0.485249
vt 0.389579 0.952947
vt 0.390975 0.966445
vt 0.380115 0.966445
vt 0.953725 0.465363
vt 0.940957 0.473424
vt 0.940957 0.458255
vt 0.959869 0.302844
vt 0.966648 0.316848
vt 0.959869 0.317285
vt 0.967635 0.306363
vt 0.228701 0.919388
vt 0.221029 0.920954
vt 0.227719 0.907644
vt 0.221029 0.904917
vt 0.974536 0.833198
vt 0.971939 0.830778
vt 0.163107 0.979729
vt 0.154419 0.972147
vt 0.163107 0.970938
vt 0.154490 0.978602
vt 0.957690 0.777461
vt 0.949024 0.764287
vt 0.957690 0.762812
vt 0.947160 0.779837
vt 0.000000 0.905242
vt 0.014155 0.885666
vt 0.017555 0.903305
vt 0.873042 0.086509
vt 0.861648 0.100530
vt 0.861648 0.085862
vt 0.875389 0.101908
vt 0.099061 0.956938
vt 0.099061 0.968350
vt 0.090336 0.966128
vt 0.090407 0.957749
vt 0.280890 0.414058
vt 0.298784 0.395615
vt 0.298784 0.415848
vt 0.279124 0.397391
vt 0.920946 0.962660
vt 0.909988 0.962660
vt 0.920524 0.948009
vt 0.010953 0.921141
vt 0.003472 0.923416
vt 0.015555 0.905242
vt 0.921767 0.641167
vt 0.921767 0.663558
vt 0.909300 0.649676
vt 0.910657 0.663672
vt 0.861648 0.083914
vt 0.877301 0.057394
vt 0.878303 0.085862
vt 0.862093 0.057394
vt 0.104969 0.927478
vt 0.104969 0.943002
vt 0.092489 0.931292
vt 0.090336 0.938857
vt 0.920511 0.393472
vt 0.907858 0.407365
vt 0.907858 0.384974
vt 0.919151 0.407688
vt 0.379606 0.954635
vt 0.366801 0.947695
vt 0.368736 0.944321
vt 0.377964 0.958008
vt 0.712769 0.981028
vt 0.712769 0.970938
vt 0.718521 0.980177
vt 0.718522 0.972973
vt 0.126227 0.970938
vt 0.130410 0.982626
vt 0.125010 0.972086
vt 0.125010 0.985429
vt 0.915094 0.755312
vt 0.906600 0.762788
vt 0.914789 0.752294
vt 0.906600 0.752491
vt 0.546956 0.982247
vt 0.552507 0.972613
vt 0.552507 0.980688
vt 0.921987 0.779642
vt 0.929975 0.762812
vt 0.936418 0.779642
vt 0.944150 0.329585
vt 0.944150 0.346872
vt 0.931010 0.335133
vt 0.936433 0.530061
vt 0.948253 0.525746
vt 0.948253 0.543305
vt 0.883496 0.457478
vt 0.898023 0.435568
vt 0.898023 0.458035
vt 0.882224 0.435104
vt 0.974794 0.867032
vt 0.971939 0.869947
vt 0.873096 0.970938
vt 0.873096 0.985728
vt 0.869597 0.980945
vt 0.974216 0.773365
vt 0.974216 0.784423
vt 0.971939 0.779784
vt 0.880089 0.985728
vt 0.876592 0.975722
vt 0.880089 0.970938
vt 0.864656 0.237670
vt 0.842254 0.237052
vt 0.864543 0.215219
vt 0.842254 0.212893
vt 0.974984 0.722477
vt 0.971939 0.725932
vt 0.959074 0.970938
vt 0.963370 0.971560
vt 0.958074 0.975434
vt 0.963370 0.979940
vt 0.244808 0.959118
vt 0.245461 0.945580
vt 0.257001 0.959118
vt 0.255233 0.944293
vt 0.855740 0.947600
vt 0.867321 0.948923
vt 0.317278 0.980959
vt 0.317278 0.970938
vt 0.324295 0.979041
vt 0.324179 0.972369
vt 0.188090 0.981986
vt 0.194965 0.973073
vt 0.194841 0.980454
vt 0.188090 0.970938
vt 0.355844 0.943381
vt 0.366777 0.942058
vt 0.366777 0.957914
vt 0.971939 0.467638
vt 0.976744 0.471172
vt 0.972284 0.471172
vt 0.977978 0.464835
vt 0.749618 0.923456
vt 0.764819 0.912582
vt 0.764819 0.929445
vt 0.341957 0.931334
vt 0.326447 0.922202
vt 0.475856 0.952492
vt 0.471989 0.965222
vt 0.464924 0.952368
vt 0.475856 0.966048
vt 0.049298 0.922665
vt 0.042921 0.926792
vt 0.873147 0.199164
vt 0.885764 0.194007
vt 0.885764 0.206634
vt 0.325270 0.918653
vt 0.326386 0.934508
vt 0.321102 0.934508
vt 0.963588 0.757981
vt 0.963588 0.744411
vt 0.970494 0.756113
vt 0.930231 0.479432
vt 0.930231 0.458255
vt 0.940957 0.472458
vt 0.046866 0.884642
vt 0.046866 0.903059
vt 0.030249 0.896014
vt 0.372528 0.909642
vt 0.366947 0.889998
vt 0.382707 0.889998
vt 0.367723 0.910174
vt 0.504101 0.888385
vt 0.504101 0.908577
vt 0.487491 0.898408
vt 0.929035 0.119453
vt 0.928024 0.099555
vt 0.937575 0.119586
vt 0.000000 0.938919
vt 0.013756 0.924589
vt 0.014962 0.937353
vt 0.000000 0.923416
vt 0.740419 0.920940
vt 0.734881 0.904287
vt 0.740419 0.902957
vt 0.724463 0.921567
vt 0.326447 0.931685
vt 0.339708 0.936081
vt 0.326447 0.947740
vt 0.339236 0.931334
vt 0.925865 0.246305
vt 0.937144 0.257363
vt 0.511396 0.958096
vt 0.523144 0.961501
vt 0.956494 0.834992
vt 0.956494 0.815459
vt 0.964067 0.820386
vt 0.508104 0.993199
vt 0.508104 0.970938
vt 0.510998 0.989756
vt 0.505095 0.881483
vt 0.511035 0.864060
vt 0.511035 0.883983
vt 0.722261 0.956168
vt 0.709245 0.947359
vt 0.722261 0.941950
vt 0.961051 0.005815
vt 0.967907 -0.000000
vt 0.598530 0.986767
vt 0.595149 0.974930
vt 0.594638 0.982298
vt 0.974452 0.585456
vt 0.974452 0.597767
vt 0.971939 0.590823
vt 0.743367 0.970938
vt 0.743367 0.986761
vt 0.739773 0.982540
vt 0.771024 0.981811
vt 0.771024 0.970938
vt 0.776162 0.977562
vt 0.261898 0.970938
vt 0.269996 0.974892
vt 0.261898 0.979913
vt 0.904774 0.371846
vt 0.917794 0.378413
vt 0.973622 0.631563
vt 0.971939 0.630404
vt 0.932679 0.226316
vt 0.920424 0.227417
vt 0.922905 0.212124
vt 0.895009 0.726941
vt 0.877240 0.711222
vt 0.872154 0.932588
vt 0.872154 0.915632
vt 0.887146 0.916281
vt 0.971939 0.613081
vt 0.973624 0.629246
vt 0.955544 0.916743
vt 0.955544 0.934065
vt 0.944822 0.922784
vt 0.788445 0.986802
vt 0.788445 0.970938
vt 0.791923 0.983040
vt 0.804616 0.915263
vt 0.789724 0.900206
vt 0.431879 0.887191
vt 0.439115 0.900548
vt 0.431879 0.908245
vt 0.747697 0.880296
vt 0.747697 0.901785
vt 0.740281 0.895187
vt 0.944892 0.503995
vt 0.953760 0.490765
vt 0.947990 0.506166
vt 0.739773 0.971638
vt 0.736474 0.988312
vt 0.736474 0.970938
vt 0.954495 0.888893
vt 0.962926 0.880487
vt 0.950609 0.320925
vt 0.950609 0.302844
vt 0.959869 0.314945
vt 0.901932 0.952427
vt 0.890516 0.948613
vt 0.901537 0.948366
vt 0.890516 0.962341
vt 0.921697 0.907605
vt 0.907039 0.897028
vt 0.701286 0.941444
vt 0.697708 0.941824
vt 0.856357 0.269354
vt 0.872265 0.298223
vt 0.857058 0.298223
vt 0.971939 0.299064
vt 0.971939 0.289391
vt 0.976335 0.295698
vt 0.438701 0.742131
vt 0.434206 0.729188
vt 0.438701 0.722990
vt 0.434186 0.737600
vt 0.438699 0.742131
vt 0.434206 0.755075
vt 0.434186 0.746663
vt 0.438699 0.761271
vt 0.782558 0.975768
vt 0.776162 0.979651
vt 0.776162 0.970938
vt 0.301487 0.865431
vt 0.279768 0.845808
vt 0.301487 0.841719
vt 0.279383 0.866478
vt 0.392076 0.865584
vt 0.413565 0.840514
vt 0.413565 0.865732
vt 0.391713 0.844001
vt 0.940987 0.057115
vt 0.948777 0.073704
vt 0.936187 0.073704
vt 0.947436 0.059326
vt 0.957219 0.908040
vt 0.948027 0.907606
vt 0.949842 0.903244
vt 0.957204 0.916225
vt 0.957219 0.897028
vt 0.950556 0.897256
vt 0.648326 0.912000
vt 0.648900 0.922373
vt 0.637256 0.915890
vt 0.638889 0.922116
vt 0.644890 0.932947
vt 0.637256 0.928157
vt 0.251119 0.944293
vt 0.244808 0.926231
vt 0.257275 0.926617
vt 0.257275 0.942654
vt 0.958838 0.697702
vt 0.962104 0.680031
vt 0.965670 0.697702
vt 0.934662 0.600294
vt 0.946887 0.608734
vt 0.908580 0.507217
vt 0.918585 0.521055
vt 0.911394 0.525466
vt 0.924003 0.507217
vt 0.684892 0.944961
vt 0.675288 0.929369
vt 0.688848 0.928713
vt 0.688848 0.945175
vt 0.881653 0.933593
vt 0.885277 0.948014
vt 0.885277 0.932588
vt 0.090336 0.916721
vt 0.105233 0.927478
vt 0.840856 0.762775
vt 0.832842 0.757548
vt 0.840856 0.750738
vt 0.833626 0.750981
vt 0.456069 0.982820
vt 0.456069 0.970938
vt 0.461667 0.978237
vt 0.945814 0.870665
vt 0.936155 0.863917
vt 0.945814 0.858654
vt 0.936622 0.870424
vt 0.008907 0.970938
vt 0.008907 0.980134
vt -0.000000 0.975791
vt 0.968977 0.977047
vt 0.971431 0.987957
vt 0.968665 0.985033
vt 0.971431 0.970938
vt 0.890516 0.927179
vt 0.904617 0.915407
vt 0.904617 0.933436
vt 0.973994 0.804324
vt 0.973994 0.815509
vt 0.971939 0.807785
vt 0.974535 0.198882
vt 0.974535 0.216149
vt 0.971939 0.210400
vt 0.976239 0.520325
vt 0.976239 0.528370
vt 0.971939 0.526445
vt 0.450674 0.970938
vt 0.456069 0.977714
vt 0.450674 0.983276
vt 0.541640 0.981115
vt 0.535427 0.976948
vt 0.541640 0.970938
vt 0.536108 0.971200
vt 0.571148 0.492993
vt 0.561298 0.485671
vt 0.562617 0.492140
vt 0.946191 0.329327
vt 0.938223 0.322128
vt 0.946191 0.318964
vt 0.938821 0.328038
vt 0.693894 0.928723
vt 0.695579 0.938141
vt 0.689033 0.930544
vt 0.689033 0.944278
vt 0.915814 0.128968
vt 0.921775 0.117190
vt 0.926171 0.129471
vt 0.915814 0.117968
vt 0.309305 0.979771
vt 0.316116 0.971013
vt 0.317278 0.979830
vt 0.294914 0.979837
vt 0.296075 0.971018
vt 0.302885 0.979771
vt 0.302885 0.970938
vt 0.917552 0.979165
vt 0.923714 0.970938
vt 0.923716 0.979165
vt 0.522281 0.975990
vt 0.515206 0.979961
vt 0.515206 0.970938
vt 0.920013 0.506887
vt 0.908631 0.486495
vt 0.920013 0.485249
vt 0.906376 0.504821
vt 0.906376 0.508072
vt 0.891587 0.506887
vt 0.903710 0.489183
vt 0.937958 0.679902
vt 0.926306 0.665410
vt 0.932653 0.661000
vt 0.923135 -0.000000
vt 0.934949 0.000149
vt 0.931388 0.016500
vt 0.934949 0.020393
vt 0.943851 0.560945
vt 0.936800 0.580645
vt 0.934305 0.560555
vt 0.943851 0.583865
vt 0.917923 0.751432
vt 0.906600 0.729374
vt 0.919464 0.731860
vt 0.906600 0.752294
vt 0.154457 0.857476
vt 0.131228 0.839071
vt 0.154457 0.832693
vt 0.130872 0.859811
vt 0.685844 0.316809
vt 0.708844 0.317407
vt 0.685507 0.295544
vt 0.210910 0.982847
vt 0.217276 0.973265
vt 0.217276 0.980887
vt 0.210910 0.970938
vt 0.101032 0.981771
vt 0.101032 0.973360
vt 0.094898 0.984080
vt 0.081778 0.886319
vt 0.067797 0.888803
vt 0.082920 0.864953
vt 0.877233 0.407554
vt 0.857242 0.409212
vt 0.873999 0.386393
vt 0.750643 0.978665
vt 0.757195 0.971004
vt 0.757921 0.978719
vt 0.750643 0.970938
vt 0.743367 0.978725
vt 0.744093 0.971010
vt 0.971939 0.357241
vt 0.976284 0.362903
vt 0.450537 0.970938
vt 0.443868 0.980739
vt 0.445742 0.970964
vt 0.450674 0.980739
vt 0.806077 0.970938
vt 0.806077 0.978829
vt 0.799137 0.974832
vt 0.430234 0.980738
vt 0.430431 0.970938
vt 0.425433 0.980712
vt 0.913916 0.970938
vt 0.913916 0.980891
vt 0.908791 0.979835
vt 0.913076 0.971081
vt 0.967016 0.501299
vt 0.969259 0.492122
vt 0.969626 0.492598
vt 0.963949 0.496153
vt 0.344429 0.980464
vt 0.337195 0.980464
vt 0.344322 0.970938
vt 0.908791 0.972589
vt 0.903799 0.981187
vt 0.510171 0.306066
vt 0.510620 0.317156
vt 0.509971 0.316834
vt 0.509319 0.316833
vt 0.500047 0.317156
vt 0.504706 0.308133
vt 0.873078 0.201038
vt 0.864581 0.206539
vt 0.864581 0.195823
vt 0.974649 0.613081
vt 0.971939 0.605770
vt 0.975995 0.605770
vt 0.665735 0.977001
vt 0.660703 0.982752
vt 0.433050 0.602478
vt 0.423945 0.602478
vt 0.430684 0.592822
vt 0.425096 0.593908
vt 0.976555 0.314958
vt 0.976555 0.323794
vt 0.971939 0.321845
vt 0.256228 0.970938
vt 0.261898 0.977348
vt 0.256228 0.983771
vt 0.229887 0.981763
vt 0.222986 0.977167
vt 0.229887 0.970938
vt 0.223723 0.970952
vt 0.892839 0.679586
vt 0.882447 0.679586
vt 0.889681 0.669004
vt 0.882998 0.670367
vt 0.975478 0.052193
vt 0.974095 0.052704
vt 0.977475 0.060577
vt 0.352615 0.968520
vt 0.343955 0.960603
vt 0.352615 0.957394
vt 0.344629 0.967087
vt 0.977501 0.043824
vt 0.975474 0.052193
vt 0.971939 0.043824
vt 0.972956 0.900671
vt 0.972956 0.910327
vt 0.971939 0.909649
vt 0.977666 0.520325
vt 0.971939 0.519748
vt 0.973070 0.514193
vt 0.971939 0.514214
vt 0.976545 0.222794
vt 0.971939 0.216149
vt 0.973865 0.125497
vt 0.972736 0.125210
vt 0.977549 0.117247
vt 0.559201 0.975324
vt 0.552507 0.980285
vt 0.552507 0.970938
vt 0.497129 0.967505
vt 0.487517 0.958016
vt 0.497129 0.956091
vt 0.487490 0.967558
vt 0.956369 0.706435
vt 0.946758 0.704501
vt 0.956369 0.695022
vt 0.834196 0.906078
vt 0.850758 0.895165
vt 0.850758 0.913893
vt 0.764315 0.979495
vt 0.757921 0.970938
vt 0.764477 0.970938
vt 0.759057 0.979474
vt 0.770913 0.970938
vt 0.764477 0.979496
vt 0.765662 0.970959
vt 0.771024 0.979496
vt 0.709940 0.980319
vt 0.703709 0.976263
vt 0.704319 0.971142
vt 0.117227 0.980598
vt 0.108984 0.973549
vt 0.109519 0.978904
vt 0.937705 0.971364
vt 0.932832 0.976768
vt 0.937113 0.970938
vt 0.937705 0.981241
vt 0.404358 0.974538
vt 0.409804 0.982780
vt 0.409217 0.983244
vt 0.178573 0.866188
vt 0.199105 0.838195
vt 0.199205 0.864071
vt 0.180602 0.838195
vt 0.703710 0.978629
vt 0.696144 0.972009
vt 0.703710 0.970938
vt 0.696126 0.978661
vt 0.487491 0.836237
vt 0.506200 0.861112
vt 0.508198 0.835065
vt 0.696126 0.978666
vt 0.688560 0.977589
vt 0.696126 0.970976
vt 0.956930 0.046134
vt 0.947502 0.056813
vt 0.950639 0.046155
vt 0.957038 0.056813
vt 0.905434 0.560414
vt 0.896060 0.549736
vt 0.905607 0.549736
vt 0.899137 0.560394
vt 0.972139 0.323794
vt 0.975810 0.334280
vt 0.971939 0.939887
vt 0.971939 0.930011
vt 0.972398 0.930343
vt 0.917552 0.970938
vt 0.917552 0.984353
vt 0.913916 0.973578
vt 0.917302 0.984926
vt 0.976433 0.304926
vt 0.971939 0.308306
vt 0.971939 0.299065
vt 0.618481 0.979222
vt 0.618481 0.970938
vt 0.625865 0.974741
vt 0.396548 0.979487
vt 0.403572 0.971005
vt 0.404358 0.979536
vt 0.396548 0.970938
vt 0.388739 0.979543
vt 0.389524 0.971011
vt 0.891660 0.784213
vt 0.897517 0.765222
vt 0.907424 0.784213
vt 0.892169 0.762812
vt 0.276863 0.844678
vt 0.263393 0.859109
vt 0.279049 0.848880
vt 0.277241 0.869587
vt 0.351773 0.887506
vt 0.343955 0.890135
vt 0.362155 0.868791
vt 0.777530 0.918214
vt 0.767359 0.898897
vt 0.782460 0.898897
vt 0.782331 0.918731
vt 0.247029 0.802947
vt 0.229833 0.790950
vt 0.251207 0.790950
vt 0.228752 0.810243
vt 0.247090 0.828174
vt 0.257694 0.814703
vt 0.847640 0.979488
vt 0.841464 0.979488
vt 0.847207 0.970938
vt 0.188090 0.980329
vt 0.179980 0.975834
vt 0.778218 0.160515
vt 0.792894 0.143316
vt 0.796328 0.160931
vt 0.778218 0.134223
vt 0.800941 0.122664
vt 0.806905 0.136298
vt 0.812607 0.979137
vt 0.812733 0.970938
vt 0.807755 0.979117
vt 0.826512 0.970938
vt 0.819939 0.979138
vt 0.821665 0.970958
vt 0.826586 0.979138
vt 0.730373 0.141109
vt 0.714897 0.122392
vt 0.733669 0.126179
vt 0.714897 0.144383
vt 0.530561 0.897996
vt 0.545753 0.903389
vt 0.530561 0.917747
vt 0.544866 0.915143
vt 0.455095 0.861724
vt 0.458338 0.878337
vt 0.918882 0.329645
vt 0.931010 0.343053
vt 0.918882 0.351284
vt 0.929692 0.329585
vt 0.865004 0.455316
vt 0.882224 0.458183
vt 0.882224 0.439742
vt 0.695596 0.869117
vt 0.712053 0.884179
vt 0.695596 0.888875
vt 0.976664 0.386976
vt 0.976664 0.395336
vt 0.971939 0.394608
vt 0.975848 0.387136
vt 0.975712 0.605770
vt 0.975257 0.597767
vt 0.975712 0.598094
vt 0.971939 0.602308
vt 0.976360 0.379894
vt 0.971939 0.386976
vt 0.971939 0.378017
vt 0.976957 0.034536
vt 0.974211 0.043824
vt 0.973745 0.043310
vt 0.973168 0.043085
vt 0.486624 0.970938
vt 0.479721 0.980313
vt 0.481462 0.970963
vt 0.486741 0.980313
vt 0.479545 0.980313
vt 0.472692 0.970938
vt 0.479721 0.970938
vt 0.474377 0.980288
vt 0.890703 0.970938
vt 0.885283 0.979308
vt 0.889605 0.971120
vt 0.890703 0.980449
vt 0.978139 0.314958
vt 0.971939 0.308352
vt 0.972834 0.308307
vt 0.971939 0.314528
vt 0.885283 0.972937
vt 0.880089 0.980892
vt 0.576315 0.981201
vt 0.575633 0.980517
vt 0.574719 0.980202
vt 0.789724 0.874586
vt 0.807033 0.873095
vt 0.790851 0.893703
vt 0.807033 0.894418
vt 0.907151 0.477462
vt 0.892555 0.479564
vt 0.907559 0.458255
s 1
usemtl Material.001
f 1/1/1 2/2/1 3/3/1
f 2/2/1 4/4/1 3/3/1
f 5/5/2 6/6/3 7/7/4
f 6/6/3 5/5/2 8/8/5
f 7/9/4 6/10/3 9/11/6
f 5/12/2 10/13/7 8/14/5
f 9/11/6 11/15/6 7/9/4
f 10/13/7 12/16/7 8/14/5
f 11/15/6 9/11/6 13/17/8
f 10/13/7 14/18/9 12/16/7
f 13/17/8 9/11/6 15/19/10
f 16/20/11 14/18/9 10/13/7
f 13/21/8 15/22/10 17/23/12
f 14/24/9 16/25/11 18/26/13
f 17/23/12 15/22/10 19/27/14
f 18/26/13 20/28/15 14/24/9
f 17/29/12 19/30/14 21/31/16
f 20/28/15 18/26/13 22/32/17
f 21/31/16 19/30/14 23/33/16
f 22/32/17 24/34/17 20/28/15
f 21/31/16 23/33/16 25/35/18
f 24/34/17 22/32/17 26/36/19
f 25/35/18 23/33/16 27/37/18
f 26/36/19 28/38/20 24/34/17
f 25/39/18 27/40/18 28/38/20
f 28/38/20 26/36/19 25/39/18
f 29/41/21 30/42/21 31/43/21
f 30/42/21 32/44/21 31/43/21
f 33/45/22 34/46/23 35/47/23
f 34/46/23 33/45/22 36/48/24
f 33/49/22 37/50/25 36/51/24
f 37/50/25 33/49/22 38/52/26
f 38/52/26 39/53/27 37/50/25
f 39/53/27 38/52/26 40/54/28
f 39/53/27 40/54/28 41/55/29
f 41/55/29 42/56/30 39/53/27
f 42/56/30 41/55/29 43/57/31
f 43/57/31 44/58/32 42/56/30
f 43/57/31 45/59/33 44/58/32
f 46/60/33 45/59/33 43/57/34
f 47/61/1 48/62/1 49/63/1
f 49/63/1 50/64/1 47/61/1
f 51/65/35 52/66/35 53/67/36
f 53/67/36 52/66/35 54/68/37
f 53/67/36 54/68/37 55/69/38
f 55/69/38 54/68/37 56/70/38
f 57/71/39 58/72/40 59/73/41
f 58/72/40 60/74/42 59/73/41
f 57/71/39 59/73/41 61/75/39
f 62/76/42 60/74/42 58/72/40
f 57/77/39 61/78/39 63/79/1
f 62/76/42 64/80/43 60/74/42
f 63/79/1 65/81/1 57/77/39
f 66/82/43 64/80/43 62/76/42
f 65/81/1 63/79/1 67/83/44
f 66/82/43 68/84/42 64/80/43
f 67/83/44 69/85/45 65/81/1
f 70/86/42 68/84/42 66/82/43
f 71/87/46 69/88/45 67/89/44
f 70/86/42 72/90/47 68/84/42
f 73/91/46 69/88/45 71/87/46
f 74/92/46 69/88/45 73/91/46
f 74/92/46 73/91/46 75/93/46
f 76/94/47 72/90/47 70/86/42
f 76/94/47 77/95/48 72/90/47
f 78/96/49 77/95/48 76/94/47
f 78/96/49 79/97/42 77/95/48
f 80/98/42 77/95/48 79/97/42
f 55/99/50 56/100/50 49/101/50
f 49/101/50 56/100/50 50/102/50
f 35/103/51 81/104/51 82/105/51
f 81/104/51 35/103/51 34/106/51
f 83/107/52 84/108/52 85/109/53
f 83/107/52 81/41/54 84/108/52
f 82/110/54 81/41/54 83/107/52
f 85/109/53 84/108/52 86/111/55
f 85/112/53 86/113/55 87/114/56
f 87/114/56 88/115/57 85/112/53
f 88/115/57 87/114/56 89/116/58
f 89/116/58 90/117/58 88/115/57
f 90/117/58 89/116/58 91/118/59
f 91/118/59 92/119/60 90/117/58
f 92/119/60 91/118/59 93/120/61
f 93/120/61 91/118/62 94/121/61
f 95/122/63 96/123/64 97/124/65
f 97/124/65 96/123/64 98/125/65
f 95/126/63 99/127/66 96/128/64
f 99/127/66 95/126/67 100/129/66
f 101/130/68 102/131/69 103/132/70
f 102/131/69 101/130/68 104/133/68
f 105/134/71 103/132/70 102/131/69
f 103/132/70 105/134/71 106/135/71
f 107/136/72 106/137/71 105/138/71
f 106/137/71 107/136/72 108/139/73
f 109/140/74 108/141/73 107/142/72
f 108/141/73 109/140/74 110/143/75
f 111/144/76 110/143/75 109/140/74
f 110/143/75 111/144/76 112/145/77
f 112/145/77 111/144/76 113/146/78
f 113/146/78 111/144/76 114/147/79
f 113/146/78 114/147/79 30/148/80
f 30/148/80 114/147/79 32/149/80
f 3/150/46 115/151/46 1/152/46
f 116/153/46 1/152/46 115/151/46
f 117/154/81 118/155/82 119/156/82
f 118/155/82 117/154/81 120/157/81
f 121/158/83 119/156/82 118/155/82
f 119/156/82 121/158/83 122/159/84
f 123/160/85 122/159/84 121/158/83
f 122/159/84 123/160/85 124/161/86
f 52/162/87 124/161/86 123/160/85
f 124/161/86 52/162/87 51/163/87
f 5/164/88 18/165/88 10/166/88
f 10/166/88 18/165/88 16/167/88
f 18/165/88 5/164/88 26/168/88
f 18/165/88 26/168/88 22/169/88
f 5/164/88 21/170/88 26/168/88
f 26/168/88 21/170/88 25/171/88
f 21/170/88 5/164/88 17/172/88
f 17/172/88 5/164/88 7/173/88
f 17/172/88 7/173/88 13/174/88
f 13/174/88 7/173/88 11/175/88
f 8/176/89 19/177/89 6/178/89
f 15/179/89 6/178/89 19/177/89
f 6/178/89 15/179/89 9/180/89
f 8/176/89 23/181/89 19/177/89
f 23/181/89 8/176/89 28/182/89
f 23/181/89 28/182/89 27/183/89
f 28/182/89 8/176/89 20/184/89
f 28/182/89 20/184/89 24/185/89
f 20/184/89 8/176/89 12/186/89
f 20/184/89 12/186/89 14/187/89
f 125/188/90 126/189/90 127/190/91
f 127/190/91 128/191/91 125/188/90
f 128/191/91 127/190/91 129/192/92
f 129/192/92 130/193/93 128/191/91
f 129/192/92 97/194/94 130/193/93
f 97/194/94 98/195/94 130/193/93
f 79/196/88 78/197/88 131/198/88
f 131/198/88 74/199/88 79/196/88
f 132/200/88 131/198/88 78/197/88
f 74/199/88 131/198/88 133/201/88
f 134/202/88 132/200/88 78/197/88
f 76/203/88 134/202/88 78/197/88
f 134/202/88 76/203/88 135/204/88
f 135/204/88 76/203/88 70/205/88
f 136/206/88 74/199/88 133/201/88
f 70/205/88 136/206/88 135/204/88
f 136/206/88 70/205/88 66/207/88
f 74/199/88 136/206/88 69/208/88
f 66/207/88 69/208/88 136/206/88
f 62/209/88 69/208/88 66/207/88
f 69/208/88 62/209/88 58/210/88
f 69/208/88 58/210/88 65/211/88
f 65/211/88 58/210/88 57/212/88
f 71/213/89 68/214/89 137/215/89
f 72/216/89 137/215/89 68/214/89
f 137/215/89 72/216/89 77/217/89
f 68/214/89 71/213/89 64/218/89
f 71/213/89 137/215/89 138/219/89
f 139/220/89 137/215/89 77/217/89
f 77/217/89 80/221/89 139/220/89
f 75/222/89 139/220/89 80/221/89
f 139/220/89 75/222/89 140/223/89
f 75/222/89 73/224/89 140/223/89
f 140/223/89 73/224/89 141/225/89
f 141/225/89 73/224/89 142/226/89
f 142/226/89 71/213/89 138/219/89
f 73/224/89 71/213/89 142/226/89
f 67/227/89 64/218/89 71/213/89
f 64/218/89 67/227/89 60/228/89
f 67/227/89 59/229/89 60/228/89
f 59/229/89 67/227/89 63/230/89
f 63/230/89 61/231/89 59/229/89
f 143/232/88 46/233/88 43/234/88
f 43/234/88 144/235/88 143/232/88
f 43/234/88 145/236/88 144/235/88
f 41/237/88 145/236/88 43/234/88
f 40/238/88 145/236/88 41/237/88
f 38/239/88 145/236/88 40/238/88
f 145/236/88 38/239/88 35/240/88
f 33/241/88 35/240/88 38/239/88
f 37/242/89 34/243/89 36/244/89
f 34/243/89 37/242/89 146/245/89
f 39/246/89 146/245/89 37/242/89
f 146/245/89 39/246/89 42/247/89
f 146/245/89 42/247/89 44/248/89
f 146/245/89 44/248/89 147/249/89
f 44/248/89 148/250/89 147/249/89
f 148/250/89 44/248/89 45/251/89
f 126/252/88 48/253/88 149/254/88
f 48/253/88 55/255/88 49/256/88
f 55/255/88 48/253/88 126/252/88
f 126/252/88 124/257/88 55/255/88
f 53/258/88 55/255/88 124/257/88
f 53/258/88 124/257/88 51/259/88
f 124/257/88 126/252/88 122/260/88
f 126/252/88 119/261/88 122/260/88
f 119/261/88 126/252/88 150/262/88
f 150/262/88 117/263/88 119/261/88
f 126/252/88 149/254/88 127/264/88
f 149/254/88 129/265/88 127/264/88
f 129/265/88 149/254/88 95/266/88
f 95/266/88 149/254/88 100/267/88
f 129/265/88 95/266/88 97/268/88
f 140/269/95 133/270/96 131/271/97
f 141/272/42 133/273/96 140/274/95
f 131/271/97 139/275/98 140/269/95
f 133/273/96 141/272/42 136/276/99
f 132/277/46 139/278/98 131/279/97
f 136/276/99 141/272/42 142/280/42
f 132/277/46 137/281/100 139/278/98
f 136/276/99 142/280/42 138/282/101
f 137/281/100 132/277/46 134/283/46
f 136/284/99 138/285/101 135/286/2
f 135/286/2 138/285/101 137/287/100
f 135/288/2 137/281/100 134/283/46
f 151/289/89 96/290/89 99/291/89
f 151/289/89 130/292/89 96/290/89
f 130/292/89 98/293/89 96/290/89
f 130/292/89 151/289/89 128/294/89
f 151/289/89 125/295/89 128/294/89
f 125/295/89 151/289/89 47/296/89
f 47/296/89 50/297/89 56/298/89
f 56/298/89 125/295/89 47/296/89
f 125/295/89 56/298/89 123/299/89
f 56/298/89 54/300/89 123/299/89
f 123/299/89 54/300/89 52/301/89
f 125/295/89 123/299/89 121/302/89
f 125/295/89 121/302/89 118/303/89
f 125/295/89 118/303/89 152/304/89
f 118/303/89 120/305/89 152/304/89
f 153/306/88 90/307/88 154/308/88
f 154/308/88 90/307/88 92/309/88
f 154/308/88 92/309/88 93/310/88
f 93/310/88 155/311/88 154/308/88
f 90/307/88 153/306/88 88/312/88
f 153/306/88 83/313/88 88/312/88
f 88/312/88 83/313/88 85/314/88
f 83/313/88 153/306/88 82/315/88
f 84/316/89 87/317/89 86/318/89
f 156/319/89 87/317/89 84/316/89
f 156/319/89 84/316/89 81/320/89
f 156/319/89 89/321/89 87/317/89
f 89/321/89 156/319/89 157/322/89
f 89/321/89 157/322/89 91/323/89
f 91/323/89 157/322/89 94/324/89
f 94/324/89 157/322/89 158/325/89
f 103/326/88 159/327/88 101/328/88
f 159/327/88 103/326/88 160/329/88
f 160/329/88 103/326/88 106/330/88
f 160/329/88 106/330/88 161/331/88
f 106/330/88 162/332/88 161/331/88
f 162/332/88 106/330/88 108/333/88
f 108/333/88 163/334/88 162/332/88
f 163/334/88 108/333/88 110/335/88
f 163/334/88 110/335/88 112/336/88
f 163/334/88 112/336/88 164/337/88
f 113/338/88 164/337/88 112/336/88
f 164/337/88 113/338/88 165/339/88
f 165/339/88 113/338/88 29/340/88
f 30/341/88 29/340/88 113/338/88
f 102/342/89 166/343/89 167/344/89
f 166/343/89 102/342/89 104/345/89
f 167/344/89 105/346/89 102/342/89
f 105/346/89 167/344/89 168/347/89
f 105/346/89 168/347/89 169/348/89
f 105/346/89 169/348/89 107/349/89
f 170/350/89 107/349/89 169/348/89
f 107/349/89 170/350/89 109/351/89
f 170/350/89 111/352/89 109/351/89
f 111/352/89 170/350/89 171/353/89
f 111/352/89 171/353/89 114/354/89
f 114/354/89 171/353/89 172/355/89
f 31/356/89 114/354/89 172/355/89
f 114/354/89 31/356/89 32/357/89
f 173/358/88 174/359/88 175/360/88
f 176/361/88 175/360/88 174/359/88
f 177/362/88 175/360/88 176/361/88
f 174/359/88 173/358/88 178/363/88
f 176/361/88 179/364/88 177/362/88
f 177/362/88 179/364/88 180/365/88
f 180/365/88 179/364/88 181/366/88
f 179/364/88 116/367/88 181/366/88
f 116/367/88 179/364/88 182/368/88
f 174/359/88 183/369/88 176/361/88
f 183/369/88 116/367/88 182/368/88
f 183/369/88 174/359/88 184/370/88
f 183/369/88 1/371/88 116/367/88
f 184/370/88 1/371/88 183/369/88
f 185/372/88 1/371/88 184/370/88
f 1/371/88 185/372/88 186/373/88
f 1/371/88 186/373/88 187/374/88
f 188/375/88 1/371/88 187/374/88
f 186/373/88 185/372/88 189/376/88
f 1/371/88 188/375/88 2/377/88
f 2/377/88 188/375/88 189/376/88
f 189/376/88 185/372/88 178/363/88
f 189/376/88 173/358/88 2/377/88
f 173/358/88 189/376/88 178/363/88
f 190/378/89 191/379/89 192/380/89
f 191/379/89 193/381/89 192/380/89
f 193/381/89 194/382/89 192/380/89
f 191/379/89 4/383/89 193/381/89
f 195/384/89 194/382/89 193/381/89
f 4/383/89 191/379/89 196/385/89
f 194/382/89 195/384/89 197/386/89
f 4/383/89 196/385/89 3/387/89
f 198/388/89 191/379/89 190/378/89
f 190/378/89 3/387/89 198/388/89
f 3/387/89 190/378/89 197/386/89
f 3/387/89 199/389/89 198/388/89
f 199/389/89 3/387/89 196/385/89
f 3/387/89 197/386/89 200/390/89
f 195/384/89 200/390/89 197/386/89
f 200/390/89 115/391/89 3/387/89
f 200/390/89 195/384/89 201/392/89
f 115/391/89 200/390/89 202/393/89
f 195/384/89 203/394/89 201/392/89
f 204/395/89 115/391/89 202/393/89
f 204/395/89 201/392/89 203/394/89
f 115/391/89 204/395/89 205/396/89
f 204/395/89 203/394/89 206/397/89
f 206/397/89 205/396/89 204/395/89
f 82/398/102 145/399/103 35/400/102
f 145/399/103 82/398/102 153/401/103
f 153/401/103 154/402/103 145/399/103
f 144/403/103 145/399/103 154/402/103
f 154/402/103 155/404/103 144/403/103
f 143/405/103 144/403/103 155/404/103
f 81/406/104 146/407/105 156/408/105
f 34/409/104 146/407/105 81/406/104
f 147/410/105 156/408/105 146/407/105
f 156/408/105 147/410/105 157/411/105
f 148/103/105 157/411/105 147/410/105
f 157/411/105 148/103/105 158/412/105
f 47/413/46 151/414/46 48/415/46
f 149/416/46 48/415/46 151/414/46
f 126/417/106 125/418/106 150/419/107
f 150/419/107 125/418/106 152/420/107
f 152/421/107 117/422/108 150/423/107
f 117/422/108 152/421/107 120/424/108
f 198/425/109 186/426/96 189/427/98
f 189/427/98 191/428/97 198/425/109
f 186/429/96 198/430/109 199/431/99
f 189/432/98 196/433/100 191/434/97
f 187/435/110 186/429/96 199/431/99
f 189/432/98 188/436/2 196/433/100
f 187/437/110 199/438/99 188/439/2
f 188/439/2 199/438/99 196/440/100
f 174/441/98 194/442/97 184/443/96
f 184/443/96 194/442/97 197/444/111
f 174/445/98 192/446/112 194/447/97
f 184/448/96 197/449/111 190/450/101
f 174/445/98 178/451/100 192/446/112
f 178/452/100 190/453/101 192/454/112
f 185/455/113 184/448/96 190/450/101
f 185/456/113 190/453/101 178/452/100
f 179/457/97 204/458/98 182/459/95
f 182/459/95 204/458/98 202/460/95
f 179/461/97 201/462/114 204/463/98
f 202/464/95 200/465/99 182/466/95
f 179/461/97 176/250/2 201/462/114
f 176/467/2 200/468/99 201/469/114
f 183/470/115 200/468/99 176/467/2
f 183/471/115 182/466/95 200/465/99
f 166/472/116 159/473/116 160/474/117
f 160/474/117 167/475/117 166/472/116
f 167/475/117 160/474/117 161/476/118
f 161/476/118 168/477/119 167/475/117
f 168/478/119 161/479/118 162/480/120
f 162/480/120 169/481/120 168/478/119
f 169/482/120 162/483/120 163/484/121
f 163/484/121 170/485/122 169/482/120
f 170/485/122 163/484/121 164/486/123
f 164/486/123 171/487/124 170/485/122
f 164/486/123 172/488/125 171/487/124
f 165/489/125 172/488/125 164/486/123
f 165/489/125 31/490/126 172/488/125
f 31/490/126 165/489/125 29/491/126
f 193/492/101 4/493/42 173/494/127
f 2/495/42 173/494/127 4/493/42
f 175/496/113 193/497/101 173/498/127
f 193/497/101 175/496/113 195/499/99
f 175/500/113 177/501/96 195/502/99
f 203/503/109 195/502/99 177/501/96
f 203/504/109 177/505/96 180/506/96
f 180/506/96 206/507/128 203/504/109
f 181/508/42 206/509/128 180/510/96
f 206/509/128 181/508/42 205/511/42
usemtl Material.002
f 207/512/89 209/513/129 208/514/130
f 210/515/131 209/513/129 207/512/89
f 209/513/132 210/515/131 211/516/131
f 212/517/130 208/514/130 209/513/129
f 213/518/133 214/519/133 216/520/133
f 213/518/133 215/521/133 214/519/133
f 217/522/133 215/521/133 213/518/133
f 215/521/133 217/522/133 218/523/133
f 214/519/133 215/521/133 219/524/133
f 219/524/133 215/521/133 220/525/133
f 220/525/133 221/526/133 219/524/133
f 221/526/133 220/525/133 222/527/133
f 223/528/133 219/524/133 221/526/133
f 219/524/133 223/528/133 224/529/133
f 225/530/134 226/531/135 217/532/135
f 217/532/135 213/533/134 225/530/134
f 217/532/135 226/531/135 218/534/136
f 228/535/89 218/536/136 227/537/136
f 227/538/136 218/534/136 226/531/135
f 218/536/136 228/535/89 215/539/89
f 213/533/134 229/540/137 225/530/134
f 229/540/137 213/533/134 216/541/137
f 216/542/137 214/543/88 229/544/137
f 229/544/137 214/543/88 230/545/88
f 231/546/88 219/547/88 232/548/138
f 219/547/88 224/549/138 232/548/138
f 224/550/138 233/551/139 232/552/138
f 233/551/139 224/550/138 223/553/139
f 223/553/139 221/554/140 234/555/140
f 234/555/140 233/551/139 223/553/139
f 234/555/140 221/554/140 235/556/141
f 222/557/141 235/556/141 221/554/140
f 236/558/89 222/559/141 220/560/89
f 222/559/141 236/558/89 235/561/141
f 220/562/142 228/563/142 236/564/142
f 228/563/142 220/562/142 215/565/142
f 219/566/143 231/567/143 214/568/143
f 230/569/143 214/568/143 231/567/143
f 237/570/144 239/571/144 238/572/88
f 240/573/88 238/572/88 239/571/144
f 238/574/88 240/575/88 241/576/145
f 242/577/145 241/576/145 240/575/88
f 244/578/46 242/579/146 243/580/46
f 243/580/46 210/581/147 244/578/46
f 210/581/147 243/580/46 211/582/147
f 242/579/146 244/578/46 241/583/146
f 230/584/1 225/585/1 229/586/1
f 225/585/1 230/584/1 226/587/1
f 226/587/1 230/584/1 228/588/1
f 228/588/1 230/584/1 236/589/1
f 236/589/1 230/584/1 231/590/1
f 231/590/1 233/591/1 236/589/1
f 233/591/1 231/590/1 232/592/1
f 236/589/1 233/591/1 234/593/1
f 236/589/1 234/593/1 235/594/1
f 226/587/1 228/588/1 227/595/1
f 245/596/42 246/597/42 237/598/148
f 246/597/42 245/596/42 212/599/149
f 208/600/149 212/599/149 245/596/42
f 239/601/148 237/598/148 246/597/42
f 247/602/150 248/603/151 249/604/151
f 248/603/151 247/602/150 250/605/150
f 251/606/152 249/604/151 248/603/151
f 249/604/151 251/606/152 252/607/152
f 253/608/153 252/607/152 251/606/152
f 252/607/152 253/608/153 254/609/153
f 254/610/42 253/611/42 255/612/42
f 255/612/42 256/613/42 254/610/42
f 247/614/154 249/615/155 257/616/154
f 257/616/154 249/615/155 258/536/156
f 249/617/155 252/618/157 258/619/156
f 258/619/156 252/618/157 259/620/158
f 252/618/157 256/613/159 259/620/158
f 256/613/159 252/618/157 254/621/159
f 262/622/160 248/623/161 260/624/162
f 248/623/161 261/625/163 260/624/162
f 261/625/163 248/623/161 250/626/163
f 251/627/164 248/623/161 262/622/160
f 253/628/165 251/627/164 255/629/165
f 255/629/165 251/627/164 262/622/160
f 257/434/46 261/630/46 250/631/46
f 250/631/46 247/632/46 257/434/46
f 257/176/1 258/633/1 261/634/1
f 258/633/1 260/635/1 261/634/1
f 258/633/1 259/636/1 260/635/1
f 259/636/1 256/637/1 262/638/1
f 259/636/1 262/638/1 260/635/1
f 256/637/1 255/377/1 262/638/1
f 263/639/166 265/640/166 264/641/167
f 263/642/166 266/643/168 265/644/166
f 267/645/168 266/643/168 263/642/166
f 264/641/167 265/640/166 268/646/167
f 269/647/169 268/648/167 270/649/169
f 264/650/167 268/648/167 269/647/169
f 271/651/88 264/652/88 269/653/88
f 264/652/88 271/651/88 263/654/88
f 271/651/88 272/655/88 263/654/88
f 263/654/88 272/655/88 267/656/88
f 268/657/89 273/658/89 270/659/89
f 268/657/89 274/660/89 273/658/89
f 265/661/89 274/660/89 268/657/89
f 274/660/89 265/661/89 266/662/89
f 275/663/89 277/664/89 276/665/89
f 278/666/89 276/665/89 277/664/89
f 279/667/88 281/668/88 280/669/88
f 281/668/88 279/667/88 282/670/88
f 283/671/89 285/672/89 284/673/89
f 286/152/89 284/673/89 285/672/89
f 287/674/88 289/675/88 288/676/88
f 289/675/88 287/674/88 290/677/88
f 279/678/170 275/679/170 282/680/171
f 279/681/170 277/682/172 275/683/170
f 279/681/170 280/684/172 277/682/172
f 280/685/172 278/686/173 277/687/172
f 281/688/173 278/686/173 280/685/172
f 281/689/173 276/690/171 278/691/173
f 281/689/173 282/692/171 276/690/171
f 282/680/171 275/679/170 276/693/171
f 287/694/170 283/695/170 290/696/171
f 287/697/170 285/698/172 283/699/170
f 287/697/170 288/511/172 285/698/172
f 288/700/172 286/701/173 285/702/172
f 289/703/173 286/701/173 288/700/172
f 289/704/173 284/626/171 286/705/173
f 289/704/173 290/706/171 284/626/171
f 290/696/171 283/695/170 284/707/171
f 272/708/174 274/709/174 267/710/175
f 272/711/174 273/712/176 274/648/174
f 271/713/177 273/712/176 272/711/174
f 271/714/177 270/715/178 273/716/176
f 269/717/179 270/715/178 271/714/177
f 267/710/175 274/709/174 266/718/175
f 291/719/88 293/720/88 292/721/88
f 293/720/88 291/719/88 294/722/88
f 291/719/88 295/723/88 294/722/88
f 294/722/88 295/723/88 296/724/88
f 297/725/89 298/726/89 300/727/89
f 297/725/89 299/728/89 298/726/89
f 301/729/89 299/728/89 297/725/89
f 299/728/89 301/729/89 302/730/89
f 293/731/180 301/463/181 297/732/180
f 293/731/180 294/733/181 301/463/181
f 293/734/180 297/735/180 292/736/182
f 292/736/182 297/735/180 300/737/182
f 294/738/181 302/739/183 301/740/181
f 302/739/183 294/738/181 296/741/183
f 295/742/184 298/743/185 299/744/184
f 299/744/184 296/745/186 295/742/184
f 296/745/186 299/744/184 302/746/186
f 295/742/184 291/747/185 298/743/185
f 291/748/185 300/749/187 298/750/185
f 292/751/187 300/749/187 291/748/185
f 303/752/188 305/753/88 304/754/188
f 305/753/88 303/752/188 306/755/88
f 307/756/189 306/757/88 308/758/189
f 306/757/88 307/756/189 305/759/88
f 306/760/133 309/761/133 308/762/133
f 309/761/133 306/760/133 310/763/133
f 313/764/133 310/763/133 306/760/133
f 312/765/133 306/760/133 311/766/133
f 311/766/133 306/760/133 303/767/133
f 312/765/133 313/764/133 306/760/133
f 310/763/133 313/764/133 314/768/133
f 313/764/133 315/769/133 316/770/133
f 313/764/133 312/765/133 315/769/133
f 318/771/190 321/772/191 317/458/192
f 317/773/192 319/774/88 318/775/190
f 319/774/88 317/773/192 320/776/193
f 317/777/192 322/778/194 320/779/193
f 323/780/195 317/777/192 321/781/191
f 323/780/195 322/778/194 317/777/192
f 324/782/196 325/783/197 323/784/195
f 323/785/195 327/786/42 324/787/196
f 326/788/198 323/780/195 325/789/197
f 323/780/195 326/788/198 322/778/194
f 327/786/42 323/785/195 321/772/191
f 321/772/191 318/771/190 327/786/42
f 326/790/198 328/791/89 329/442/199
f 328/791/89 326/790/198 325/783/197
f 326/792/198 329/793/199 330/794/200
f 322/778/194 326/788/198 330/795/200
f 331/796/46 330/794/200 329/793/199
f 330/794/200 331/796/46 322/797/194
f 332/798/201 322/797/194 331/796/46
f 332/799/201 320/800/193 322/801/194
f 320/800/193 332/799/201 319/802/88
f 325/783/197 324/782/196 328/791/89
f 334/803/46 337/804/201 333/805/46
f 333/805/46 335/806/199 334/803/46
f 335/806/199 333/805/46 336/807/199
f 337/808/201 338/809/201 339/810/88
f 337/804/201 334/803/46 338/811/201
f 339/812/88 340/813/88 341/814/190
f 340/735/88 339/810/88 338/809/201
f 341/815/190 342/816/190 343/817/42
f 342/818/190 341/814/190 340/813/88
f 344/819/42 343/817/42 342/816/190
f 343/817/42 344/819/42 345/820/196
f 346/821/196 345/820/196 344/819/42
f 345/822/196 346/823/196 347/824/89
f 348/825/89 347/824/89 346/823/196
f 347/824/89 348/825/89 336/826/199
f 335/827/199 336/826/199 348/825/89
f 349/828/1 351/829/1 350/830/1
f 352/831/1 350/830/1 351/829/1
f 352/831/1 351/829/1 353/832/1
f 353/832/1 351/829/1 354/833/1
f 352/831/1 353/832/1 355/834/1
f 350/830/1 352/831/1 356/835/1
f 357/836/1 359/837/1 358/838/1
f 359/837/202 357/836/202 360/839/202
f 305/840/1 358/838/1 359/837/1
f 363/841/1 305/840/1 359/837/1
f 363/841/1 359/837/1 361/842/1
f 361/842/1 359/837/1 362/843/202
f 305/840/1 363/841/1 364/844/1
f 305/840/1 364/844/1 304/845/203
f 358/838/1 305/840/1 307/846/204
f 311/847/205 363/848/46 312/849/46
f 311/847/205 364/850/205 363/848/46
f 364/851/205 311/852/205 303/853/206
f 312/849/46 361/854/207 315/855/207
f 312/849/46 363/848/46 361/854/207
f 362/856/208 315/857/207 361/858/207
f 362/856/208 316/859/208 315/857/207
f 364/851/205 303/853/206 304/860/206
f 316/861/209 362/862/209 313/863/89
f 359/864/89 313/863/89 362/862/209
f 313/863/89 359/864/89 314/865/210
f 360/866/210 314/865/210 359/864/89
f 357/867/211 314/868/211 360/869/211
f 357/867/211 310/870/211 314/868/211
f 307/871/212 309/872/212 358/873/212
f 307/871/212 308/874/212 309/872/212
f 353/875/201 365/876/201 355/877/88
f 353/878/201 366/879/46 365/880/201
f 366/879/46 353/878/201 354/881/46
f 355/882/88 367/883/88 352/884/190
f 367/885/88 355/877/88 365/876/201
f 352/886/190 368/887/190 356/888/42
f 368/889/190 352/884/190 367/883/88
f 356/888/42 369/890/42 350/891/196
f 369/890/42 356/888/42 368/887/190
f 350/892/196 370/893/196 349/894/89
f 370/895/196 350/891/196 369/890/42
f 371/896/89 349/894/89 370/893/196
f 349/894/89 371/896/89 351/897/199
f 372/898/199 351/897/199 371/896/89
f 372/899/199 354/881/46 351/900/199
f 354/881/46 372/899/199 366/879/46
f 373/901/196 374/902/89 377/903/89
f 373/901/196 375/904/196 374/902/89
f 376/905/42 375/906/196 373/907/196
f 377/903/89 378/908/199 379/909/199
f 377/903/89 374/902/89 378/908/199
f 379/910/199 380/911/46 381/912/46
f 380/911/46 379/910/199 378/913/199
f 381/912/46 382/914/201 383/915/201
f 382/914/201 381/912/46 380/911/46
f 383/916/201 385/917/88 384/918/88
f 383/916/201 382/919/201 385/917/88
f 384/920/88 385/921/88 386/922/190
f 384/920/88 386/922/190 387/923/190
f 387/924/190 386/925/190 388/926/42
f 387/924/190 388/926/42 376/905/42
f 376/905/42 388/926/42 375/906/196
f 383/927/1 327/928/1 381/929/1
f 327/928/1 379/930/1 381/929/1
f 379/930/1 327/928/1 318/931/1
f 327/928/1 383/927/1 324/932/1
f 328/933/1 324/932/1 383/927/1
f 383/927/1 384/934/1 328/933/1
f 387/935/1 328/933/1 384/934/1
f 328/933/1 387/935/1 329/936/1
f 387/935/1 331/937/213 329/936/1
f 331/937/213 373/938/1 332/939/1
f 373/938/1 331/937/213 376/940/213
f 387/935/1 376/940/213 331/937/213
f 319/941/1 373/938/1 377/942/1
f 373/938/1 319/941/1 332/939/1
f 319/941/1 379/930/1 318/931/1
f 379/930/1 319/941/1 377/942/1
f 386/943/133 375/944/133 388/945/133
f 375/944/133 386/943/133 382/946/133
f 382/946/133 386/943/133 385/947/133
f 382/946/133 378/948/133 375/944/133
f 378/948/133 382/946/133 380/949/133
f 375/944/133 378/948/133 374/950/133
usemtl Material.008
f 389/951/214 391/952/215 390/953/216
f 391/952/215 389/951/214 392/954/217
f 393/955/218 390/953/216 391/952/215
f 393/955/218 391/952/215 394/956/219
f 395/957/220 397/958/221 396/959/222
f 397/958/221 395/957/220 398/960/223
f 397/961/221 400/962/224 399/963/225
f 400/962/224 397/961/221 398/964/223
f 401/965/226 399/966/225 402/967/227
f 402/968/227 403/969/228 401/970/226
f 403/969/228 402/968/227 404/971/229
f 399/966/225 400/972/224 402/967/227
f 396/973/222 405/974/230 395/975/220
f 396/973/222 406/976/231 405/974/230
f 407/977/232 405/978/230 406/979/231
f 405/980/230 407/981/232 408/982/233
f 407/983/232 409/984/234 408/985/233
f 410/986/235 412/987/236 411/988/237
f 412/987/236 410/986/235 413/989/238
f 412/990/236 415/991/239 414/992/240
f 415/991/239 412/990/236 413/993/238
f 420/994/241 416/995/242 417/996/243
f 416/995/242 418/997/244 417/996/243
f 418/997/244 416/995/242 419/998/245
f 421/999/246 416/995/242 420/994/241
f 422/1000/247 424/1001/248 423/1002/249
f 424/1001/248 422/1000/247 425/1003/250
f 422/1000/247 426/1004/251 425/1003/250
f 426/1004/251 422/1000/247 427/1005/252
f 428/1006/253 409/1007/254 407/1008/255
f 429/1009/256 423/1010/249 424/1011/248
f 429/1009/256 430/1012/257 423/1010/249
f 418/1013/244 419/1014/245 429/1015/256
f 419/1014/245 430/1016/257 429/1015/256
f 431/1017/258 433/1018/259 432/1019/260
f 433/1018/259 434/1020/261 432/1019/260
f 435/1021/262 414/1022/240 436/1023/263
f 414/1024/240 415/1025/239 436/1026/263
f 438/1027/264 440/1028/265 437/1029/266
f 437/1030/266 439/1031/267 438/1032/264
f 411/1033/237 441/1034/268 410/1035/235
f 411/1036/237 442/1037/269 441/1038/268
f 403/1039/228 404/1040/229 443/1041/270
f 444/1042/271 403/1043/272 443/1044/273
f 445/1045/274 447/1046/275 446/1047/276
f 448/1048/277 423/1049/278 430/1050/277
f 423/1049/278 448/1048/277 449/1051/279
f 419/1052/280 448/1053/277 430/1054/277
f 448/1053/277 419/1052/280 450/1055/281
f 445/1056/274 441/1057/268 442/1058/269
f 441/1057/268 445/1056/274 446/1059/276
f 451/1060/282 453/1061/283 452/1062/284
f 458/1063/285 454/1064/286 455/1065/287
f 454/1064/286 456/1066/288 455/1065/287
f 456/1066/288 454/1064/286 457/1067/289
f 459/1068/290 454/1064/286 458/1063/285
f 460/1069/291 462/1070/292 461/1071/293
f 462/1070/292 460/1069/291 463/1072/294
f 460/1069/291 464/1073/295 463/1072/294
f 464/1073/295 460/1069/291 465/1074/296
f 453/1075/297 466/1076/298 452/1077/299
f 467/1078/300 461/1079/301 468/1080/300
f 461/1079/301 467/1078/300 469/1081/302
f 457/1082/303 467/1083/300 468/1084/300
f 467/1083/300 457/1082/303 470/1085/304
f 471/1086/305 447/1087/306 445/1088/307
f 453/1089/297 436/1090/263 466/1091/298
f 436/1090/263 453/1089/297 435/1092/262
f 472/1093/308 461/1094/293 462/1095/292
f 472/1093/308 468/1096/309 461/1094/293
f 456/1097/288 457/1098/289 472/1099/308
f 457/1098/289 468/1100/309 472/1099/308
f 421/1101/246 420/1102/241 473/1103/310
f 427/437/252 474/1104/311 426/1105/251
f 475/1106/312 477/1107/313 476/1108/314
f 477/1107/313 475/1106/312 478/1109/315
f 475/1110/316 480/1111/317 479/1112/318
f 480/1111/317 475/1110/316 476/1113/319
f 460/1114/320 481/1115/321 465/1116/322
f 481/1115/321 460/1114/320 482/1117/323
f 461/1118/301 482/1117/323 460/1114/320
f 482/1119/323 461/1120/301 469/1121/302
f 483/1122/324 454/1123/325 459/1124/326
f 454/1123/325 483/1122/324 484/1125/327
f 457/1126/303 484/1125/327 470/1127/304
f 484/1125/327 457/1126/303 454/1123/325
f 435/1128/328 451/1129/282 485/1130/329
f 451/1129/282 435/1128/328 453/1131/283
f 485/1132/329 486/1133/330 435/1134/328
f 414/1135/331 435/1134/328 486/1133/330
f 442/1136/332 471/1137/305 445/1138/307
f 471/1137/305 442/1136/332 487/1139/333
f 442/1140/332 488/1141/334 487/1142/333
f 488/1141/334 442/1140/332 411/1143/335
f 489/1144/336 490/1145/337 492/1146/338
f 489/1144/336 491/1147/339 490/1145/337
f 493/1148/340 494/1149/341 489/1150/336
f 494/1149/341 491/1151/339 489/1150/336
f 431/1152/258 495/1153/342 433/1154/259
f 495/1153/342 431/1152/258 496/1155/342
f 495/1156/342 440/1157/265 438/1158/264
f 440/1157/265 495/1156/342 496/1159/342
f 422/1160/343 497/1161/344 427/1162/345
f 497/1163/344 422/1164/343 498/1165/346
f 423/1166/278 498/1167/346 422/1168/343
f 498/1169/346 423/1170/278 449/1171/279
f 499/1172/347 416/1173/348 421/1174/349
f 416/1173/348 499/1172/347 500/1175/350
f 500/1175/350 419/1176/280 416/1173/348
f 419/1176/280 500/1175/350 450/1177/281
f 501/1178/351 490/1179/352 491/1180/353
f 490/1179/352 501/1178/351 502/1181/354
f 494/1182/355 501/1183/351 491/1184/353
f 501/1183/351 494/1182/355 503/1185/356
f 504/1186/357 505/1187/358 493/1188/340
f 494/1189/341 493/1190/340 505/1191/358
f 506/1192/359 508/1193/360 507/1194/359
f 508/1193/360 506/1192/359 509/1195/360
f 490/1196/337 510/1197/361 492/1198/338
f 510/1197/361 511/1199/362 492/1198/338
f 506/1200/363 513/1201/363 512/1202/363
f 513/1201/364 506/1200/364 507/1203/364
f 459/1204/290 458/1205/285 514/1206/365
f 465/1207/296 515/1208/366 464/1209/295
f 516/1210/367 518/1211/368 517/1212/367
f 518/1211/368 516/1210/367 519/1213/369
f 520/1214/370 516/1215/367 521/1216/371
f 521/1216/371 516/1215/367 517/1217/367
f 481/1218/321 515/1219/372 465/1220/322
f 483/1221/324 459/1222/326 514/1223/373
f 432/1224/374 522/1225/375 431/1226/376
f 522/1227/375 432/1228/374 523/1229/377
f 524/1230/378 526/1231/379 525/1232/380
f 526/1231/379 524/1230/378 527/1233/381
f 528/1234/382 524/1235/378 525/1236/380
f 524/1235/378 528/1234/382 529/1237/383
f 530/1238/384 437/1239/385 440/1240/386
f 437/1241/385 530/1242/384 531/1243/387
f 532/1244/388 478/1245/315 475/1246/312
f 478/1245/315 532/1244/388 533/1247/389
f 532/1244/388 534/1248/390 533/1247/389
f 534/1248/390 532/1244/388 535/1249/391
f 536/1250/392 526/1251/393 537/1252/394
f 536/1250/392 525/1253/392 526/1251/393
f 538/1254/395 528/1255/396 536/1256/392
f 528/1255/396 525/1257/392 536/1256/392
f 539/1258/397 504/1259/357 540/1260/398
f 504/1259/357 539/1258/397 505/1261/358
f 541/1262/399 511/1263/362 510/1264/361
f 511/1263/362 541/1262/399 542/1265/400
f 543/1266/401 545/1267/402 544/1268/403
f 544/1268/403 545/1267/402 546/1269/404
f 545/1270/402 547/1271/405 546/1272/404
f 547/1271/405 545/1270/402 548/1273/406
f 549/1274/407 538/1275/395 550/1276/408
f 538/1275/395 549/1274/407 528/1277/396
f 551/1278/409 537/1279/394 526/1280/393
f 537/1279/394 551/1278/409 552/1281/410
f 550/1282/408 553/1283/411 549/1284/407
f 553/1283/411 550/1282/408 554/1285/412
f 552/1286/410 556/1287/413 555/1288/414
f 556/1287/413 552/1286/410 551/1289/409
f 490/1290/352 557/1291/415 510/1292/416
f 557/1293/415 490/1294/352 502/1295/354
f 558/1296/417 494/1297/355 505/1298/418
f 494/1297/355 558/1296/417 503/1299/356
f 497/1300/344 474/1301/419 427/1302/345
f 499/1303/347 421/1304/349 473/1305/420
f 411/1306/335 559/1307/421 488/1308/334
f 559/1307/421 411/1306/335 412/1309/422
f 559/1310/421 414/1311/331 486/1312/330
f 414/1311/331 559/1310/421 412/1313/422
f 551/1314/423 560/1315/424 556/1316/425
f 560/1315/424 551/1314/423 561/1317/426
f 566/1318/427 562/1319/428 563/1320/429
f 562/1319/428 564/1321/430 563/1320/429
f 564/1321/430 562/1319/428 565/1322/431
f 567/1323/432 562/1319/428 566/1318/427
f 568/1324/433 549/1325/434 553/1326/435
f 549/1325/434 568/1324/433 569/1327/436
f 570/1328/437 572/1329/438 571/1330/439
f 572/1329/438 570/1328/437 573/1331/440
f 570/1328/437 574/1332/441 573/1331/440
f 574/1332/441 570/1328/437 575/1333/442
f 576/1334/443 571/1335/439 572/1336/438
f 576/1334/443 577/1337/444 571/1335/439
f 564/1338/430 565/1339/431 576/1340/443
f 565/1339/431 577/1341/444 576/1340/443
f 561/1048/426 526/1342/379 527/1343/381
f 526/1344/379 561/1345/426 551/1346/423
f 510/1347/416 578/1348/445 541/1349/446
f 578/1350/445 510/1351/416 557/1352/415
f 569/1353/436 528/1354/382 549/1355/434
f 528/1354/382 569/1353/436 529/1356/383
f 579/1357/447 505/1358/418 539/1359/448
f 505/1358/418 579/1357/447 558/1360/417
f 580/1361/449 582/1362/450 581/1363/451
f 582/1362/450 580/1361/449 583/1364/452
f 583/1365/452 584/1366/453 582/1367/450
f 584/1366/453 583/1365/452 585/1368/454
f 586/1369/455 587/1370/456 532/1371/457
f 532/1371/457 479/1372/318 586/1369/455
f 479/1372/318 532/1371/457 475/1373/316
f 535/1374/458 532/1371/457 587/1370/456
f 535/1375/458 587/1167/456 588/1376/459
f 553/1377/411 554/1378/412 589/1379/460
f 556/1380/413 590/1381/461 555/1382/414
f 591/1383/462 593/1384/463 592/1385/464
f 593/1384/463 591/1383/462 594/1386/465
f 593/1384/463 581/1387/451 592/1385/464
f 581/1387/451 593/1384/463 580/1388/449
f 595/1389/466 571/1390/467 577/1391/468
f 571/1390/467 595/1389/466 596/1392/469
f 565/1393/470 595/1394/466 577/1395/468
f 595/1394/466 565/1393/470 597/1396/471
f 598/1397/472 600/1398/473 599/1399/474
f 600/1398/473 598/1397/472 601/1400/475
f 601/1401/475 584/1402/453 600/1403/473
f 585/1404/454 600/1403/473 584/1402/453
f 539/1405/397 540/1406/398 602/1407/476
f 603/1408/477 605/1409/478 604/1410/479
f 541/1411/399 606/1412/480 542/1413/400
f 607/1414/481 543/1415/401 544/1416/403
f 543/1417/401 607/1418/481 608/1419/482
f 609/1420/483 608/1419/482 607/1418/481
f 607/1418/481 610/1421/484 609/1420/483
f 548/1422/406 611/1423/485 547/1424/405
f 611/1423/485 548/1422/406 612/1425/486
f 611/1423/485 612/1425/486 613/1426/487
f 614/1427/488 611/1423/485 613/1426/487
f 615/1428/489 617/1429/490 616/1430/491
f 578/1431/445 606/1432/492 541/1433/446
f 579/1356/447 539/1434/448 602/1435/493
f 570/1436/494 618/1437/495 575/1438/496
f 618/1439/495 570/1440/494 619/1441/497
f 620/1442/498 562/1443/499 567/1444/500
f 562/1443/499 620/1442/498 621/1445/501
f 619/1337/497 571/1446/467 596/1447/469
f 571/1448/467 619/1449/497 570/1450/494
f 621/1451/501 565/1452/470 562/1453/499
f 565/1452/470 621/1451/501 597/1454/471
f 567/1455/432 566/1456/427 622/1457/502
f 575/1458/442 623/1459/503 574/1460/441
f 560/1230/424 590/1461/504 556/1462/425
f 568/1463/433 553/1464/435 589/1465/505
f 624/1466/506 626/1467/507 625/1468/508
f 626/1467/507 624/1466/506 627/1469/509
f 628/1470/510 624/1471/506 629/1472/511
f 629/1472/511 624/1471/506 625/1473/508
f 630/1474/512 632/1475/512 631/1476/512
f 632/1475/512 630/1474/512 633/1477/512
f 630/1478/513 635/1479/513 634/1480/513
f 635/1479/513 630/1478/513 631/1481/513
f 618/1482/495 623/1483/514 575/1484/496
f 620/1485/498 567/1486/500 622/1487/515
f 522/1488/375 636/1489/516 431/1490/376
f 431/1490/376 636/1489/516 496/1491/517
f 636/1492/516 440/1493/386 496/1494/517
f 440/1493/386 636/1492/516 530/1495/384
f 637/1496/518 639/1497/519 638/1498/520
f 639/1497/519 637/1496/518 640/1499/521
f 637/1500/522 642/1501/523 641/1502/524
f 642/1501/523 637/1500/522 638/1503/525
f 643/1504/526 645/1505/527 644/1506/528
f 645/1505/529 643/1504/526 646/1507/530
f 647/1508/531 645/1509/532 648/1510/531
f 645/1509/532 647/1508/531 644/1511/533
f 649/1512/534 651/1513/535 650/1514/536
f 651/1513/535 652/1515/537 650/1514/536
f 650/1516/536 653/1517/538 654/1518/539
f 650/1516/536 652/1519/537 653/1517/538
f 617/1520/540 655/1521/541 616/1522/542
f 656/1523/543 658/1524/214 657/1525/544
f 658/1524/214 656/1523/543 659/1526/217
f 660/1527/545 656/1528/543 657/1529/544
f 656/1528/543 660/1527/545 661/1530/546
f 654/1531/539 663/1532/547 662/1533/548
f 663/1532/547 654/1531/539 653/1534/538
f 664/1535/549 649/1536/534 665/1537/550
f 649/1538/534 664/1539/549 651/1540/535
f 667/1541/551 668/1542/552 666/1543/553
f 666/1543/553 660/1544/545 667/1541/551
f 660/1545/545 666/1546/553 661/1547/546
f 666/1543/553 668/1542/552 669/1548/554
f 658/1549/214 671/1550/555 670/1551/216
f 671/1550/555 658/1549/214 659/1552/217
f 672/1553/556 670/1551/216 671/1550/555
f 672/1553/556 671/1550/555 673/1554/557
f 674/1555/558 676/1556/559 675/1557/560
f 676/1556/559 674/1555/558 677/1558/561
f 677/1559/561 678/1560/562 676/1561/559
f 676/1562/559 678/1563/562 679/1564/563
f 680/1565/564 682/1566/565 681/1567/566
f 682/1566/565 680/1565/564 683/1568/567
f 684/1569/568 681/1570/566 682/1571/565
f 684/1569/568 682/1571/565 685/1572/569
f 686/1573/570 687/1574/571 689/1575/572
f 686/1573/570 688/1576/573 687/1574/571
f 690/1577/574 691/1578/575 686/1579/570
f 691/1578/575 688/1580/573 686/1579/570
f 692/1581/576 694/1582/577 693/1583/578
f 694/1582/577 692/1581/576 695/1584/577
f 693/1585/579 694/1586/580 696/1587/581
f 694/1586/580 697/1588/580 696/1587/581
f 698/1589/582 700/1590/583 699/1591/584
f 700/1590/583 698/1589/582 701/1592/585
f 640/1593/521 700/1590/583 701/1592/585
f 700/1590/583 640/1593/521 637/1594/518
f 702/1595/586 704/1596/587 703/1597/588
f 705/1598/589 707/1599/590 706/1600/591
f 708/1601/592 605/1602/593 603/1603/594
f 709/1604/595 693/1605/578 710/1606/596
f 693/1605/578 709/1604/595 692/1607/576
f 710/1608/597 693/1609/579 711/1610/598
f 693/1609/579 696/1611/581 711/1610/598
f 580/1612/599 712/1613/600 713/1614/601
f 580/1612/599 593/1615/602 712/1613/600
f 594/1616/603 712/1617/600 593/1618/602
f 712/1617/600 594/1616/603 714/1619/604
f 594/1620/603 715/1621/605 714/1622/604
f 716/1623/606 718/1624/607 717/1625/608
f 718/1624/607 716/1623/606 719/1626/609
f 691/1627/575 718/1628/607 719/1629/609
f 718/1628/607 691/1627/575 690/1630/574
f 600/1631/610 585/1632/611 720/1633/612
f 720/1634/612 599/1635/613 600/1636/610
f 599/1635/613 720/1634/612 721/1637/614
f 599/1638/613 721/1639/614 722/1640/615
f 585/1632/611 723/1641/616 720/1633/612
f 699/1642/617 725/1643/618 724/1644/619
f 699/1645/617 700/1646/620 725/1647/618
f 700/1646/620 726/1648/621 725/1647/618
f 700/1646/620 641/1649/524 726/1648/621
f 641/1649/524 700/1646/620 637/1650/522
f 727/1651/622 729/1652/623 728/1653/624
f 729/1652/623 727/1651/622 730/1654/625
f 728/1655/624 729/1656/623 687/1657/571
f 689/1658/572 687/1657/571 729/1656/623
f 626/1659/507 627/1660/509 731/1661/626
f 731/1661/626 732/1662/627 626/1659/507
f 628/1663/510 629/1664/511 733/1665/628
f 629/1664/511 734/1666/629 733/1665/628
f 735/1667/630 615/1668/631 616/1669/632
f 680/1670/564 736/1671/633 683/1672/567
f 683/1672/567 736/1671/633 737/1673/634
f 736/1674/633 675/1675/560 737/1676/634
f 675/1675/560 736/1674/633 674/1677/558
f 738/1678/635 740/1679/636 739/1353/637
f 740/1679/636 738/1678/635 741/1680/638
f 742/1681/639 743/1682/640 740/1683/641
f 743/1682/640 739/1684/642 740/1683/641
f 744/1685/643 745/1686/644 747/1687/645
f 744/1685/643 746/1688/646 745/1686/644
f 748/1689/647 749/1690/648 744/1691/643
f 749/1690/648 746/1692/646 744/1691/643
f 519/1693/369 750/1694/649 518/1695/368
f 750/1696/649 519/1697/369 751/1698/650
f 750/1699/649 751/1700/650 752/1701/651
f 753/1702/652 750/1703/649 752/1704/651
f 753/1705/652 752/1706/651 754/1707/653
f 520/1708/370 756/1709/654 755/1710/655
f 756/1709/654 520/1708/370 521/1711/371
f 757/1712/656 755/1713/655 756/1714/654
f 757/1715/656 756/1716/654 758/1717/657
f 758/1718/657 759/1719/658 757/1720/656
f 760/1721/659 762/1722/660 761/1723/661
f 762/1722/660 760/1721/659 763/1724/662
f 762/1725/663 765/1726/664 764/1727/664
f 765/1726/664 762/1725/663 763/1728/665
f 767/1729/666 769/1730/667 766/1731/668
f 766/1731/669 768/1732/670 767/1729/666
f 770/1733/671 766/1734/672 771/1735/673
f 766/1734/672 770/1733/671 768/1736/674
f 772/1737/675 705/1738/676 706/1739/677
f 773/1740/678 704/1741/679 702/1742/680
f 713/1743/601 583/1744/681 580/1745/599
f 583/1744/681 713/1743/601 774/1746/682
f 775/1747/683 777/1748/214 776/1749/684
f 777/1748/214 775/1747/683 778/1750/217
f 779/1751/685 775/1752/683 776/1753/684
f 775/1752/683 779/1751/685 780/1754/546
f 583/1755/681 723/1756/616 585/1757/611
f 723/1756/616 583/1755/681 774/1758/682
f 675/1759/686 782/1760/687 781/1761/688
f 782/1760/687 675/1759/686 676/1762/689
f 782/1763/687 676/1764/689 679/1765/690
f 679/1765/690 783/1766/691 782/1763/687
f 784/1767/692 739/1768/637 785/1769/693
f 739/1768/637 784/1767/692 738/1770/635
f 598/1771/472 599/1772/474 722/1773/694
f 679/1774/563 678/1775/562 786/1776/695
f 743/1777/640 787/1778/696 739/1779/642
f 787/1778/696 785/1780/697 739/1779/642
f 788/1781/698 790/1782/699 789/1783/700
f 791/1784/701 793/1785/702 792/1786/703
f 685/1787/569 794/1788/704 684/1789/568
f 795/1790/705 797/1791/706 796/1792/707
f 797/1791/706 795/1790/705 798/1793/708
f 799/1794/709 795/1795/705 796/1796/707
f 799/1794/709 800/1797/710 795/1795/705
f 683/1798/711 737/1799/712 801/1800/713
f 801/1800/713 737/1799/712 802/1801/714
f 803/1802/715 683/1803/711 801/1804/713
f 683/1805/711 803/1806/715 682/1807/716
f 682/1808/716 803/1809/715 685/1810/717
f 685/1810/717 803/1809/715 804/1811/718
f 804/1812/718 794/1813/719 685/1814/717
f 795/1815/720 806/1816/721 805/1817/722
f 806/1816/721 795/1815/720 800/1818/723
f 795/1819/720 805/1820/722 807/1821/724
f 798/1822/725 795/1819/720 807/1821/724
f 737/1823/712 781/1824/688 802/1825/714
f 781/1824/688 737/1823/712 675/1826/686
f 591/1827/462 715/1573/726 594/1828/465
f 808/1829/727 810/1830/728 809/1831/729
f 810/1832/728 808/1833/727 811/1834/730
f 812/1835/731 814/1836/732 813/1837/733
f 813/1837/733 814/1836/732 815/1838/734
f 816/1839/735 710/1840/596 817/1841/736
f 710/1840/596 816/1839/735 709/1842/595
f 741/1843/638 818/1844/737 740/1226/636
f 818/1845/737 741/1846/638 819/1847/738
f 808/1848/727 820/1849/739 811/1850/730
f 811/1851/730 820/1852/739 821/1853/740
f 822/1854/741 812/1855/731 823/1856/742
f 822/1854/741 814/1857/732 812/1855/731
f 825/1858/551 826/1859/743 824/1860/553
f 824/1860/553 779/1861/685 825/1858/551
f 779/1862/685 824/1863/553 780/1864/546
f 824/1860/553 826/1859/743 827/1865/744
f 827/1866/744 826/1867/743 828/1868/745
f 829/1869/746 830/1870/747 832/1871/572
f 829/1869/746 831/1872/573 830/1870/747
f 833/1873/574 834/1874/748 829/1875/746
f 834/1874/748 831/1876/573 829/1875/746
f 756/1877/749 835/1878/750 758/1879/751
f 836/1880/752 758/1881/751 835/1882/750
f 837/1883/753 750/1884/754 753/1885/755
f 753/1886/755 838/1887/756 837/1888/753
f 777/1889/214 840/1890/555 839/1891/216
f 840/1890/555 777/1889/214 778/1892/217
f 841/1893/757 839/1891/216 840/1890/555
f 841/1893/757 840/1890/555 842/1894/758
f 842/1895/758 843/1896/759 841/1703/757
f 815/1897/734 844/1898/760 813/1899/733
f 813/1899/733 844/1898/760 845/1900/761
f 844/1901/760 810/1902/728 845/1903/761
f 810/1902/728 844/1901/760 809/1904/729
f 846/1905/762 848/1906/763 847/1907/764
f 848/1906/763 846/1905/762 849/1908/609
f 834/1909/748 848/1910/763 849/1911/609
f 848/1910/763 834/1909/748 833/1912/574
f 850/1913/765 852/1914/766 851/1915/624
f 852/1914/766 850/1913/765 853/1916/767
f 851/1917/624 852/1918/766 830/1919/747
f 832/1920/572 830/1919/747 852/1918/766
f 854/1921/768 818/1922/769 855/1923/770
f 818/1924/769 854/1925/768 742/1926/639
f 742/1926/639 740/1927/641 818/1924/769
f 823/1928/742 856/1929/771 822/1930/741
f 821/1931/740 820/1932/739 857/1933/772
f 858/1934/773 860/1935/774 859/1936/775
f 860/1935/774 858/1934/773 861/1937/776
f 862/1938/777 859/1939/775 860/1940/774
f 862/1938/777 860/1940/774 863/1941/778
f 864/1942/779 866/1943/780 865/1944/781
f 866/1943/780 864/1942/779 867/1945/782
f 867/1946/782 868/1947/783 866/1948/780
f 866/1948/780 868/1947/783 869/1949/784
f 783/1950/691 679/1951/690 786/1952/785
f 870/1953/786 872/1954/214 871/1955/786
f 872/1954/214 870/1953/786 873/1956/217
f 874/1957/787 870/1958/786 871/1959/786
f 870/1958/786 874/1957/787 875/1960/788
f 876/1961/789 791/1962/790 792/1963/791
f 877/1964/792 790/1965/793 788/1966/794
f 604/1967/795 605/1968/796 878/1969/797
f 432/1970/798 604/1971/795 878/1972/797
f 604/1971/795 432/1970/798 434/1973/799
f 858/1974/773 879/1975/800 861/1976/776
f 861/1976/776 879/1975/800 880/1977/801
f 879/1978/800 865/1979/781 880/1980/801
f 865/1979/781 879/1978/800 864/1981/779
f 881/1982/802 816/1983/803 882/1984/804
f 884/1985/551 885/1986/805 883/1987/553
f 883/1987/553 874/1988/787 884/1985/551
f 874/1989/787 883/1990/553 875/1991/788
f 883/1987/553 885/1986/805 886/1992/806
f 813/1951/807 845/1993/808 887/1994/809
f 887/1994/809 845/1993/808 888/1995/810
f 845/1996/808 889/1997/811 888/1998/810
f 845/1996/808 810/1999/812 889/1997/811
f 872/2000/214 891/2001/215 890/2002/216
f 891/2001/215 872/2000/214 873/2003/217
f 892/2004/813 890/2002/216 891/2001/215
f 892/2004/813 891/2001/215 893/2005/814
f 817/2006/815 894/2007/816 882/2008/817
f 710/2009/597 894/2010/816 817/2011/815
f 711/2012/598 894/2010/816 710/2009/597
f 656/2013/818 895/2014/819 659/2015/820
f 656/2013/818 896/2016/821 895/2014/819
f 661/2017/822 897/2018/823 656/2019/818
f 897/2018/823 896/2020/821 656/2019/818
f 869/2021/784 868/2022/783 898/2023/824
f 863/2024/778 899/2025/825 862/2026/777
f 900/2027/826 813/2028/807 887/2029/809
f 813/2028/807 900/2027/826 812/2030/827
f 878/2031/828 605/2032/829 708/2033/830
f 901/2034/831 902/2035/832 904/2036/833
f 901/2034/831 903/2037/573 902/2035/832
f 905/2038/574 906/2039/748 901/2040/831
f 906/2039/748 903/2041/573 901/2040/831
f 811/2042/834 907/2043/835 810/2044/836
f 789/2045/700 908/2046/837 788/2047/698
f 908/2046/837 789/2045/700 909/2048/838
f 659/2049/820 910/2050/839 671/2051/840
f 910/2050/839 659/2049/820 895/2052/819
f 671/2053/840 910/2054/839 673/2055/841
f 665/2056/842 913/920/843 911/2057/844
f 911/2058/844 912/2059/845 665/2060/842
f 913/2061/843 665/2062/842 649/2063/846
f 649/2063/846 914/2064/847 913/2061/843
f 912/2065/845 707/2066/590 705/2067/589
f 911/2068/844 707/2066/590 912/2065/845
f 915/2069/848 793/2070/702 916/2071/849
f 916/2071/849 793/2070/702 791/2072/701
f 534/1160/390 535/2073/391 588/2074/850
f 917/2075/851 662/2076/852 918/2077/853
f 919/2078/854 662/2076/852 917/2075/851
f 920/2079/855 654/2080/856 919/2081/854
f 654/2080/856 662/2082/852 919/2081/854
f 703/2083/588 918/2084/853 702/2085/586
f 703/2083/588 917/2086/851 918/2084/853
f 921/2087/857 798/2088/708 922/2089/858
f 798/2088/708 921/2087/857 797/2090/706
f 923/2091/859 661/2092/860 666/2093/861
f 661/2094/822 923/2095/862 897/2096/823
f 669/2097/863 924/2098/864 666/2099/865
f 734/1245/866 926/2100/867 925/2101/868
f 925/2102/869 926/2103/870 927/2104/871
f 929/2105/872 732/1813/873 928/2106/874
f 928/2106/874 930/2107/875 929/2105/872
f 931/1748/876 933/2108/607 932/2109/877
f 933/2108/607 931/1748/876 934/2110/609
f 906/2111/748 933/2112/607 934/2113/609
f 933/2112/607 906/2111/748 905/2114/574
f 935/2115/878 937/2116/766 936/969/624
f 937/2116/766 935/2115/878 938/2117/879
f 936/2118/624 937/2119/766 902/2120/832
f 904/2121/833 902/2120/832 937/2119/766
f 939/2122/880 941/2123/881 940/2124/882
f 940/2124/882 941/2123/881 942/2125/883
f 943/2126/884 939/2127/880 944/2128/885
f 943/2126/884 941/2129/881 939/2127/880
f 945/2130/886 947/2131/887 946/2132/888
f 947/2133/887 945/1469/886 948/2134/889
f 945/2135/886 949/2136/890 948/2137/889
f 948/2138/889 949/2139/890 950/2140/891
f 686/2141/892 952/2142/893 951/2143/894
f 952/2142/893 686/2141/892 689/2144/895
f 686/2145/892 953/2146/896 690/2147/897
f 953/2146/896 686/2145/892 951/2148/894
f 812/2149/827 954/2150/898 823/2151/899
f 954/2150/898 812/2149/827 900/2152/826
f 955/2153/900 811/2154/834 821/2155/901
f 811/2154/834 955/2153/900 907/2156/835
f 956/2157/902 865/2158/903 957/2159/904
f 865/2158/903 956/2157/902 880/2160/905
f 865/2161/903 958/2162/906 957/2163/904
f 958/2162/906 865/2161/903 866/2164/907
f 958/2165/906 866/2166/907 869/2167/908
f 869/2167/908 959/2168/909 958/2165/906
f 818/2169/737 819/2170/738 855/2171/910
f 960/2172/911 861/2173/912 961/2174/913
f 861/2173/912 960/2172/911 860/2175/914
f 860/2176/914 960/2177/911 863/2178/915
f 863/2178/915 960/2177/911 962/2179/916
f 963/2180/917 964/2181/918 673/2182/919
f 942/2183/883 965/2184/920 940/2185/882
f 940/2185/882 965/2184/920 966/2186/921
f 965/2187/920 947/2188/887 966/2189/921
f 947/2188/887 965/2187/920 946/2190/888
f 669/2191/554 668/2192/552 967/2193/922
f 729/2194/923 968/2195/924 689/2196/895
f 968/2197/925 729/2198/926 730/2199/927
f 952/2200/893 689/2201/895 968/2202/924
f 969/2203/928 690/2204/897 953/2205/896
f 969/2206/928 718/2207/929 690/2208/897
f 970/2209/930 717/2210/931 718/2211/932
f 716/2212/606 717/2213/608 971/2214/933
f 861/2215/912 880/2216/905 961/2217/913
f 961/2217/913 880/2216/905 956/2218/902
f 972/1304/934 534/2219/935 588/2220/936
f 973/2221/937 975/2222/938 974/2223/786
f 975/2222/938 973/2221/937 976/2224/217
f 977/2225/685 973/2226/937 974/2227/786
f 973/2226/937 977/2225/685 978/2228/546
f 950/2229/891 949/2230/890 979/2231/939
f 924/885/864 669/2232/863 967/2233/940
f 944/2234/885 980/2235/941 943/2236/884
f 673/2237/557 964/2238/942 672/2239/556
f 922/2240/943 982/2241/944 981/2242/945
f 922/2243/943 798/2244/725 982/2245/944
f 798/2244/725 807/2246/724 982/2245/944
f 727/2247/622 983/2248/946 730/2249/625
f 985/2250/551 986/2251/947 984/2252/553
f 984/2252/553 977/2253/685 985/2250/551
f 977/2254/685 984/2255/553 978/2256/546
f 984/2252/553 986/2251/947 987/2257/948
f 975/2258/938 989/2259/215 988/2260/216
f 989/2259/215 975/2258/938 976/2261/217
f 990/2262/949 988/2260/216 989/2259/215
f 990/2262/949 989/2259/215 991/2263/950
f 617/2264/540 437/2265/951 655/2266/541
f 437/2265/951 617/2264/540 439/2267/952
f 732/2268/627 992/2269/953 928/2270/954
f 732/2268/627 731/2271/626 992/2269/953
f 993/2272/955 734/2273/629 925/2274/956
f 993/2275/955 733/2276/628 734/2277/629
f 775/2278/818 994/2279/819 778/2280/957
f 775/2278/818 995/2281/958 994/2279/819
f 780/2282/822 996/2283/959 775/2284/818
f 996/2283/959 995/2285/958 775/2284/818
f 962/2286/916 899/2287/960 863/2288/915
f 954/2289/898 856/2290/961 823/2291/899
f 955/2292/900 821/1930/901 857/2293/962
f 959/2294/909 869/2295/908 898/2296/963
f 997/2171/737 921/2297/964 981/2298/910
f 998/2299/965 389/2300/966 1000/2301/572
f 998/2299/965 999/2302/573 389/2300/966
f 1001/2303/574 1002/2304/967 998/2305/965
f 1002/2304/967 999/2306/573 998/2305/965
f 1003/2307/968 627/2308/969 624/2309/970
f 627/2308/969 1003/2307/968 1004/2310/971
f 1003/2311/968 628/2312/972 1005/2184/973
f 628/2312/972 1003/2311/968 624/2313/970
f 778/2314/957 1006/2315/974 840/2316/840
f 1006/2315/974 778/2314/957 994/2317/819
f 840/2318/840 1006/2319/974 842/2320/975
f 846/2321/762 847/1535/764 1007/2322/976
f 614/2323/488 613/2324/487 1008/2325/977
f 1009/2326/978 780/2327/860 824/2328/979
f 780/2329/822 1009/2330/980 996/2331/959
f 827/2332/981 1010/2333/982 824/2334/983
f 1011/2335/984 918/2336/985 663/2337/547
f 918/2338/985 1011/2339/984 702/2340/680
f 773/2341/678 702/2342/680 1011/2343/984
f 662/2344/548 663/2345/547 918/2346/985
f 1012/2347/986 1014/2348/987 1013/2349/988
f 1014/2348/987 1012/2347/986 1015/2350/989
f 1012/2351/986 1017/2352/990 1016/2353/991
f 1017/2352/990 1012/2351/986 1013/2354/988
f 698/2355/582 699/2356/584 724/2357/992
f 730/2358/993 983/2359/994 1018/2360/995
f 1019/2361/996 1021/2362/607 1020/2363/997
f 1021/2362/607 1019/2361/996 1022/2364/609
f 1002/2365/967 1021/2366/607 1022/2367/609
f 1021/2366/607 1002/2365/967 1001/2368/574
f 406/2369/998 428/2370/253 407/2371/255
f 428/2370/253 406/2369/998 1023/2372/999
f 406/2373/998 1024/2374/1000 1023/2375/999
f 1024/2374/1000 406/2373/998 396/1512/1001
f 393/2376/1002 1025/2377/766 390/2378/624
f 1025/2377/766 393/2376/1002 1026/2379/1003
f 390/2380/624 1025/2381/766 389/2382/966
f 1000/2383/572 389/2382/966 1025/2381/766
f 444/2384/271 401/2385/1004 403/2386/272
f 401/2385/1004 444/2384/271 1027/2387/1005
f 1027/2388/1005 1028/2389/1006 401/2390/1004
f 399/2391/1007 401/2390/1004 1028/2389/1006
f 914/2392/847 650/646/1008 1029/2393/1009
f 650/646/1008 914/2392/847 649/2394/846
f 650/2395/1008 920/2396/855 1029/2397/1009
f 920/2396/855 650/2395/1008 654/2398/856
f 850/2399/765 1030/2400/1010 853/2401/767
f 1031/2402/1011 519/2403/1012 516/2404/1013
f 519/2403/1012 1031/2402/1011 1032/2405/1014
f 717/2406/1015 970/2407/1016 971/2408/1017
f 1031/2409/1011 520/2410/1018 1033/2411/1019
f 520/2410/1018 1031/2409/1011 516/2412/1013
f 1034/2413/1020 1036/2414/1021 1035/2415/1022
f 1036/2416/1021 1034/2417/1020 1037/2418/1023
f 1037/2419/1023 1015/2420/989 1036/2421/1021
f 1015/2420/989 1037/2419/1023 1014/2422/987
f 1034/1007/1020 1035/2423/1022 1038/2424/1024
f 940/2425/1025 966/2426/1026 1039/2427/1027
f 1039/2427/1027 966/2426/1026 1040/2428/1028
f 966/2429/1026 1041/2430/1029 1040/2431/1028
f 1041/2430/1029 966/2429/1026 947/2432/1030
f 1042/2433/1031 1044/2434/1032 1043/2435/1033
f 1044/2434/1032 1042/2433/1031 1045/2436/1034
f 1042/2437/1031 1046/2438/1035 1045/2439/1034
f 1043/2440/1033 1016/2441/991 1017/2442/990
f 1016/2441/991 1043/2440/1033 1044/2443/1032
f 1047/2444/1036 698/2445/1037 724/2446/1038
f 829/2447/892 1049/2448/893 1048/2449/1039
f 1049/2448/893 829/2447/892 832/2450/895
f 829/2451/892 1050/2452/1040 833/2453/1041
f 1050/2452/1040 829/2451/892 1048/2454/1039
f 784/2455/692 766/2456/668 769/2457/667
f 784/2458/692 785/2459/693 766/2460/668
f 610/2461/484 1051/2462/1042 609/2463/483
f 766/2464/672 787/2465/696 771/2466/673
f 787/2467/696 766/2468/672 785/2469/697
f 909/2470/838 747/2471/1043 908/2472/837
f 909/2470/838 1052/2473/1044 747/2471/1043
f 748/2474/1045 915/2475/848 916/2476/849
f 748/2477/1045 1053/2478/1046 915/2479/848
f 1054/2480/1047 940/2481/1025 1039/2482/1027
f 940/2481/1025 1054/2480/1047 939/2483/1048
f 939/2484/1048 1054/2485/1047 944/2486/1049
f 944/2486/1049 1054/2485/1047 1055/2487/1050
f 886/2488/806 885/2489/805 1056/2490/1051
f 1057/2491/1052 405/2492/1053 1058/2493/1054
f 405/2492/1053 1057/2491/1052 395/2494/1055
f 1059/1670/1056 402/2495/1057 400/2496/1058
f 402/2495/1057 1059/1670/1056 1060/2497/1059
f 947/2498/1030 1061/2499/1060 1041/2500/1029
f 1061/2499/1060 947/2498/1030 948/2501/1061
f 1061/2499/1060 948/2501/1061 950/2502/1062
f 950/2502/1062 1062/2503/1063 1061/2499/1060
f 1062/2504/1063 950/2505/1062 979/2506/1064
f 437/2507/1065 531/2508/1066 735/2509/1067
f 735/2509/1067 655/2510/1068 437/2507/1065
f 655/2511/1068 735/2512/1067 616/2513/1069
f 852/2514/923 1063/2515/924 832/2516/895
f 1063/2517/1070 852/2518/1071 853/2519/1072
f 853/2520/1073 1030/2521/1074 1064/2522/1075
f 1049/2523/893 832/2524/895 1063/2525/924
f 547/2526/1076 1066/2527/1077 1065/2528/1078
f 1066/2527/1077 547/2526/1076 611/2529/1079
f 1066/2530/1077 611/2531/1079 614/2532/1080
f 1066/2530/1077 614/2532/1080 1067/2533/1081
f 1068/2534/1082 1070/2535/214 1069/2536/786
f 1070/2535/214 1068/2534/1082 1071/2537/217
f 1072/2538/1083 1068/2539/1082 1069/2540/786
f 1068/2539/1082 1072/2538/1083 1073/2541/546
f 544/2542/1084 1074/2543/1085 607/2544/1086
f 1074/2543/1085 544/2542/1084 1075/2545/1087
f 610/2546/1088 607/1931/1086 1074/2547/1085
f 610/2546/1088 1074/2547/1085 1076/2548/1089
f 1077/2549/928 833/2550/1041 1050/2551/1040
f 1077/2552/928 848/2553/1090 833/2554/1041
f 1078/2555/1091 847/2556/1092 848/2557/932
f 847/2556/1093 1078/2555/1094 1007/2558/1095
f 893/2559/814 1079/2560/1096 892/2561/813
f 912/2562/1097 664/2563/1098 665/2564/1099
f 664/2563/1098 912/2562/1097 1080/2565/1100
f 705/2566/676 1080/2565/1100 912/2562/1097
f 705/2567/676 772/2568/675 1080/2569/1100
f 1055/2570/1050 980/2571/1101 944/2572/1049
f 1076/2573/1089 1051/2574/1102 610/2575/1088
f 1081/2576/1103 843/2577/1104 842/2249/1105
f 1004/2578/971 731/2579/1106 627/2580/969
f 731/2579/1106 1004/2578/971 1082/2581/1107
f 1005/2582/973 733/2583/1108 1083/2584/1109
f 733/2585/1108 1005/2509/973 628/2586/972
f 816/2335/735 817/2587/736 882/2588/1110
f 870/2589/1111 1084/2590/819 873/2591/957
f 870/2589/1111 1085/2592/958 1084/2590/819
f 875/2593/822 1086/2594/959 870/2595/1111
f 1086/2594/959 1085/2596/958 870/2595/1111
f 1088/2597/551 1089/2598/1112 1087/2599/553
f 1087/2599/553 1072/2600/1083 1088/2597/551
f 1072/2601/1083 1087/2602/553 1073/2603/546
f 1087/2599/553 1089/2598/1112 1090/2604/1113
f 1090/2605/1113 1089/2606/1112 1091/2607/1114
f 1010/1968/982 827/2608/981 828/2609/1115
f 1070/2610/214 1093/2611/215 1092/2612/216
f 1093/2611/215 1070/2610/214 1071/2613/217
f 1094/2614/1116 1092/2612/216 1093/2611/215
f 1094/2614/1116 1093/2611/215 1095/2615/1117
f 1095/2616/1117 1096/2617/1118 1094/2618/1116
f 873/2619/957 1097/2620/839 891/2621/1119
f 1097/2620/839 873/2619/957 1084/2622/819
f 891/2623/1119 1097/2624/839 893/2625/1120
f 921/2626/857 922/2627/858 981/2628/1121
f 1098/2629/1122 875/2630/1123 883/2631/1124
f 875/2632/822 1098/2633/980 1086/2634/959
f 886/2635/1125 1099/2338/1126 883/2636/865
f 1100/2637/1127 1070/2638/571 1101/2639/833
f 1100/2637/1127 1069/2640/573 1070/2638/571
f 1102/2641/574 1072/2642/1128 1100/2643/1127
f 1072/2642/1128 1069/2644/573 1100/2643/1127
f 894/2645/1129 881/2646/1130 882/2647/1131
f 881/2648/1130 894/2649/1129 711/2650/1132
f 711/2650/1132 1103/1169/1133 881/2648/1130
f 1067/2651/1081 614/2652/1080 1008/2653/1134
f 931/2654/876 932/2655/877 1104/2656/1135
f 1094/2657/1136 1105/2658/766 1092/2098/624
f 1105/2658/766 1094/2657/1136 1106/2659/1137
f 1092/2660/624 1105/2661/766 1070/2662/571
f 1101/1883/833 1070/2662/571 1105/2661/766
f 1089/2663/1138 1108/2664/763 1107/2665/1139
f 1108/2664/763 1089/2663/1138 1088/2666/609
f 1072/2667/1128 1108/2668/763 1088/2669/609
f 1108/2668/763 1072/2667/1128 1102/2670/574
f 836/2671/752 759/2672/1140 758/2673/751
f 838/2674/756 753/2675/755 754/2676/1141
f 935/2677/878 1109/2678/1142 938/2679/879
f 901/2680/1143 1111/2681/893 1110/2682/1144
f 1111/2681/893 901/2680/1143 904/2683/895
f 901/2684/1143 1112/2685/1040 905/2686/1041
f 1112/2685/1040 901/2684/1143 1110/2687/1144
f 544/2688/1084 546/2689/1145 1075/2690/1087
f 1075/2690/1087 546/2689/1145 1113/2691/1146
f 546/2692/1145 1065/2693/1078 1113/2694/1146
f 1065/2693/1078 546/2692/1145 547/2695/1076
f 916/2696/1147 749/69/1148 748/2697/1148
f 749/2698/1148 916/2699/1147 1114/1163/1149
f 908/2700/1150 745/2701/1151 1115/2702/1152
f 747/2703/1153 745/2704/1151 908/2705/1150
f 937/2706/923 1116/2707/924 904/2093/895
f 1116/2708/925 937/2709/1154 938/2710/1155
f 1111/2711/893 904/2712/895 1116/2713/924
f 1117/2714/1156 1079/2715/1157 893/2716/1158
f 1118/2717/1159 905/2718/1041 1112/2719/1040
f 1118/2720/1159 933/2721/1090 905/2722/1041
f 1119/2723/1160 932/2724/1161 933/2725/932
f 987/2726/948 986/2727/947 1120/2728/1162
f 1014/2729/1163 1037/2730/1164 1121/2731/1165
f 1121/2731/1165 1037/2730/1164 1122/2732/1166
f 1123/2733/1167 1043/2734/1168 1124/2735/1169
f 1124/2735/1169 1043/2734/1168 1017/2736/1170
f 1099/2737/1126 886/2738/1125 1056/2739/1171
f 477/2740/1172 506/2741/1172 476/2742/1172
f 506/2741/1172 477/2740/1172 509/2743/1173
f 506/2744/1174 480/2745/1174 476/2746/1174
f 506/2744/1174 512/2747/1175 480/2745/1174
f 938/2113/1176 1109/2748/1177 1125/2749/1178
f 1019/2750/996 1020/2751/997 1126/2752/1179
f 1127/2753/1180 389/2438/214 999/2754/544
f 389/2438/214 1127/2753/1180 392/2755/217
f 1002/2756/1181 1127/2757/1180 999/2758/544
f 1127/2757/1180 1002/2756/1181 1128/2759/546
f 991/2760/950 1129/2761/1182 990/2762/949
f 1053/2763/1046 748/2764/1045 1130/2765/1183
f 748/2764/1045 744/2766/1184 1130/2765/1183
f 1130/2767/1183 747/2768/1043 1052/2769/1044
f 1130/2767/1183 744/2770/1184 747/2768/1043
f 982/2771/768 997/1923/769 981/2772/770
f 997/2773/769 982/2774/768 807/2775/639
f 807/2775/639 1131/2776/1185 997/2773/769
f 932/2777/1186 1119/2778/1187 1104/2779/1188
f 393/2780/1002 1132/2781/1189 1026/2782/1003
f 1013/2783/1190 1121/2784/1165 1133/2785/1190
f 1121/2784/1165 1013/2783/1190 1014/2786/1163
f 1017/2787/1170 1013/2788/1190 1124/2789/1169
f 1124/2789/1169 1013/2788/1190 1133/2790/1190
f 928/2791/954 992/2792/953 1134/2793/1191
f 925/2794/956 1135/2795/1192 993/2796/955
f 1016/2797/1193 1044/2798/1194 1136/2799/1195
f 1044/2800/1196 1137/2801/1197 1136/2802/1198
f 1044/2803/1196 1045/2804/1199 1137/2805/1197
f 1045/2804/1199 1138/2806/1200 1137/2805/1197
f 1045/2804/1199 1046/2807/1201 1138/2806/1200
f 639/2808/519 644/2809/1202 638/2810/520
f 644/2809/1202 639/2808/519 643/2811/1203
f 1139/2812/1204 1036/2813/1205 1015/2814/1206
f 1140/1437/1207 1036/1166/1205 1139/2815/1204
f 1036/2166/1208 1140/2816/1209 1035/2817/1210
f 1141/2818/1211 1035/2817/1210 1140/2816/1209
f 1035/2819/1210 1141/2820/1211 1038/2821/1212
f 642/2822/523 644/2823/1213 647/2824/1214
f 644/2825/1213 642/2826/523 638/2827/525
f 973/2828/818 1142/2829/819 976/2830/820
f 973/2828/818 1143/2831/958 1142/2829/819
f 978/2832/822 1144/2833/959 973/2367/818
f 1144/2833/959 1143/2834/958 973/2367/818
f 750/1523/754 1145/2835/1215 518/2836/1216
f 750/1523/754 837/2837/753 1145/2835/1215
f 835/2838/750 756/2839/749 1146/2840/1217
f 1146/2841/1217 756/2842/749 521/2843/1218
f 791/2844/790 1114/2845/1149 916/2846/1147
f 791/2847/790 876/2848/789 1114/2849/1149
f 1147/2850/1219 400/2851/1058 398/2852/1220
f 400/2851/1058 1147/2850/1219 1059/2853/1056
f 877/2854/792 788/2855/794 1115/2856/1152
f 908/2857/1150 1115/2858/1152 788/2859/794
f 1012/2860/1221 1139/2861/1204 1015/2862/1206
f 1139/2861/1204 1012/2860/1221 1148/2863/1222
f 1136/2864/1195 1012/2865/1221 1016/2866/1193
f 1012/2865/1221 1136/2864/1195 1148/139/1222
f 1057/2867/1052 1147/2868/1219 395/2869/1055
f 395/2869/1055 1147/2868/1219 398/2870/1220
f 1022/2871/551 1019/2872/1223 1149/2873/553
f 1149/2873/553 1002/2874/1181 1022/2871/551
f 1002/2875/1181 1149/2876/553 1128/2877/546
f 1149/2873/553 1019/2872/1223 1150/2878/1224
f 1150/2879/1224 1019/2880/1223 1126/2881/1225
f 1151/2882/573 975/2883/966 1152/2884/572
f 1151/2882/573 974/2496/573 975/2883/966
f 1153/2885/574 977/2886/967 1151/2887/573
f 977/2886/967 974/2888/573 1151/2887/573
f 990/2889/1226 1154/2890/623 988/2891/624
f 1154/2890/623 990/2889/1226 1155/2892/1227
f 988/2893/624 1154/2894/623 975/2895/966
f 1152/2896/572 975/2895/966 1154/2894/623
f 976/2897/820 1156/2898/839 989/2899/840
f 1156/2898/839 976/2897/820 1142/2900/819
f 989/2901/840 1156/2902/839 991/2903/1228
f 986/2904/1229 1158/2905/607 1157/2906/1230
f 1158/2905/607 986/2904/1229 985/2083/609
f 977/2907/967 1158/2908/607 985/2909/609
f 1158/2908/607 977/2907/967 1153/2910/574
f 1159/2911/980 978/1363/1231 984/2912/979
f 978/2913/822 1159/2914/862 1144/2915/959
f 987/2916/1232 1160/2451/1233 984/2917/1234
f 1034/2918/1235 1122/2919/1166 1037/2920/1164
f 1122/2921/1166 1034/2922/1235 1161/2923/1236
f 709/2924/1237 881/2925/802 1103/2926/1238
f 881/2925/802 709/2924/1237 816/2927/803
f 1162/2928/1239 1042/2929/1240 1123/758/1167
f 1123/2930/1167 1042/2931/1240 1043/2932/1168
f 1163/2933/1241 1129/2934/1242 991/2570/1243
f 1164/2935/1244 409/2231/1245 428/2936/1246
f 1165/2937/1247 545/2938/1248 543/2939/1249
f 545/2938/1248 1165/2937/1247 1166/2940/1248
f 545/2941/1248 1167/2942/1250 548/1153/1251
f 1167/2942/1250 545/2941/1248 1166/2943/1248
f 1160/2944/1233 987/2945/1232 1120/2946/1252
f 732/2947/873 929/2948/872 626/2949/1253
f 1089/2950/1138 1107/2951/1139 1091/2952/1254
f 998/2953/892 1169/2954/893 1168/2955/1144
f 1169/2954/893 998/2953/892 1000/2956/895
f 998/2957/892 1170/2958/1040 1001/2959/1041
f 1170/2958/1040 998/2957/892 1168/2960/1144
f 1094/2961/1136 1096/2962/1255 1106/2963/1137
f 725/2964/1256 1047/2965/1257 724/2966/1258
f 1047/2967/1257 725/2968/1256 726/2969/1259
f 726/2970/1259 1171/2971/1260 1047/2972/1257
f 797/2973/638 997/2974/737 1131/2975/1261
f 997/2976/737 797/2977/638 921/2978/964
f 749/2979/1262 1172/2980/1263 746/2981/1264
f 1172/2980/1263 749/2979/1262 1173/2982/1265
f 1172/2983/1263 745/2984/1266 746/2985/1264
f 745/2984/1266 1172/2983/1263 1174/2986/1267
f 1025/2987/923 1175/2988/924 1000/2989/895
f 1175/2990/925 1025/2991/926 1026/2992/1268
f 1169/2993/893 1000/2994/895 1175/2995/924
f 1176/2996/1159 1001/2997/1041 1170/2998/1040
f 1176/2999/1159 1021/3000/929 1001/3001/1041
f 1177/3002/1269 1020/3003/1270 1021/3004/932
f 789/3005/1271 1178/3006/1272 909/3007/1273
f 1178/3006/1272 789/3005/1271 1179/3008/1274
f 789/3005/1271 790/3009/1275 1179/3008/1274
f 586/3010/1276 1180/3011/1277 972/3012/1278
f 972/3012/1278 587/3013/1279 586/3010/1276
f 587/3014/1279 972/3015/1278 588/3016/1280
f 793/3017/1281 1181/3018/1282 792/3019/1283
f 793/3017/1281 1182/3020/1284 1181/3018/1282
f 1182/3021/1284 793/3022/1281 915/3023/1285
f 799/3024/709 762/3025/1286 800/3026/710
f 762/3025/1286 799/3024/709 761/3027/1287
f 762/3028/1288 806/3029/721 800/3030/723
f 762/3031/1288 764/3032/1289 806/3033/721
f 629/3034/1290 1183/3035/1291 734/3036/1292
f 902/3037/214 1184/3038/555 936/3039/216
f 1184/3038/555 902/3037/214 1185/3040/217
f 935/3041/1293 936/3039/216 1184/3038/555
f 935/3041/1293 1184/3038/555 1186/3042/1294
f 934/3043/551 931/3044/1295 1187/3045/553
f 1187/3045/553 906/3046/545 934/3043/551
f 906/3047/545 1187/3048/553 1188/3049/1296
f 1187/3045/553 931/3044/1295 1189/3050/1297
f 1190/3051/1180 902/1420/214 903/3052/786
f 902/1420/214 1190/3051/1180 1185/3053/217
f 906/3054/545 1190/3055/1180 903/3056/786
f 1190/3055/1180 906/3054/545 1188/3057/1296
f 1161/3058/1236 1034/3059/1235 1038/3060/1298
f 1162/3061/1239 1046/3062/1299 1042/3063/1240
f 396/3064/1001 1191/3065/1300 1024/3066/1000
f 1191/3065/1300 396/3064/1001 397/3067/1301
f 1191/3068/1300 399/3069/1007 1028/3070/1006
f 399/3069/1007 1191/3068/1300 397/3071/1301
f 1026/3072/1302 1132/3073/1303 1192/2879/1304
f 1193/3074/1305 444/3075/1306 443/3076/1307
f 1020/3077/1308 1177/3078/1309 1126/3079/1310
f 517/3080/1311 1145/3081/1215 1194/3082/1312
f 1145/3081/1215 517/3080/1311 518/3083/1216
f 521/3084/1218 517/3085/1311 1146/3086/1217
f 1146/3086/1217 517/3085/1311 1194/3087/1312
f 394/3088/219 1132/3089/1313 393/3090/218
f 927/3091/871 1135/3092/1314 925/3093/869
f 930/3094/875 928/3095/874 1134/3096/1315
f 1073/3097/822 1195/3098/959 1068/3099/818
f 1195/3098/959 1196/3100/958 1068/3099/818
f 1068/3101/818 1197/3102/819 1071/3103/957
f 1068/3101/818 1196/3104/958 1197/3102/819
f 943/3105/1316 980/3106/1317 1198/3107/1318
f 949/3108/1319 1199/3109/1320 979/3110/1321
f 892/3111/1322 1200/3112/766 890/3113/624
f 1200/3112/766 892/3111/1322 1201/3114/1323
f 890/3115/624 1200/3116/766 872/3117/571
f 1202/3118/833 872/3117/571 1200/3116/766
f 885/2051/1324 1204/3119/607 1203/3120/1325
f 1204/3119/607 885/2051/1324 884/1712/609
f 874/3121/967 1204/3122/607 884/3123/609
f 1204/3122/607 874/3121/967 1205/3124/574
f 1206/3125/965 872/3126/571 1202/3127/833
f 1206/3125/965 871/3128/746 872/3126/571
f 1205/3129/574 874/3130/967 1206/3131/965
f 874/3130/967 871/3132/746 1206/3131/965
f 1071/3133/957 1207/3134/974 1093/3135/840
f 1207/3134/974 1071/3133/957 1197/3136/819
f 1093/3137/840 1207/3138/974 1095/3139/1326
f 1208/3140/978 1073/3141/1231 1087/3142/979
f 1073/3143/822 1208/3144/980 1195/3145/959
f 1090/3146/1327 1209/3147/1328 1087/3148/1234
f 1181/3149/1329 876/3150/1330 792/3151/1331
f 1179/3152/1332 790/3153/1333 877/3154/1334
f 986/3155/1229 1157/3156/1230 1120/3157/1335
f 943/3158/1316 1210/3159/1336 941/3160/1337
f 1210/3159/1336 943/3158/1316 1198/3161/1318
f 1211/3162/1338 941/3160/1337 1210/3159/1336
f 941/3160/1337 1211/3162/1338 942/3163/1339
f 945/3164/1340 1213/3165/1341 1212/3166/1342
f 1212/3166/1342 949/3167/1319 945/3164/1340
f 949/3167/1319 1212/3166/1342 1199/3168/1320
f 1213/3169/1341 945/3170/1340 946/3171/1343
f 1214/3172/1344 609/2676/1345 1215/3173/1346
f 609/2676/1345 1214/3172/1344 608/1445/1347
f 1214/3174/1344 543/3175/1249 608/3176/1347
f 543/3175/1249 1214/3174/1344 1165/3177/1247
f 701/3178/1348 1047/3179/1036 1171/3180/1349
f 1047/3181/1036 701/3182/1348 698/3183/1037
f 990/3184/1226 1129/3185/1350 1155/3186/1227
f 625/1671/1351 1217/3187/1352 1216/3188/1351
f 1217/3187/1352 625/1671/1351 626/3189/1353
f 629/3190/1290 625/3191/1351 1183/3192/1291
f 1183/3192/1291 625/3191/1351 1216/3193/1351
f 613/3194/1354 1219/3195/1355 1218/3196/1356
f 1219/3195/1355 613/3194/1354 612/3197/1357
f 612/3198/1357 548/3199/1251 1219/3200/1355
f 1167/3201/1250 1219/3200/1355 548/3199/1251
f 1220/3202/1358 1096/3203/1359 1095/3204/1360
f 1209/2155/1328 1090/3205/1327 1091/3206/1361
f 523/3207/1362 432/3208/1363 708/3209/830
f 708/3209/830 432/3208/1363 878/3210/828
f 404/3211/1364 1193/3212/1365 443/3213/1366
f 1100/3214/892 1195/3215/1040 1102/3216/1041
f 1195/3215/1040 1100/3214/892 1196/3217/1367
f 1100/3218/892 1197/3219/1368 1196/3220/1367
f 1197/3219/1368 1100/3218/892 1101/2069/895
f 1211/3221/1338 965/3222/1369 942/3223/1339
f 965/3222/1369 1211/3221/1338 1221/922/1370
f 965/3224/1369 1213/3225/1341 946/3226/1343
f 1213/3225/1341 965/3224/1369 1221/3227/1370
f 1105/3228/1371 1207/3229/924 1101/3230/895
f 1207/1608/1372 1105/3231/1373 1106/3232/1374
f 1197/3233/1368 1101/3234/895 1207/3235/924
f 692/3236/1375 1103/3237/1238 1222/3238/1376
f 1103/3239/1238 692/3240/1375 709/3241/1237
f 696/3242/1377 1222/3132/1378 1103/3243/1133
f 1103/3243/1133 711/3244/1132 696/3242/1377
f 1123/3245/1379 1137/2601/1380 1162/3246/1381
f 1138/3247/1382 1162/3248/1383 1137/3249/1384
f 1189/1739/1297 931/3250/1295 1104/3251/1385
f 1140/3252/1386 1122/2940/1387 1161/3253/1388
f 1161/3254/1388 1141/3255/1389 1140/3256/1386
f 1208/3257/1390 1102/3258/1041 1195/3259/1040
f 1208/3260/1390 1108/3261/1090 1102/3262/1041
f 1209/3263/1391 1107/3264/1392 1108/3265/1393
f 1107/3264/1394 1209/3263/1395 1091/3266/1396
f 1106/3267/1397 1096/3077/1398 1220/3268/1399
f 909/3269/1273 1174/3270/1400 1052/3271/1401
f 1174/3270/1400 909/3269/1273 1178/3272/1272
f 1186/3273/1294 1109/3274/1402 935/3184/1293
f 915/3275/1285 1173/3276/1403 1182/3277/1284
f 1173/3276/1403 915/3275/1285 1053/3278/1404
f 862/3279/1405 899/3280/1406 1223/3281/1407
f 533/3282/1408 972/3283/934 1180/3284/1409
f 972/3283/934 533/3282/1408 534/3285/935
f 1224/3286/683 830/3287/214 831/3288/544
f 830/3287/214 1224/3286/683 1225/3289/217
f 834/3290/1083 1224/3291/683 831/1545/544
f 1224/3291/683 834/3290/1083 1226/3292/546
f 868/3293/1410 1227/3294/1411 898/3295/1412
f 1133/3296/1413 1139/3297/1414 1148/3298/1415
f 1139/3297/1416 1133/3296/1417 1121/3299/1418
f 1124/3300/1419 1133/3301/1413 1136/3302/1420
f 1136/3302/1420 1133/3301/1413 1148/3303/1415
f 885/3304/1324 1203/3305/1325 1056/3306/1421
f 1138/3307/1382 1046/3308/1422 1162/3309/1383
f 892/3310/1322 1079/1372/1423 1201/3311/1323
f 1141/3312/1389 1161/3313/1388 1038/3314/1424
f 408/3315/1425 409/3316/1426 1164/3317/1427
f 1228/3318/1428 752/3319/1429 751/3320/1430
f 752/3321/1429 1228/3322/1428 1229/3323/1431
f 752/3324/1429 1229/2913/1431 754/3325/1432
f 751/2949/1430 1032/3326/1014 1228/3327/1428
f 1032/3326/1014 751/2949/1430 519/3328/1012
f 603/3329/477 434/3330/1433 1230/3331/1434
f 434/3330/1433 603/3329/477 604/3332/479
f 1231/3333/1435 1230/3331/1434 434/3330/1433
f 1231/3333/1435 434/3330/1433 433/3334/1436
f 1232/3335/1437 757/3336/1438 1233/3337/1439
f 757/3338/1438 1232/3339/1437 755/3340/1440
f 755/3341/1440 1033/3342/1019 520/992/1018
f 1033/3342/1019 755/3341/1440 1232/3343/1437
f 757/3344/1438 759/3345/1441 1233/3346/1439
f 703/3347/1442 1234/3348/1443 917/3349/1444
f 1234/3348/1443 703/3347/1442 1235/3350/1445
f 703/3351/1442 704/3352/1446 1235/3353/1445
f 1236/3354/1447 707/3355/1448 911/3356/1449
f 707/3357/1448 1236/3358/1447 1237/3359/1450
f 707/3357/1448 1237/3359/1450 706/3360/1451
f 1122/3361/1387 1140/3362/1386 1121/3068/1452
f 1128/3363/822 1170/3364/959 1127/3365/1453
f 1170/3364/959 1168/2208/1454 1127/3365/1453
f 1127/3366/1453 1169/3367/819 392/3368/957
f 1127/3366/1453 1168/3369/1454 1169/3367/819
f 849/3370/551 846/3371/1455 1238/3372/553
f 1238/3372/553 834/3373/1083 849/3370/551
f 834/2679/1083 1238/3374/553 1226/3375/546
f 1238/3372/553 846/3371/1455 1239/3376/1456
f 1239/3377/1456 846/3378/1455 1007/3379/1457
f 830/3380/214 1240/3381/215 851/3382/216
f 1240/3381/215 830/3380/214 1225/3383/217
f 850/3384/1458 851/3382/216 1240/3381/215
f 850/3384/1458 1240/3381/215 1241/3385/1459
f 1241/3386/1459 1030/3387/1460 850/3388/1458
f 1124/3389/1419 1136/3390/1420 1123/3391/1461
f 1114/3392/1462 1182/3393/1463 749/3394/1262
f 1173/1852/1265 749/577/1262 1182/3395/1463
f 1192/3396/1464 1132/3397/1465 394/3398/1466
f 1178/3399/1467 745/3400/1266 1174/405/1267
f 745/3401/1266 1178/3402/1467 1115/3403/1468
f 841/3404/1469 1242/3405/766 839/3406/624
f 1242/3405/766 841/3404/1469 1243/3407/1470
f 839/3408/624 1242/3409/766 777/3410/1471
f 1244/3411/833 777/3410/1471 1242/3409/766
f 826/3412/1472 1246/3413/607 1245/3414/1473
f 1246/3413/607 826/3412/1472 825/3415/1474
f 779/3416/1128 1246/3417/607 825/3418/1474
f 1246/3417/607 779/3416/1128 1247/3419/574
f 392/3420/957 1175/3421/974 391/3422/840
f 1175/3421/974 392/3420/957 1169/3423/819
f 391/2902/840 1175/3424/974 394/3425/1475
f 1177/3426/1476 1150/3427/1477 1126/3428/1478
f 1176/3429/978 1128/3430/1479 1149/3431/979
f 1128/3432/822 1176/3433/980 1170/3434/959
f 1150/3435/1477 1177/3436/1476 1149/3437/1234
f 1248/3438/746 777/3439/1471 1244/3440/833
f 1248/3438/746 776/3441/746 777/3439/1471
f 1247/3442/574 779/3443/1128 1248/3444/746
f 779/3443/1128 776/3445/746 1248/3444/746
f 879/3446/1480 1249/3447/1481 864/2666/1482
f 1249/3447/1481 879/3446/1480 1250/3448/1483
f 1251/3449/1484 879/3450/1480 858/3451/1485
f 879/3450/1480 1251/3449/1484 1250/2216/1483
f 862/3452/1405 1252/3453/1486 859/3454/1487
f 1252/3453/1486 862/3452/1405 1223/3455/1407
f 1252/3453/1486 858/3456/1485 859/3454/1487
f 858/3456/1485 1252/3453/1486 1251/3457/1484
f 1155/3458/1488 1129/3459/1489 1163/3460/1490
f 867/3461/1491 864/3462/1482 1253/3463/1492
f 1253/3464/1492 868/3465/1410 867/3466/1491
f 868/3465/1410 1253/3464/1492 1227/3467/1411
f 1249/3468/1481 1253/3463/1492 864/3462/1482
f 1151/3415/892 1144/3469/896 1153/3470/1041
f 1144/3469/896 1151/3415/892 1143/3471/1144
f 1151/3472/892 1142/3473/893 1143/3474/1144
f 1142/3473/893 1151/3472/892 1152/3475/895
f 1157/3476/1493 1160/1330/1494 1120/3477/1495
f 1082/3478/1107 992/3479/1496 731/3480/1106
f 992/3479/1496 1082/3478/1107 1254/3481/1497
f 992/3482/1496 1254/3483/1497 1134/3484/1498
f 1083/3485/1109 993/3486/1499 1255/3487/1500
f 993/3486/1499 1083/3485/1109 733/3488/1108
f 993/3486/1499 1135/3489/1501 1255/3487/1500
f 822/3490/1502 856/3491/1503 1256/1805/1504
f 820/3492/1505 1257/3493/1506 857/3494/1507
f 826/3495/1472 1245/3496/1473 828/3497/1508
f 1154/3498/1509 1156/3499/924 1152/3500/895
f 1156/3501/1510 1154/3502/1154 1155/3503/1511
f 1142/3504/893 1152/3505/895 1156/3506/924
f 841/3507/1469 843/3508/1512 1243/3509/1470
f 1159/3510/1159 1153/3511/1041 1144/3512/896
f 1159/3377/1159 1158/3513/929 1153/3514/1041
f 1160/3515/1513 1157/3516/1514 1158/3517/1393
f 684/3518/1515 794/2302/1516 1258/3519/1517
f 687/3520/1518 1259/3521/215 728/3522/216
f 1259/3521/215 687/3520/1518 1260/3523/217
f 727/3524/1519 728/3522/216 1259/3521/215
f 727/3524/1519 1259/3521/215 1261/3525/1520
f 651/3526/1521 1262/3527/1522 652/3528/1523
f 1262/3527/1522 651/3526/1521 1263/1803/1524
f 652/3529/1523 1264/2850/1525 653/3530/1526
f 652/3529/1523 1262/1686/1522 1264/2850/1525
f 1039/3531/1527 1221/3532/1528 1211/3533/1529
f 1221/3532/1528 1039/3531/1527 1040/916/1530
f 1221/3534/1528 1041/3535/1531 1213/3536/1532
f 1041/3535/1531 1221/3534/1528 1040/3537/1530
f 678/3538/1533 1265/3539/1534 786/3540/1535
f 808/3541/1536 1267/3542/1537 1266/3543/1538
f 1266/3543/1538 820/3544/1505 808/3541/1536
f 820/3544/1505 1266/3543/1538 1257/3545/1506
f 1267/3546/1537 808/3547/1536 809/3548/1539
f 1268/3549/786 687/3550/1518 688/3551/786
f 687/3550/1518 1268/3549/786 1260/3552/217
f 691/3553/1540 1268/3554/786 688/3150/786
f 1268/3554/786 691/3553/1540 1269/3555/1296
f 822/3556/1502 1270/3557/1541 814/3558/1542
f 1270/3557/1541 822/3556/1502 1256/3559/1504
f 1271/3560/1543 814/3558/1542 1270/3557/1541
f 814/3558/1542 1271/3560/1543 815/3561/1544
f 796/3562/1545 1131/3563/1261 1272/1730/1546
f 1131/3563/1261 796/3562/1545 797/3564/638
f 807/3565/639 805/3566/1547 1131/3567/1185
f 805/3566/1547 1272/3568/1548 1131/3567/1185
f 1199/3569/1549 1062/3570/1550 979/3571/1551
f 1125/3572/1552 1109/3573/1553 1186/3574/1554
f 1119/3575/1555 1189/3576/1556 1104/3577/1557
f 672/3578/1558 1273/3579/623 670/2531/624
f 1273/3579/623 672/3578/1558 1274/3580/1559
f 670/3344/624 1273/3581/623 658/3582/571
f 1275/3583/833 658/3582/571 1273/3581/623
f 1237/3584/1560 772/3585/1561 706/3586/1562
f 1235/3587/1563 704/3588/1564 773/3589/1565
f 1222/3590/1376 695/3591/1566 692/3592/1375
f 695/3593/1566 1222/3594/1376 1276/3595/1566
f 1188/3596/822 1112/3597/959 1190/2372/1111
f 1112/3597/959 1110/3598/1567 1190/2372/1111
f 696/3599/1377 697/3600/1568 1222/3601/1378
f 697/3600/1568 1276/3602/1568 1222/3601/1378
f 1190/3603/1111 1111/3604/819 1185/3605/957
f 1190/3603/1111 1110/3606/1567 1111/3604/819
f 719/3607/551 716/3608/1569 1277/3609/553
f 1277/3609/553 691/3610/1540 719/3607/551
f 691/3611/1540 1277/1653/553 1269/3612/1296
f 1277/3609/553 716/3608/1569 1278/3613/1570
f 1278/2542/1570 716/3614/1569 971/3615/1571
f 668/3616/1572 1280/3617/607 1279/3618/1573
f 1280/3617/607 668/3616/1572 667/3619/1474
f 660/3620/967 1280/3621/607 667/3622/1474
f 1280/3621/607 660/3620/967 1281/3623/574
f 1039/3624/1527 1211/3625/1529 1054/3626/1574
f 1211/3625/1529 1210/3627/1575 1054/3626/1574
f 1198/3628/1576 1054/3629/1574 1210/3630/1575
f 1054/3629/1574 1198/3628/1576 1055/3631/1577
f 1198/3632/1576 980/3633/1578 1055/3634/1577
f 1261/3635/1520 983/1837/1579 727/1854/1519
f 1213/3636/1532 1041/3637/1531 1061/3638/1580
f 1061/3639/1580 1212/3640/1581 1213/3641/1532
f 1061/3642/1580 1199/3643/1549 1212/3644/1581
f 1199/3643/1549 1061/3642/1580 1062/3645/1550
f 799/3646/1582 1272/3647/1546 1282/3648/1583
f 1272/3647/1546 799/3646/1582 796/3649/1545
f 672/3650/1558 964/3651/1584 1274/3652/1559
f 1185/3653/957 1116/3654/839 1184/2361/840
f 1116/3654/839 1185/3653/957 1111/3655/819
f 1184/3656/840 1116/3657/839 1186/3658/1585
f 806/3659/1586 1282/3660/1587 1272/3661/1548
f 1272/3661/1548 805/3662/1547 806/3659/1586
f 1283/2652/1588 658/3663/571 1275/3664/833
f 1283/2652/1588 657/2491/573 658/3663/571
f 1281/3665/574 660/3666/967 1283/3667/1588
f 660/3666/967 657/3668/573 1283/3667/1588
f 668/3669/1572 1279/3670/1573 967/3671/1589
f 1118/3672/1122 1188/2512/1479 1187/3673/861
f 1188/3674/822 1118/3675/862 1112/3676/959
f 1189/3677/1556 1119/3678/1555 1187/3679/865
f 1271/3680/1543 844/3681/1590 815/3682/1544
f 844/3681/1590 1271/3680/1543 1284/3683/1591
f 844/3684/1590 1267/3685/1537 809/3686/1539
f 1267/3685/1537 844/3684/1590 1284/3687/1591
f 1201/3688/1592 1079/3689/1593 1117/3690/1594
f 1203/1876/1595 1099/3691/1596 1056/3692/1597
f 1206/3693/892 1086/3694/1040 1205/3695/897
f 1086/3694/1040 1206/3693/892 1085/3696/1144
f 1206/3697/892 1084/3698/1368 1085/3699/1144
f 1084/3698/1368 1206/3697/892 1202/2651/895
f 961/3700/1598 1250/2037/1599 1251/3701/1600
f 1250/2037/1599 961/3700/1598 956/3702/1601
f 1250/3703/1599 957/3704/1602 1249/3705/1603
f 957/3704/1602 1250/3703/1599 956/3706/1601
f 1200/3707/923 1097/3708/924 1202/3709/895
f 1097/3710/925 1200/3124/926 1201/3711/1604
f 1084/3712/1368 1202/3713/895 1097/3714/924
f 1098/3715/928 1205/3716/897 1086/3717/1040
f 1098/3718/928 1204/3719/929 1205/3720/897
f 1099/3721/1605 1203/3722/1606 1204/3723/932
f 684/3724/1515 1285/3725/1607 681/3726/1608
f 1285/3725/1607 684/3724/1515 1258/3727/1517
f 1285/3728/1607 680/3729/1609 681/3730/1608
f 680/3729/1609 1285/3728/1607 1286/3731/1610
f 1078/3732/1611 1239/3733/1612 1007/3734/1613
f 1064/3735/1614 1030/3736/1615 1241/3737/1616
f 1287/3738/1617 760/3739/1617 1288/3740/1618
f 760/3739/1619 761/3741/1620 1288/3740/1621
f 677/3742/1622 674/3743/1623 1289/3744/1624
f 1289/3745/1624 678/3746/1533 677/3747/1622
f 678/3746/1533 1289/3745/1624 1265/3748/1534
f 1290/3749/1625 1289/3744/1624 674/3743/1623
f 765/3750/1626 1288/3751/1627 764/3752/1628
f 1288/3751/1627 765/3750/1626 1287/3753/1629
f 1253/3754/1630 1249/3755/1603 958/3756/1631
f 958/3757/1631 1227/3758/1632 1253/3759/1630
f 1227/3758/1632 958/3757/1631 959/3760/1633
f 1227/3761/1632 959/3762/1633 898/3763/1634
f 1249/3755/1603 957/3705/1602 958/3756/1631
f 1286/3764/1610 736/3765/1635 680/3766/1609
f 736/3765/1635 1286/3764/1610 1291/3767/1636
f 736/3768/1635 1290/3769/1625 674/3770/1623
f 1290/3769/1625 736/3768/1635 1291/3771/1636
f 911/3772/1449 1292/3773/1637 1236/3774/1447
f 1292/3773/1637 911/3772/1449 913/3775/1638
f 914/3776/1639 1292/3773/1637 913/3775/1638
f 1292/3773/1637 914/3776/1639 1263/3777/1640
f 1251/3778/1600 960/3779/1641 961/1559/1598
f 1251/3778/1600 1252/3780/1642 960/3779/1641
f 1223/3781/1643 960/3782/1641 1252/3783/1642
f 960/3782/1641 1223/3781/1643 962/3784/1644
f 1223/3785/1643 899/3786/1645 962/3787/1644
f 784/3788/1646 1294/3789/1647 1293/3790/1648
f 1294/3789/1647 784/3788/1646 769/3791/1649
f 1294/3792/1650 787/3793/1651 1293/3794/1652
f 1294/3795/1650 771/3796/1653 787/1644/1651
f 640/3797/1654 1171/3798/1349 1295/3799/1655
f 1171/3798/1349 640/3797/1654 701/3800/1348
f 1234/3801/1656 663/3802/1657 1296/3803/1658
f 663/3804/1657 1234/3805/1656 1011/3806/1659
f 1011/3807/1659 1235/3808/1563 773/3809/1565
f 1235/3808/1563 1011/3807/1659 1234/3810/1656
f 663/3811/1657 1264/3812/1525 1296/3813/1658
f 653/3814/1526 1264/3812/1525 663/3811/1657
f 695/2474/1660 630/3815/1661 694/3816/1662
f 630/3815/1661 695/2474/1660 633/3817/1663
f 726/3818/1259 641/3819/1664 1171/3820/1260
f 641/3819/1664 1295/3821/1665 1171/3820/1260
f 630/3822/1666 697/3823/1666 694/3824/1667
f 630/3822/1666 634/3825/1668 697/3823/1666
f 1226/3826/822 1050/3827/959 1224/2508/1111
f 1050/3827/959 1048/3828/821 1224/2508/1111
f 1224/3829/1111 1049/3830/819 1225/3831/957
f 1224/3829/1111 1048/3832/821 1049/3830/819
f 926/3833/1669 1255/3834/1670 927/2800/1671
f 1255/3835/1670 1135/3836/1672 927/3837/1671
f 1255/3838/1670 926/3839/1669 1083/3840/1673
f 1181/3841/1329 1114/3842/1462 876/3843/1330
f 1114/3844/1462 1181/3845/1329 1182/3011/1463
f 1254/3846/1674 930/3847/1675 1134/3848/1676
f 1254/3849/1674 929/3850/1677 930/3851/1675
f 929/3852/1677 1254/3853/1674 1082/3854/1678
f 917/3855/1444 1296/3856/1679 919/3857/1680
f 1296/3858/1679 917/3859/1444 1234/3860/1443
f 919/3857/1680 1296/3856/1679 920/3861/1681
f 1264/3862/1682 920/3861/1681 1296/3856/1679
f 1179/3863/1332 1115/3864/1468 1178/3865/1467
f 1115/3864/1468 1179/3863/1332 877/3866/1334
f 581/3867/1683 582/3868/1684 1297/3869/1685
f 1297/3869/1685 582/3868/1684 1298/2068/1686
f 582/3870/1684 1299/3871/1687 1298/2139/1686
f 1299/3871/1687 582/3870/1684 584/3872/1688
f 1225/3873/957 1063/3874/974 1240/3875/840
f 1063/3874/974 1225/3873/957 1049/3876/819
f 1240/3877/840 1063/3878/974 1241/3879/1689
f 1077/812/980 1226/3880/860 1238/3881/1124
f 1226/3882/822 1077/3883/1690 1050/3884/959
f 1239/3885/1612 1078/3886/1611 1238/3887/983
f 1080/3888/1691 1236/3889/1692 664/3890/1693
f 1080/3891/1691 1237/3892/1560 1236/3893/1692
f 1237/3894/1560 1080/3895/1691 772/2712/1561
f 1292/3896/1694 664/3897/1693 1236/3898/1692
f 1263/3899/1524 664/3900/1693 1292/3901/1694
f 664/3900/1693 1263/3899/1524 651/871/1521
f 1256/3902/1695 856/3903/1696 954/3904/1697
f 1257/3905/1698 955/3906/1699 857/2554/1700
f 887/3907/1701 1284/3056/1702 1271/3908/1703
f 1284/3056/1702 887/3907/1701 888/3909/1704
f 1284/3910/1702 889/3911/1705 1267/3912/1706
f 889/3911/1705 1284/3910/1702 888/3913/1704
f 639/3914/1707 1295/3915/1655 1300/3916/1708
f 1295/3915/1655 639/3914/1707 640/3917/1654
f 642/3918/1709 1300/3919/1710 1295/3920/1665
f 1295/3920/1665 641/3921/1664 642/3918/1709
f 1248/3231/892 996/3922/1040 1247/3923/1041
f 996/3922/1040 1248/3231/892 995/3924/1144
f 1173/3925/1403 1053/3926/1404 1172/3927/1711
f 1053/3926/1404 1130/3928/1712 1172/3927/1711
f 1172/3929/1711 1052/3930/1401 1174/3931/1400
f 1172/3929/1711 1130/3932/1712 1052/3930/1401
f 1248/3933/892 994/3934/893 995/3935/1144
f 994/3934/893 1248/3933/892 1244/3936/895
f 1231/3937/1713 523/3938/1714 1230/3939/1715
f 523/3940/1714 1231/3941/1713 522/3942/1716
f 523/3938/1714 603/3943/594 1230/3939/1715
f 708/3944/592 603/3945/594 523/3946/1714
f 1301/3947/1717 581/3948/1683 1297/3949/1685
f 581/3948/1683 1301/3947/1717 592/3950/1718
f 591/2922/1719 592/3951/1718 1301/3952/1717
f 591/2922/1719 1301/3952/1717 1302/3953/1720
f 1009/3954/1390 1247/3955/1041 996/3956/1040
f 1009/3957/1390 1246/3958/1090 1247/3959/1041
f 1010/3960/1721 1245/3961/1722 1246/3962/932
f 1245/3961/1723 1010/3960/1724 828/3963/1725
f 1242/3964/1371 1006/3965/924 1244/3966/895
f 1006/3967/925 1242/3968/1071 1243/3969/1726
f 1243/3970/1727 843/3971/1728 1081/3972/1729
f 994/3234/893 1244/2523/895 1006/3973/924
f 584/3974/1688 1303/3975/1730 1299/3976/1687
f 1303/3975/1730 584/3974/1688 601/3977/1731
f 601/3978/1731 598/3059/1732 1303/3979/1730
f 1303/3980/1730 598/3981/1732 1304/3982/1733
f 767/3983/1734 1294/3984/1647 769/3985/1649
f 1294/3984/1647 767/3983/1734 1305/3986/1734
f 1294/3987/1650 770/3988/1735 771/3989/1653
f 770/3988/1735 1294/3987/1736 1305/3990/1735
f 970/3991/1737 1278/3992/1738 971/3993/1739
f 1018/3994/1740 983/3995/1741 1261/3996/1742
f 478/3997/1743 1180/3998/1409 1306/3999/1744
f 1180/3998/1409 478/3997/1743 533/4000/1408
f 586/4001/1276 479/4002/1745 1180/4003/1277
f 479/4002/1745 1306/4004/1746 1180/4003/1277
f 819/4005/1747 1307/4006/1748 855/2626/1121
f 1308/4007/1749 741/4008/1750 738/4009/1751
f 741/4008/1750 1308/4007/1749 1309/4010/708
f 784/4011/1646 1308/4012/1749 738/4013/1751
f 1293/4014/1648 1308/4012/1749 784/4011/1646
f 1291/4015/1752 781/4016/1753 1290/4017/1754
f 781/4016/1753 1291/4015/1752 802/2734/1755
f 1308/4018/1756 787/4019/1651 743/4020/1757
f 787/4019/1651 1308/4018/1756 1293/4021/1652
f 1308/4022/1756 743/4023/1757 742/4024/724
f 1309/4025/725 1308/4022/1756 742/4024/724
f 801/4026/1758 1291/4027/1752 1286/4028/1759
f 1291/4027/1752 801/4026/1758 802/4029/1755
f 613/4030/1354 1218/4031/1356 1008/4032/1760
f 1310/4015/1761 531/4033/1762 530/4034/1763
f 531/4033/1762 1310/4015/1761 1311/4035/1764
f 1311/4036/1764 615/4037/631 531/4038/1762
f 531/4038/1762 615/4037/631 735/4039/630
f 495/4040/1765 1310/4041/1766 1312/4042/1767
f 1310/4041/1766 495/4040/1765 438/4043/1768
f 1311/4044/1769 1310/4045/1766 439/4046/1770
f 1310/4045/1766 438/4047/1768 439/4046/1770
f 439/4048/1770 615/4049/489 1311/4050/1769
f 615/4049/489 439/4048/1770 617/4051/490
f 907/4052/1771 1266/4053/1772 1267/4054/1773
f 955/4055/1699 1266/4053/1774 907/4052/1775
f 1266/4053/1774 955/4055/1699 1257/1071/1698
f 1313/4056/1776 632/4057/1776 1314/4058/1776
f 632/4057/1776 633/4059/1776 1314/4058/1776
f 887/4060/1701 1271/4061/1703 900/4062/1777
f 1271/4061/1703 1270/4063/1778 900/4062/1777
f 900/4064/1777 1270/4065/1778 954/4066/1697
f 1256/4067/1695 954/4066/1697 1270/4065/1778
f 635/4068/1779 1314/4069/1779 634/4070/1779
f 1314/4069/1779 635/4068/1779 1313/1119/1779
f 609/4071/1345 1051/4072/1780 1215/4073/1346
f 1302/4074/1720 715/4075/1781 591/4076/1719
f 1304/4077/1733 598/4078/1732 722/4079/1782
f 1262/4080/1783 920/4081/1681 1264/4082/1682
f 1262/4080/1783 1029/4083/1784 920/4081/1681
f 799/4084/1582 1288/2455/1621 761/4085/1620
f 799/4086/1582 1282/4087/1583 1288/4088/1621
f 1288/4089/1627 806/4090/1586 764/4091/1628
f 806/4092/1586 1288/4093/1627 1282/4094/1587
f 1263/4095/1640 914/4096/1639 1262/4097/1783
f 914/4096/1639 1029/4098/1784 1262/4097/1783
f 1307/4099/1785 854/4100/944 855/2241/945
f 1307/4101/1785 1309/4102/725 854/4103/944
f 1309/4102/725 742/4104/724 854/4103/944
f 1269/4105/822 953/4106/959 1268/4107/1111
f 953/4106/959 951/4108/958 1268/4107/1111
f 1268/1978/1111 952/4109/819 1260/1026/820
f 1268/1978/1111 951/4110/958 952/4109/819
f 1315/4111/1786 646/4112/1786 1316/4113/1787
f 646/4112/1786 643/4114/1788 1316/4113/1789
f 648/4115/1790 1316/4116/1791 647/4117/1792
f 1316/4116/1791 648/4115/1790 1315/4118/1793
f 1279/4119/1794 924/4120/1795 967/4121/1796
f 819/4122/1747 1309/4123/708 1307/4124/1748
f 1309/4123/708 819/4122/1747 741/4125/1750
f 1274/4126/1797 964/4127/1798 963/4128/1799
f 1317/3549/1800 447/4129/1801 471/4130/1802
f 1260/4131/820 968/4132/839 1259/4133/1803
f 968/4132/839 1260/4131/820 952/4134/819
f 1259/4135/1803 968/1107/839 1261/4136/1804
f 969/4137/978 1269/4138/1479 1277/4139/979
f 1269/4140/822 969/4141/1805 953/4142/959
f 1278/4143/1738 970/4144/1737 1277/4145/1234
f 1258/4146/1806 794/4147/1807 804/4148/1808
f 1289/4149/1809 1290/4150/1754 782/4151/1810
f 782/4152/1810 1265/4153/1811 1289/4154/1809
f 1265/4153/1811 782/4152/1810 783/4155/1812
f 1265/4156/1811 783/4157/1812 786/4158/1813
f 1290/4150/1754 781/2118/1753 782/4151/1810
f 1283/1917/892 897/4159/896 1281/4160/1041
f 897/4159/896 1283/1917/892 896/4161/1144
f 1283/4162/892 895/4163/893 896/4164/1144
f 895/4163/893 1283/4162/892 1275/4165/895
f 1286/4166/1759 803/4167/1814 801/4168/1758
f 1286/4166/1759 1285/4169/1815 803/4167/1814
f 1258/4170/1806 803/4171/1814 1285/4172/1815
f 803/4171/1814 1258/4170/1806 804/4173/1808
f 1318/4174/1816 451/2660/1817 452/4175/1818
f 1273/4176/1819 910/2991/924 1275/4177/895
f 910/4178/1820 1273/4179/1154 1274/4180/1821
f 895/4181/893 1275/4182/895 910/4183/924
f 923/4184/928 1281/4185/1041 897/4186/896
f 923/4187/928 1280/4188/1822 1281/4189/1041
f 924/3517/1823 1279/4190/1824 1280/4191/932
f 1300/4192/1708 643/4193/1788 639/1078/1707
f 643/4193/1788 1300/4192/1708 1316/4194/1789
f 1300/4195/1710 647/4196/1792 1316/4197/1791
f 1300/4198/1710 642/4199/1709 647/4200/1792
f 1319/4201/1825 623/4202/1826 618/4203/1827
f 1320/4204/1828 620/4205/1829 622/4206/1830
f 1232/4207/1831 1146/1959/1832 1033/4208/1833
f 1146/4209/1832 1232/3031/1831 835/4210/1834
f 1232/4211/1831 1233/4212/1835 835/4213/1834
f 1233/4212/1835 836/1775/1836 835/4213/1834
f 1233/4214/1835 759/1213/1837 836/4215/1836
f 1145/4216/1838 1228/4217/1839 1032/4218/1840
f 837/4210/1841 1228/4219/1839 1145/4220/1838
f 1228/4221/1839 837/4222/1841 1229/4223/1842
f 838/4224/1843 1229/4225/1842 837/4226/1841
f 1229/3865/1842 838/4227/1843 754/4228/1844
f 929/4229/1845 1082/4230/1846 1004/4231/1847
f 1183/4232/1848 1005/4233/1849 1083/4234/1850
f 402/4235/1057 1060/1912/1059 1193/4236/1365
f 1193/4236/1365 404/4237/1364 402/4235/1057
f 408/4238/1425 1164/4239/1427 405/4240/1053
f 1058/4241/1054 405/2944/1053 1164/4242/1427
f 1215/4243/1851 1051/4244/1852 1076/4245/1853
f 1074/4246/1854 1215/4247/1851 1076/4248/1853
f 1215/4247/1851 1074/4246/1854 1214/4249/1855
f 1218/4250/1856 1067/3605/1857 1008/4251/1858
f 1218/1615/1856 1066/4252/1859 1067/4253/1857
f 1066/4252/1859 1218/1615/1856 1219/1626/1860
f 495/4254/1765 1231/4255/1435 433/4256/1436
f 1231/4255/1435 495/4254/1765 1312/1999/1767
f 1321/4257/1861 590/4258/1862 560/4259/1863
f 1322/4260/1864 509/4261/1864 477/4262/1864
f 509/4261/1864 1322/4260/1864 1323/4263/1865
f 1322/4264/1866 512/4265/1867 1323/4266/1868
f 1322/4264/1866 480/4267/1866 512/4265/1867
f 1324/4268/1869 568/4269/1870 589/4270/1871
f 1003/4271/1872 1217/4272/1873 1004/4273/1874
f 1217/4272/1873 1003/4271/1872 1216/4274/1872
f 1183/4275/1875 1003/4276/1872 1005/4277/1876
f 1003/4276/1872 1183/4275/1875 1216/4278/1872
f 477/4279/1877 1306/4280/1744 1322/4281/1877
f 1306/4280/1744 477/4279/1877 478/4282/1743
f 619/4283/1878 1325/4284/1879 1326/4285/1880
f 619/4283/1878 596/4286/1881 1325/4284/1879
f 619/4283/1878 1326/4285/1880 618/4287/1827
f 1326/4285/1880 1319/4288/1825 618/4287/1827
f 597/4289/1882 621/4290/1883 1327/4291/1884
f 1327/4291/1884 621/4290/1883 1328/4292/1885
f 620/4293/1829 1328/4292/1885 621/4290/1883
f 620/4293/1829 1320/4294/1828 1328/4292/1885
f 480/4295/1886 1322/4296/1886 1306/4297/1746
f 1306/4297/1746 479/4298/1745 480/4295/1886
f 712/4299/1887 1297/4300/1888 713/4301/1889
f 1297/4302/1888 712/3365/1887 1301/4303/1890
f 1299/4304/1891 720/4305/1892 723/4306/1893
f 720/4305/1892 1299/4304/1891 1303/4307/1894
f 720/4308/1892 1303/4309/1894 1304/4310/1895
f 1304/4310/1895 721/4311/1896 720/4308/1892
f 1301/2630/1890 712/4312/1887 1302/4313/1897
f 1302/4313/1897 712/4312/1887 714/4314/1898
f 721/4315/1896 1304/3502/1895 722/4316/1899
f 557/4317/1900 1329/4318/1901 578/4319/1902
f 1329/4318/1901 1330/4320/1903 578/4319/1902
f 1330/4321/1903 606/4322/1904 578/4323/1902
f 579/4324/1905 1331/4325/1906 558/4326/1907
f 579/4324/1905 1332/4327/1908 1331/4325/1906
f 1332/4328/1908 579/4329/1905 602/4330/1909
f 633/4331/1910 1276/4332/1910 1314/4333/1910
f 695/4334/1910 1276/4332/1910 633/4331/1910
f 714/4335/1898 715/4336/1911 1302/4337/1897
f 1276/4338/1912 634/4339/1912 1314/4340/1912
f 1276/4341/1912 697/4342/1912 634/4343/1912
f 561/4344/1913 1333/4345/1914 1334/4346/1915
f 561/4347/1913 527/4348/1916 1333/4349/1914
f 561/4350/1913 1334/4351/1915 560/4352/1863
f 1334/4351/1915 1321/4353/1861 560/4352/1863
f 529/1411/1917 569/4354/1918 1335/4355/1919
f 1335/4355/1919 569/4354/1918 1336/4356/1920
f 568/4357/1870 1336/4358/1920 569/4359/1918
f 568/4357/1870 1324/4360/1869 1336/4358/1920
f 1329/4361/1901 557/4362/1900 1337/4363/1921
f 502/4364/1922 1337/4363/1921 557/4362/1900
f 558/4365/1907 1338/4366/1923 503/4367/1924
f 1338/4366/1923 558/4365/1907 1331/4368/1906
f 595/4369/1925 1325/4370/1879 596/4371/1881
f 595/4369/1925 1339/1509/1926 1325/4370/1879
f 597/4372/1882 1327/4373/1884 595/4374/1925
f 1327/4373/1884 1339/4375/1926 595/4374/1925
f 1340/4376/1927 474/4377/1928 497/4378/1929
f 1341/4379/1930 499/4380/1931 473/4381/1932
f 1298/4382/1933 723/4383/1893 774/4384/1934
f 723/4383/1893 1298/4382/1933 1299/4385/1891
f 1297/4386/1888 1298/4387/1933 713/4388/1889
f 713/4388/1889 1298/4387/1933 774/3912/1934
f 1165/4389/1935 1074/4390/1854 1075/4391/1936
f 1165/4389/1935 1214/1520/1855 1074/4390/1854
f 1219/4392/1860 1167/4393/1937 1066/4394/1859
f 1167/4393/1937 1065/4395/1938 1066/4394/1859
f 1166/4396/1939 1065/4397/1938 1167/4398/1937
f 1065/4397/1938 1166/4396/1939 1113/4399/1940
f 1075/4400/1936 1166/4401/1939 1165/4402/1935
f 1166/4401/1939 1075/4400/1936 1113/4403/1940
f 1031/4404/1941 1145/4405/1838 1032/4406/1840
f 1145/4405/1838 1031/4404/1941 1194/4407/1941
f 1146/4408/1832 1031/1495/1941 1033/4409/1833
f 1031/1495/1941 1146/4408/1832 1194/4410/1941
f 1342/4411/1942 509/4412/1942 1323/4413/1943
f 509/4412/1942 1342/4411/1942 508/4414/1942
f 512/4415/1944 1342/3247/1944 1323/4416/1944
f 512/4415/1945 513/4417/1945 1342/3247/1945
f 1343/2860/1946 415/4418/1947 413/4419/1948
f 415/4418/1947 1343/2860/1946 1344/4420/1949
f 1345/4421/1950 1343/4422/1946 410/4423/1951
f 410/4423/1951 1343/4422/1946 413/694/1948
f 524/4424/1952 1333/4425/1914 527/4426/1916
f 524/4424/1952 1346/4427/1953 1333/4425/1914
f 529/4428/1917 1335/4429/1919 524/4424/1952
f 1335/4429/1919 1346/4427/1953 524/4424/1952
f 1347/1345/1954 515/4430/1955 481/4431/1956
f 576/4432/1957 1327/4433/1958 564/4434/1959
f 1327/4433/1958 576/4432/1957 1339/4435/1960
f 1348/4436/1961 483/4437/1962 514/4438/1963
f 576/4439/1957 1325/1207/1964 1339/4440/1960
f 1325/1207/1964 576/4439/1957 572/4441/1965
f 564/4442/1959 1327/4443/1958 1328/4444/1966
f 1328/4444/1966 563/4445/1967 564/4442/1959
f 1328/4446/1966 566/4447/1968 563/4448/1967
f 566/4447/1968 1328/4446/1966 1320/4449/1969
f 566/4447/1968 1320/4449/1969 622/3988/1970
f 540/4450/1971 1332/4451/1972 602/4452/1973
f 1325/4453/1964 572/4454/1965 1326/1507/1974
f 1326/4455/1974 572/4456/1965 573/4457/1975
f 574/4458/1976 1326/4455/1974 573/4457/1975
f 574/4458/1976 623/4459/1977 1319/4460/1978
f 1326/4455/1974 574/4458/1976 1319/4460/1978
f 542/4461/1979 606/4462/1980 1330/4463/1981
f 482/4464/1982 1349/4465/1983 1350/4466/1984
f 482/1223/1982 469/4467/1985 1349/4468/1983
f 470/4469/1986 484/4470/1987 1351/4471/1988
f 1351/4471/1988 484/4470/1987 1352/4472/1989
f 498/4473/1990 1353/4474/1991 1354/4475/1992
f 498/4476/1990 449/4477/1993 1353/4478/1991
f 498/4479/1990 1354/4480/1992 497/4481/1929
f 1354/4480/1992 1340/4482/1927 497/4481/1929
f 450/4483/1994 500/4484/1995 1355/4485/1996
f 1355/4485/1996 500/4484/1995 1356/4486/1997
f 538/4487/1998 1336/2524/1999 550/4488/2000
f 538/4487/1998 1335/4489/2001 1336/2524/1999
f 499/4490/1931 1356/4491/1997 500/4492/1995
f 499/4490/1931 1341/4493/1930 1356/4491/1997
f 1333/4494/2002 537/4495/2003 1334/4496/2004
f 1334/4497/2004 537/4498/2003 552/4499/2005
f 1336/4500/1999 1324/4501/2006 550/4502/2000
f 550/4502/2000 1324/4501/2006 554/4503/2007
f 554/4504/2007 1324/1376/2006 589/4505/2008
f 1321/3233/2009 552/4506/2005 555/4507/2010
f 552/4506/2005 1321/3233/2009 1334/4508/2004
f 555/4509/2010 590/4510/2011 1321/4511/2009
f 501/4512/2012 1337/4513/1921 502/4514/1922
f 501/4512/2012 1357/4515/2013 1337/4513/1921
f 503/4516/1924 1338/4517/1923 501/4518/2012
f 1338/4517/1923 1357/2596/2013 501/4518/2012
f 466/4519/2014 1318/4520/2015 452/4521/2016
f 536/4522/2017 1333/4523/2002 1346/4524/2018
f 1333/4523/2002 536/4522/2017 537/4525/2003
f 536/4526/2017 1335/4527/2001 538/4528/1998
f 1335/4527/2001 536/4526/2017 1346/4529/2018
f 482/4530/1982 1350/4531/1984 481/1238/1956
f 1350/4531/1984 1347/4532/1954 481/1238/1956
f 483/4533/1962 1352/4534/1989 484/1484/1987
f 483/4533/1962 1348/4535/1961 1352/4534/1989
f 504/4536/2019 1332/4537/1972 540/4538/1971
f 504/4536/2019 1331/4539/2020 1332/4537/1972
f 1330/4540/1981 511/4541/2021 542/4542/1979
f 1330/4540/1981 1329/1096/2022 511/4541/2021
f 1312/4543/2023 530/4544/1763 636/4545/2024
f 530/4544/1763 1312/4543/2023 1310/4546/1761
f 467/4547/2025 1349/4548/1983 469/4549/1985
f 467/4547/2025 1358/4550/2026 1349/4548/1983
f 1231/1137/1713 1312/4551/2023 522/4552/1716
f 522/4552/1716 1312/4551/2023 636/4553/2024
f 470/4554/1986 1351/4555/1988 467/4556/2025
f 1351/4555/1988 1358/1218/2026 467/4556/2025
f 489/4557/2027 1338/4558/2028 493/4559/2029
f 1338/4558/2028 489/4557/2027 1357/4560/2030
f 489/4561/2027 1337/4562/2031 1357/4563/2030
f 1337/4562/2031 489/4561/2027 492/4564/2032
f 493/4565/2029 1338/4566/2028 1331/2966/2020
f 1331/4567/2020 504/4568/2019 493/4569/2029
f 1337/4570/2031 492/4571/2032 1329/4572/2022
f 511/4573/2021 1329/4572/2022 492/4571/2032
f 458/4574/2033 1348/4575/2034 514/4576/2035
f 464/4577/2036 515/4578/2037 1347/4579/2038
f 448/4580/2039 1353/4581/1991 449/4582/1993
f 448/4580/2039 1359/4583/2039 1353/4581/1991
f 450/4584/1994 1355/4585/1996 448/4580/2039
f 1355/4585/1996 1359/4583/2039 448/4580/2039
f 1345/4586/1950 441/4587/2040 1360/4588/2041
f 441/4587/2040 1345/4586/1950 410/4589/1951
f 1360/545/2041 441/4590/2040 1317/4591/2042
f 1317/4591/2042 441/4590/2040 446/4592/2043
f 446/4592/2043 447/4593/2044 1317/4591/2042
f 1344/3861/1949 436/4594/2045 415/4595/1947
f 436/4594/2045 1344/3861/1949 1361/4596/2046
f 436/4597/2045 1361/4598/2046 1318/4599/2015
f 1318/4599/2015 466/4600/2014 436/4597/2045
f 1360/4601/2047 488/4602/2048 1345/4603/2049
f 488/4602/2048 1360/4601/2047 487/4604/2050
f 471/4605/1802 487/4604/2050 1360/4601/2047
f 471/4605/1802 1360/4601/2047 1317/4606/1800
f 420/4607/2051 1341/4608/2052 473/4609/2053
f 426/4610/2054 474/4611/2055 1340/4118/2056
f 486/4612/2057 1361/4613/2058 1344/4614/2059
f 1361/4613/2058 486/4612/2057 485/4615/2060
f 1361/4613/2058 485/4615/2060 451/4616/1817
f 1318/4617/1816 1361/4613/2058 451/4616/1817
f 472/4618/2061 1349/4436/2062 1358/4619/2061
f 1349/4436/2062 472/4618/2061 462/4620/2063
f 472/4621/2061 1351/4622/2064 456/4623/2065
f 1351/4622/2064 472/4621/2061 1358/4624/2061
f 1058/4625/2066 1024/4626/2067 1057/4627/2068
f 1024/4626/2067 1058/4625/2066 1023/4628/2069
f 1023/4629/2069 1058/4630/2066 428/4631/1246
f 1058/4630/2066 1164/4632/1244 428/4631/1246
f 1028/3977/2070 1060/4633/2071 1059/4634/2072
f 1060/4633/2071 1028/3977/2070 1027/2983/2073
f 444/4635/1306 1060/4636/2071 1027/4637/2073
f 444/4635/1306 1193/4638/1305 1060/4636/2071
f 488/4639/2048 559/1710/2074 1345/4640/2049
f 1345/4640/2049 559/1710/2074 1343/4641/2075
f 559/4642/2074 1344/4643/2059 1343/4644/2075
f 1344/4643/2059 559/4642/2074 486/3019/2057
f 456/4645/2065 1351/4646/2064 1352/4647/2076
f 1352/4647/2076 455/4648/2077 456/4645/2065
f 1352/4649/2076 458/4650/2033 455/4651/2077
f 458/4650/2033 1352/4649/2076 1348/4652/2034
f 1349/4653/2062 462/4654/2063 1350/4655/2078
f 1350/4656/2078 462/4657/2063 463/4658/2079
f 464/4659/2036 1350/4656/2078 463/4658/2079
f 1350/4656/2078 464/4659/2036 1347/1225/2038
f 429/4660/2080 1355/4661/2081 418/4662/2082
f 1355/4661/2081 429/4660/2080 1359/4663/2080
f 429/4664/2080 1353/4665/2083 1359/4666/2080
f 1353/4665/2083 429/4664/2080 424/4667/2084
f 418/4668/2082 1356/4669/2085 417/4670/2086
f 418/4668/2082 1355/4671/2081 1356/4669/2085
f 1356/4672/2085 420/4673/2051 417/4674/2086
f 420/4673/2051 1356/4672/2085 1341/4675/2052
f 1353/4676/2083 424/4677/2084 1354/4094/2087
f 1354/2808/2087 424/4678/2084 425/4679/2088
f 426/4680/2054 1354/2808/2087 425/4679/2088
f 1354/2808/2087 426/4680/2054 1340/1379/2056
f 1024/4681/2067 1191/4682/2089 1057/4683/2068
f 1057/4683/2068 1191/4682/2089 1147/4684/2090
f 1191/1937/2089 1059/4685/2072 1147/4686/2090
f 1059/4685/2072 1191/1937/2089 1028/4687/2070
