# Blender 5.2.0 LTS
# www.blender.org
mtllib eyething bc eyes.mtl
o eye_white.030
v 0.102765 0.171659 -0.019566 0.6037 0.6037 0.6037
v 0.166314 0.173318 -0.020195 0.6037 0.6037 0.6037
v 0.134171 0.172479 -0.035995 0.6037 0.6037 0.6037
v 0.179638 0.173666 0.018412 0.6037 0.6037 0.6037
v 0.090190 0.171330 0.019658 0.6037 0.6037 0.6037
v 0.167279 0.173343 0.057161 0.6037 0.6037 0.6037
v 0.103961 0.171690 0.058512 0.6037 0.6037 0.6037
v 0.135657 0.172518 0.074065 0.6037 0.6037 0.6037
v 0.102772 0.171416 -0.019566 0.6037 0.6037 0.6037
v 0.134177 0.172236 -0.035995 0.6037 0.6037 0.6037
v 0.166320 0.173075 -0.020195 0.6037 0.6037 0.6037
v 0.179644 0.173423 0.018412 0.6037 0.6037 0.6037
v 0.090196 0.171087 0.019658 0.6037 0.6037 0.6037
v 0.167285 0.173100 0.057161 0.6037 0.6037 0.6037
v 0.103967 0.171447 0.058512 0.6037 0.6037 0.6037
v 0.135663 0.172275 0.074065 0.6037 0.6037 0.6037
v 0.091449 0.171307 0.019546 0.9063 0.0000 0.0304
v 0.104636 0.171651 0.037278 0.9063 0.0000 0.0304
v 0.135023 0.177430 0.019157 0.9063 0.0000 0.0304
v 0.135412 0.172455 0.043895 0.9063 0.0000 0.0304
v 0.104067 0.171637 0.002024 0.9063 0.0000 0.0304
v 0.165746 0.173247 0.036057 0.9063 0.0000 0.0304
v 0.134421 0.172429 -0.005823 0.9063 0.0000 0.0304
v 0.178370 0.173577 0.018518 0.9063 0.0000 0.0304
v 0.165672 0.173245 0.001036 0.9063 0.0000 0.0304
v 0.206502 -0.189644 0.108813 0.9063 0.9063 0.9063
v 0.173472 -0.263424 0.108813 0.9063 0.9063 0.9063
v 0.208800 -0.234665 0.108813 0.9063 0.9063 0.9063
v 0.121788 -0.258322 0.108813 0.9063 0.9063 0.9063
v 0.167864 -0.154281 0.108813 0.9063 0.9063 0.9063
v 0.083585 -0.223462 0.108813 0.9063 0.9063 0.9063
v 0.115658 -0.149564 0.108813 0.9063 0.9063 0.9063
v 0.080851 -0.177938 0.108813 0.9063 0.9063 0.9063
v 0.206502 -0.189644 0.108504 0.9063 0.9063 0.9063
v 0.208800 -0.234665 0.108504 0.9063 0.9063 0.9063
v 0.173472 -0.263425 0.108504 0.9063 0.9063 0.9063
v 0.121788 -0.258322 0.108504 0.9063 0.9063 0.9063
v 0.167864 -0.154281 0.108504 0.9063 0.9063 0.9063
v 0.083585 -0.223462 0.108504 0.9063 0.9063 0.9063
v 0.115658 -0.149564 0.108504 0.9063 0.9063 0.9063
v 0.080851 -0.177938 0.108504 0.9063 0.9063 0.9063
v 0.167325 -0.155793 0.108742 0.9063 0.0000 0.0304
v 0.139833 -0.161618 0.108742 0.9063 0.0000 0.0304
v 0.144559 -0.206512 0.115079 0.9063 0.0000 0.0304
v 0.115839 -0.193675 0.108742 0.9063 0.0000 0.0304
v 0.180867 -0.179681 0.108742 0.9063 0.0000 0.0304
v 0.108783 -0.232896 0.108742 0.9063 0.0000 0.0304
v 0.173808 -0.218931 0.108742 0.9063 0.0000 0.0304
v 0.122340 -0.256799 0.108742 0.9063 0.0000 0.0304
v 0.149283 -0.251406 0.108742 0.9063 0.0000 0.0304
v 0.036624 -0.170741 0.111076 0.9063 0.9063 0.9063
v 0.055363 -0.214015 0.111076 0.9063 0.9063 0.9063
v 0.056902 -0.187485 0.111077 0.9063 0.9063 0.9063
v 0.032811 -0.234245 0.111077 0.9063 0.9063 0.9063
v 0.006188 -0.173440 0.111077 0.9063 0.9063 0.9063
v 0.002763 -0.236954 0.111077 0.9063 0.9063 0.9063
v -0.016404 -0.194046 0.111077 0.9063 0.9063 0.9063
v -0.017903 -0.220200 0.111077 0.9063 0.9063 0.9063
v 0.036624 -0.170741 0.110896 0.9063 0.9063 0.9063
v 0.056902 -0.187485 0.110896 0.9063 0.9063 0.9063
v 0.055363 -0.214015 0.110896 0.9063 0.9063 0.9063
v 0.032811 -0.234245 0.110896 0.9063 0.9063 0.9063
v 0.006188 -0.173440 0.110896 0.9063 0.9063 0.9063
v 0.002763 -0.236954 0.110896 0.9063 0.9063 0.9063
v -0.016404 -0.194046 0.110896 0.9063 0.9063 0.9063
v -0.017903 -0.220200 0.110896 0.9063 0.9063 0.9063
v 0.006627 -0.174267 0.111035 0.9063 0.0000 0.0304
v -0.001694 -0.188391 0.111035 0.9063 0.0000 0.0304
v 0.019485 -0.204040 0.114732 0.9063 0.0000 0.0304
v 0.002649 -0.211342 0.111035 0.9063 0.0000 0.0304
v 0.022240 -0.177848 0.111035 0.9063 0.0000 0.0304
v 0.016747 -0.229827 0.111035 0.9063 0.0000 0.0304
v 0.036350 -0.196345 0.111035 0.9063 0.0000 0.0304
v 0.032373 -0.233408 0.111035 0.9063 0.0000 0.0304
v 0.040664 -0.219690 0.111035 0.9063 0.0000 0.0304
v 0.217345 0.045640 0.101500 0.9063 0.9063 0.9063
v 0.208002 0.005005 0.101500 0.9063 0.9063 0.9063
v 0.223006 0.023088 0.101500 0.9063 0.9063 0.9063
v 0.181340 0.002423 0.101500 0.9063 0.9063 0.9063
v 0.194260 0.059673 0.101501 0.9063 0.9063 0.9063
v 0.158525 0.016246 0.101501 0.9063 0.9063 0.9063
v 0.167372 0.056844 0.101501 0.9063 0.9063 0.9063
v 0.152593 0.039009 0.101501 0.9063 0.9063 0.9063
v 0.217345 0.045640 0.101341 0.9063 0.9063 0.9063
v 0.223006 0.023088 0.101341 0.9063 0.9063 0.9063
v 0.208002 0.005005 0.101341 0.9063 0.9063 0.9063
v 0.181340 0.002423 0.101341 0.9063 0.9063 0.9063
v 0.194260 0.059673 0.101341 0.9063 0.9063 0.9063
v 0.158525 0.016246 0.101341 0.9063 0.9063 0.9063
v 0.167372 0.056844 0.101341 0.9063 0.9063 0.9063
v 0.152593 0.039009 0.101341 0.9063 0.9063 0.9063
v 0.194139 0.058854 0.101464 0.9063 0.0000 0.0304
v 0.180809 0.053160 0.101464 0.9063 0.0000 0.0304
v 0.187686 0.030915 0.104732 0.9063 0.0000 0.0304
v 0.171871 0.034542 0.101464 0.9063 0.0000 0.0304
v 0.203377 0.048120 0.101464 0.9063 0.0000 0.0304
v 0.172218 0.013990 0.101464 0.9063 0.0000 0.0304
v 0.203728 0.027553 0.101464 0.9063 0.0000 0.0304
v 0.181467 0.003249 0.101464 0.9063 0.0000 0.0304
v 0.194562 0.008670 0.101464 0.9063 0.0000 0.0304
v 1.220240 0.055757 0.126012 0.9063 0.9063 0.9063
v 1.193131 -0.002361 0.126012 0.9063 0.9063 0.9063
v 1.221509 0.020017 0.126012 0.9063 0.9063 0.9063
v 1.152197 0.002322 0.126012 0.9063 0.9063 0.9063
v 1.190025 0.084283 0.126012 0.9063 0.9063 0.9063
v 1.122323 0.030443 0.126012 0.9063 0.9063 0.9063
v 1.148672 0.088667 0.126012 0.9063 0.9063 0.9063
v 1.120713 0.066588 0.126012 0.9063 0.9063 0.9063
v 1.220240 0.055757 0.125767 0.9063 0.9063 0.9063
v 1.221509 0.020017 0.125767 0.9063 0.9063 0.9063
v 1.193131 -0.002361 0.125766 0.9063 0.9063 0.9063
v 1.152197 0.002322 0.125767 0.9063 0.9063 0.9063
v 1.190025 0.084283 0.125767 0.9063 0.9063 0.9063
v 1.122323 0.030443 0.125766 0.9063 0.9063 0.9063
v 1.148672 0.088667 0.125767 0.9063 0.9063 0.9063
v 1.120713 0.066588 0.125766 0.9063 0.9063 0.9063
v 1.189580 0.083090 0.125955 0.9063 0.0000 0.0304
v 1.167701 0.078808 0.125955 0.9063 0.0000 0.0304
v 1.170897 0.043139 0.130982 0.9063 0.0000 0.0304
v 1.148274 0.053675 0.125955 0.9063 0.0000 0.0304
v 1.200027 0.063975 0.125955 0.9063 0.0000 0.0304
v 1.142194 0.022651 0.125955 0.9063 0.0000 0.0304
v 1.193946 0.032928 0.125955 0.9063 0.0000 0.0304
v 1.152654 0.003523 0.125955 0.9063 0.0000 0.0304
v 1.174092 0.007469 0.125955 0.9063 0.0000 0.0304
v 1.197010 -0.025662 0.126048 0.9063 0.9063 0.9063
v 1.222685 -0.058074 0.126048 0.9063 0.9063 0.9063
v 1.217980 -0.035252 0.126048 0.9063 0.9063 0.9063
v 1.208163 -0.080319 0.126048 0.9063 0.9063 0.9063
v 1.171840 -0.034842 0.126048 0.9063 0.9063 0.9063
v 1.183324 -0.089419 0.126048 0.9063 0.9063 0.9063
v 1.157370 -0.057414 0.126048 0.9063 0.9063 0.9063
v 1.162023 -0.079908 0.126048 0.9063 0.9063 0.9063
v 1.197010 -0.025662 0.125890 0.9063 0.9063 0.9063
v 1.217980 -0.035252 0.125890 0.9063 0.9063 0.9063
v 1.222685 -0.058074 0.125890 0.9063 0.9063 0.9063
v 1.208163 -0.080319 0.125890 0.9063 0.9063 0.9063
v 1.171840 -0.034842 0.125890 0.9063 0.9063 0.9063
v 1.183324 -0.089419 0.125890 0.9063 0.9063 0.9063
v 1.157370 -0.057414 0.125890 0.9063 0.9063 0.9063
v 1.162023 -0.079908 0.125890 0.9063 0.9063 0.9063
v 1.172399 -0.035443 0.126012 0.9063 0.0000 0.0304
v 1.168549 -0.049292 0.126012 0.9063 0.0000 0.0304
v 1.190034 -0.057751 0.129253 0.9063 0.0000 0.0304
v 1.177427 -0.067749 0.126012 0.9063 0.0000 0.0304
v 1.186435 -0.034941 0.126012 0.9063 0.0000 0.0304
v 1.193555 -0.080214 0.126012 0.9063 0.0000 0.0304
v 1.202577 -0.047413 0.126012 0.9063 0.0000 0.0304
v 1.207603 -0.079709 0.126012 0.9063 0.0000 0.0304
v 1.211520 -0.066210 0.126012 0.9063 0.0000 0.0304
v 1.167036 -0.142178 0.126035 0.9063 0.9063 0.9063
v 1.159558 -0.191387 0.126035 0.9063 0.9063 0.9063
v 1.175796 -0.168516 0.126035 0.9063 0.9063 0.9063
v 1.128050 -0.196850 0.126035 0.9063 0.9063 0.9063
v 1.138298 -0.127542 0.126035 0.9063 0.9063 0.9063
v 1.099654 -0.182441 0.126035 0.9063 0.9063 0.9063
v 1.106544 -0.133320 0.126035 0.9063 0.9063 0.9063
v 1.090551 -0.155876 0.126035 0.9063 0.9063 0.9063
v 1.167036 -0.142178 0.125844 0.9063 0.9063 0.9063
v 1.175796 -0.168516 0.125844 0.9063 0.9063 0.9063
v 1.159558 -0.191387 0.125844 0.9063 0.9063 0.9063
v 1.128050 -0.196850 0.125844 0.9063 0.9063 0.9063
v 1.138298 -0.127542 0.125844 0.9063 0.9063 0.9063
v 1.099654 -0.182441 0.125844 0.9063 0.9063 0.9063
v 1.106544 -0.133320 0.125844 0.9063 0.9063 0.9063
v 1.090551 -0.155876 0.125844 0.9063 0.9063 0.9063
v 1.138227 -0.128528 0.125991 0.9063 0.0000 0.0304
v 1.122870 -0.136502 0.125991 0.9063 0.0000 0.0304
v 1.133050 -0.162365 0.129893 0.9063 0.0000 0.0304
v 1.113899 -0.159466 0.125991 0.9063 0.0000 0.0304
v 1.150187 -0.140478 0.125991 0.9063 0.0000 0.0304
v 1.116156 -0.183899 0.125991 0.9063 0.0000 0.0304
v 1.152448 -0.164929 0.125991 0.9063 0.0000 0.0304
v 1.128128 -0.195856 0.125991 0.9063 0.0000 0.0304
v 1.143230 -0.188229 0.125991 0.9063 0.0000 0.0304
v 0.802059 -0.044579 0.108857 0.9063 0.9063 0.9063
v 0.777041 -0.091722 0.108857 0.9063 0.9063 0.9063
v 0.801584 -0.074338 0.108857 0.9063 0.9063 0.9063
v 0.743220 -0.086078 0.108857 0.9063 0.9063 0.9063
v 0.778168 -0.019578 0.108857 0.9063 0.9063 0.9063
v 0.719595 -0.061428 0.108857 0.9063 0.9063 0.9063
v 0.743986 -0.014164 0.108857 0.9063 0.9063 0.9063
v 0.719804 -0.031318 0.108857 0.9063 0.9063 0.9063
v 0.802059 -0.044579 0.108653 0.9063 0.9063 0.9063
v 0.801584 -0.074338 0.108653 0.9063 0.9063 0.9063
v 0.777041 -0.091722 0.108653 0.9063 0.9063 0.9063
v 0.743220 -0.086078 0.108653 0.9063 0.9063 0.9063
v 0.778168 -0.019578 0.108653 0.9063 0.9063 0.9063
v 0.719595 -0.061428 0.108653 0.9063 0.9063 0.9063
v 0.743986 -0.014164 0.108653 0.9063 0.9063 0.9063
v 0.719804 -0.031318 0.108653 0.9063 0.9063 0.9063
v 0.777746 -0.020550 0.108810 0.9063 0.0000 0.0304
v 0.759379 -0.023173 0.108810 0.9063 0.0000 0.0304
v 0.760509 -0.052955 0.112993 0.9063 0.0000 0.0304
v 0.742158 -0.043230 0.108810 0.9063 0.0000 0.0304
v 0.785612 -0.036884 0.108810 0.9063 0.0000 0.0304
v 0.735777 -0.068754 0.108810 0.9063 0.0000 0.0304
v 0.779228 -0.062428 0.108810 0.9063 0.0000 0.0304
v 0.743652 -0.085100 0.108810 0.9063 0.0000 0.0304
v 0.761638 -0.082737 0.108810 0.9063 0.0000 0.0304
v 0.587867 -0.453305 0.098142 0.9063 0.9063 0.9063
v 0.576451 -0.537249 0.098142 0.9063 0.9063 0.9063
v 0.603478 -0.497895 0.098142 0.9063 0.9063 0.9063
v 0.522976 -0.547386 0.098142 0.9063 0.9063 0.9063
v 0.538570 -0.429162 0.098142 0.9063 0.9063 0.9063
v 0.474265 -0.523620 0.098142 0.9063 0.9063 0.9063
v 0.484684 -0.439841 0.098142 0.9063 0.9063 0.9063
v 0.458068 -0.478654 0.098142 0.9063 0.9063 0.9063
v 0.587867 -0.453305 0.097818 0.9063 0.9063 0.9063
v 0.603478 -0.497895 0.097818 0.9063 0.9063 0.9063
v 0.576451 -0.537249 0.097818 0.9063 0.9063 0.9063
v 0.522976 -0.547386 0.097818 0.9063 0.9063 0.9063
v 0.538570 -0.429162 0.097818 0.9063 0.9063 0.9063
v 0.474265 -0.523620 0.097818 0.9063 0.9063 0.9063
v 0.484684 -0.439841 0.097818 0.9063 0.9063 0.9063
v 0.458068 -0.478654 0.097818 0.9063 0.9063 0.9063
v 0.538475 -0.430842 0.098068 0.9063 0.0000 0.0304
v 0.512553 -0.444821 0.098068 0.9063 0.0000 0.0304
v 0.530567 -0.488565 0.104709 0.9063 0.0000 0.0304
v 0.497897 -0.484141 0.098068 0.9063 0.0000 0.0304
v 0.559147 -0.450860 0.098068 0.9063 0.0000 0.0304
v 0.502388 -0.525662 0.098068 0.9063 0.0000 0.0304
v 0.563645 -0.492411 0.098068 0.9063 0.0000 0.0304
v 0.523081 -0.545692 0.098068 0.9063 0.0000 0.0304
v 0.548579 -0.532310 0.098068 0.9063 0.0000 0.0304
v 0.421950 0.090639 0.115284 0.9063 0.9063 0.9063
v 0.447127 0.048493 0.115284 0.9063 0.9063 0.9063
v 0.445140 0.076088 0.115284 0.9063 0.9063 0.9063
v 0.426573 0.024568 0.115284 0.9063 0.9063 0.9063
v 0.390894 0.083751 0.115284 0.9063 0.9063 0.9063
v 0.395919 0.017722 0.115284 0.9063 0.9063 0.9063
v 0.370349 0.059433 0.115284 0.9063 0.9063 0.9063
v 0.372326 0.032232 0.115284 0.9063 0.9063 0.9063
v 0.421950 0.090639 0.115097 0.9063 0.9063 0.9063
v 0.445140 0.076088 0.115097 0.9063 0.9063 0.9063
v 0.447127 0.048493 0.115097 0.9063 0.9063 0.9063
v 0.426573 0.024568 0.115097 0.9063 0.9063 0.9063
v 0.390894 0.083751 0.115097 0.9063 0.9063 0.9063
v 0.395919 0.017722 0.115097 0.9063 0.9063 0.9063
v 0.370349 0.059433 0.115097 0.9063 0.9063 0.9063
v 0.372326 0.032232 0.115097 0.9063 0.9063 0.9063
v 0.391459 0.082956 0.115241 0.9063 0.0000 0.0304
v 0.384772 0.067253 0.115241 0.9063 0.0000 0.0304
v 0.408745 0.053954 0.119090 0.9063 0.0000 0.0304
v 0.392349 0.044146 0.115241 0.9063 0.0000 0.0304
v 0.408059 0.081363 0.115241 0.9063 0.0000 0.0304
v 0.409394 0.026964 0.115241 0.9063 0.0000 0.0304
v 0.425118 0.064171 0.115241 0.9063 0.0000 0.0304
v 0.426008 0.025374 0.115241 0.9063 0.0000 0.0304
v 0.432718 0.040653 0.115241 0.9063 0.0000 0.0304
v -0.253167 -0.013200 0.121055 0.9063 0.9063 0.9063
v -0.237707 -0.039079 0.121055 0.9063 0.9063 0.9063
v -0.238927 -0.022134 0.121055 0.9063 0.9063 0.9063
v -0.250328 -0.053769 0.121055 0.9063 0.9063 0.9063
v -0.272236 -0.017429 0.121055 0.9063 0.9063 0.9063
v -0.269150 -0.057973 0.121055 0.9063 0.9063 0.9063
v -0.284851 -0.032361 0.121055 0.9063 0.9063 0.9063
v -0.283637 -0.049063 0.121055 0.9063 0.9063 0.9063
v -0.253167 -0.013200 0.120939 0.9063 0.9063 0.9063
v -0.238927 -0.022134 0.120939 0.9063 0.9063 0.9063
v -0.237707 -0.039079 0.120939 0.9063 0.9063 0.9063
v -0.250328 -0.053769 0.120939 0.9063 0.9063 0.9063
v -0.272236 -0.017429 0.120939 0.9063 0.9063 0.9063
v -0.269150 -0.057973 0.120939 0.9063 0.9063 0.9063
v -0.284851 -0.032361 0.120939 0.9063 0.9063 0.9063
v -0.283637 -0.049063 0.120939 0.9063 0.9063 0.9063
v -0.271889 -0.017917 0.121028 0.9063 0.0000 0.0304
v -0.275995 -0.027559 0.121028 0.9063 0.0000 0.0304
v -0.261275 -0.035725 0.123391 0.9063 0.0000 0.0304
v -0.271342 -0.041747 0.121028 0.9063 0.0000 0.0304
v -0.261697 -0.018895 0.121028 0.9063 0.0000 0.0304
v -0.260876 -0.052297 0.121028 0.9063 0.0000 0.0304
v -0.251222 -0.029452 0.121028 0.9063 0.0000 0.0304
v -0.250675 -0.053274 0.121028 0.9063 0.0000 0.0304
v -0.246554 -0.043892 0.121028 0.9063 0.0000 0.0304
v -0.695318 0.041167 0.121382 0.9063 0.9063 0.9063
v -0.681604 0.015547 0.121382 0.9063 0.9063 0.9063
v -0.682011 0.031918 0.121382 0.9063 0.9063 0.9063
v -0.694423 0.001973 0.121382 0.9063 0.9063 0.9063
v -0.713872 0.037959 0.121382 0.9063 0.9063 0.9063
v -0.712738 -0.001222 0.121382 0.9063 0.9063 0.9063
v -0.726696 0.024152 0.121382 0.9063 0.9063 0.9063
v -0.726283 0.008014 0.121382 0.9063 0.9063 0.9063
v -0.695318 0.041167 0.121271 0.9063 0.9063 0.9063
v -0.682011 0.031918 0.121271 0.9063 0.9063 0.9063
v -0.681604 0.015547 0.121271 0.9063 0.9063 0.9063
v -0.694423 0.001973 0.121271 0.9063 0.9063 0.9063
v -0.713872 0.037959 0.121271 0.9063 0.9063 0.9063
v -0.712738 -0.001222 0.121271 0.9063 0.9063 0.9063
v -0.726696 0.024152 0.121271 0.9063 0.9063 0.9063
v -0.726283 0.008014 0.121271 0.9063 0.9063 0.9063
v -0.713560 0.037473 0.121357 0.9063 0.0000 0.0304
v -0.717951 0.028375 0.121357 0.9063 0.0000 0.0304
v -0.704146 0.019844 0.123635 0.9063 0.0000 0.0304
v -0.714113 0.014501 0.121357 0.9063 0.0000 0.0304
v -0.703789 0.036069 0.121357 0.9063 0.0000 0.0304
v -0.704513 0.003868 0.121357 0.9063 0.0000 0.0304
v -0.694181 0.025429 0.121357 0.9063 0.0000 0.0304
v -0.694734 0.002465 0.121357 0.9063 0.0000 0.0304
v -0.690342 0.011313 0.121357 0.9063 0.0000 0.0304
v -0.552074 0.037137 0.121362 0.9063 0.9063 0.9063
v -0.561417 -0.003498 0.121362 0.9063 0.9063 0.9063
v -0.546413 0.014585 0.121362 0.9063 0.9063 0.9063
v -0.588079 -0.006079 0.121362 0.9063 0.9063 0.9063
v -0.575159 0.051171 0.121362 0.9063 0.9063 0.9063
v -0.610894 0.007743 0.121362 0.9063 0.9063 0.9063
v -0.602047 0.048342 0.121362 0.9063 0.9063 0.9063
v -0.616825 0.030506 0.121362 0.9063 0.9063 0.9063
v -0.552074 0.037137 0.121203 0.9063 0.9063 0.9063
v -0.546413 0.014585 0.121203 0.9063 0.9063 0.9063
v -0.561417 -0.003498 0.121203 0.9063 0.9063 0.9063
v -0.588079 -0.006080 0.121203 0.9063 0.9063 0.9063
v -0.575159 0.051171 0.121203 0.9063 0.9063 0.9063
v -0.610894 0.007743 0.121203 0.9063 0.9063 0.9063
v -0.602047 0.048342 0.121203 0.9063 0.9063 0.9063
v -0.616825 0.030506 0.121203 0.9063 0.9063 0.9063
v -0.575281 0.050352 0.121325 0.9063 0.0000 0.0304
v -0.588610 0.044657 0.121325 0.9063 0.0000 0.0304
v -0.581733 0.022412 0.124594 0.9063 0.0000 0.0304
v -0.597548 0.026039 0.121325 0.9063 0.0000 0.0304
v -0.566042 0.039617 0.121325 0.9063 0.0000 0.0304
v -0.597201 0.005487 0.121325 0.9063 0.0000 0.0304
v -0.565691 0.019051 0.121325 0.9063 0.0000 0.0304
v -0.587952 -0.005254 0.121325 0.9063 0.0000 0.0304
v -0.574857 0.000167 0.121325 0.9063 0.0000 0.0304
v -0.746589 0.127026 0.085425 0.9063 0.9063 0.9063
v -0.737554 0.110146 0.085425 0.9063 0.9063 0.9063
v -0.737822 0.120933 0.085425 0.9063 0.9063 0.9063
v -0.745999 0.101203 0.085425 0.9063 0.9063 0.9063
v -0.758814 0.124912 0.085425 0.9063 0.9063 0.9063
v -0.758066 0.099098 0.085425 0.9063 0.9063 0.9063
v -0.767263 0.115816 0.085425 0.9063 0.9063 0.9063
v -0.766991 0.105183 0.085425 0.9063 0.9063 0.9063
v -0.746589 0.127026 0.085351 0.9063 0.9063 0.9063
v -0.737822 0.120932 0.085351 0.9063 0.9063 0.9063
v -0.737554 0.110146 0.085351 0.9063 0.9063 0.9063
v -0.745999 0.101203 0.085351 0.9063 0.9063 0.9063
v -0.758814 0.124912 0.085351 0.9063 0.9063 0.9063
v -0.758066 0.099098 0.085351 0.9063 0.9063 0.9063
v -0.767263 0.115816 0.085351 0.9063 0.9063 0.9063
v -0.766991 0.105183 0.085351 0.9063 0.9063 0.9063
v -0.758608 0.124592 0.085408 0.9063 0.0000 0.0304
v -0.761501 0.118598 0.085408 0.9063 0.0000 0.0304
v -0.752406 0.112977 0.086909 0.9063 0.0000 0.0304
v -0.758973 0.109457 0.085408 0.9063 0.0000 0.0304
v -0.752171 0.123667 0.085408 0.9063 0.0000 0.0304
v -0.752648 0.102451 0.085408 0.9063 0.0000 0.0304
v -0.745840 0.116657 0.085408 0.9063 0.0000 0.0304
v -0.746205 0.101527 0.085408 0.9063 0.0000 0.0304
v -0.743311 0.107356 0.085408 0.9063 0.0000 0.0304
v -0.495944 0.109207 0.085420 0.9063 0.9063 0.9063
v -0.508394 0.091133 0.085420 0.9063 0.9063 0.9063
v -0.497546 0.097073 0.085420 0.9063 0.9063 0.9063
v -0.521942 0.095039 0.085420 0.9063 0.9063 0.9063
v -0.504520 0.120550 0.085420 0.9063 0.9063 0.9063
v -0.530427 0.106226 0.085420 0.9063 0.9063 0.9063
v -0.518227 0.124379 0.085420 0.9063 0.9063 0.9063
v -0.528916 0.118516 0.085420 0.9063 0.9063 0.9063
v -0.495944 0.109207 0.085336 0.9063 0.9063 0.9063
v -0.497546 0.097073 0.085336 0.9063 0.9063 0.9063
v -0.508394 0.091133 0.085336 0.9063 0.9063 0.9063
v -0.521942 0.095039 0.085336 0.9063 0.9063 0.9063
v -0.504520 0.120550 0.085336 0.9063 0.9063 0.9063
v -0.530427 0.106226 0.085336 0.9063 0.9063 0.9063
v -0.518227 0.124379 0.085336 0.9063 0.9063 0.9063
v -0.528916 0.118515 0.085336 0.9063 0.9063 0.9063
v -0.504738 0.120173 0.085401 0.9063 0.0000 0.0304
v -0.512365 0.119970 0.085401 0.9063 0.0000 0.0304
v -0.513313 0.107751 0.087121 0.9063 0.0000 0.0304
v -0.520349 0.112592 0.085401 0.9063 0.0000 0.0304
v -0.502298 0.113128 0.085401 0.9063 0.0000 0.0304
v -0.524163 0.102467 0.085401 0.9063 0.0000 0.0304
v -0.506114 0.102996 0.085401 0.9063 0.0000 0.0304
v -0.521719 0.095418 0.085401 0.9063 0.0000 0.0304
v -0.514261 0.095532 0.085401 0.9063 0.0000 0.0304
v -0.240664 0.118158 0.085427 0.9063 0.9063 0.9063
v -0.250829 0.103402 0.085427 0.9063 0.9063 0.9063
v -0.241972 0.108252 0.085427 0.9063 0.9063 0.9063
v -0.261890 0.106591 0.085427 0.9063 0.9063 0.9063
v -0.247666 0.127419 0.085427 0.9063 0.9063 0.9063
v -0.268817 0.115725 0.085427 0.9063 0.9063 0.9063
v -0.258857 0.130545 0.085427 0.9063 0.9063 0.9063
v -0.267585 0.125758 0.085427 0.9063 0.9063 0.9063
v -0.240664 0.118158 0.085358 0.9063 0.9063 0.9063
v -0.241972 0.108252 0.085358 0.9063 0.9063 0.9063
v -0.250829 0.103402 0.085358 0.9063 0.9063 0.9063
v -0.261890 0.106590 0.085358 0.9063 0.9063 0.9063
v -0.247666 0.127419 0.085358 0.9063 0.9063 0.9063
v -0.268817 0.115725 0.085358 0.9063 0.9063 0.9063
v -0.258857 0.130545 0.085358 0.9063 0.9063 0.9063
v -0.267585 0.125758 0.085358 0.9063 0.9063 0.9063
v -0.247844 0.127111 0.085411 0.9063 0.0000 0.0304
v -0.254071 0.126946 0.085411 0.9063 0.0000 0.0304
v -0.254845 0.116970 0.086815 0.9063 0.0000 0.0304
v -0.260589 0.120922 0.085411 0.9063 0.0000 0.0304
v -0.245852 0.121360 0.085411 0.9063 0.0000 0.0304
v -0.263704 0.112656 0.085411 0.9063 0.0000 0.0304
v -0.248968 0.113087 0.085411 0.9063 0.0000 0.0304
v -0.261708 0.106900 0.085411 0.9063 0.0000 0.0304
v -0.255618 0.106994 0.085411 0.9063 0.0000 0.0304
v 0.584144 0.166444 0.085393 0.9063 0.9063 0.9063
v 0.584528 0.127230 0.085393 0.9063 0.9063 0.9063
v 0.594277 0.147064 0.085393 0.9063 0.9063 0.9063
v 0.560713 0.119010 0.085393 0.9063 0.9063 0.9063
v 0.559948 0.174205 0.085393 0.9063 0.9063 0.9063
v 0.536811 0.126638 0.085393 0.9063 0.9063 0.9063
v 0.535980 0.165709 0.085393 0.9063 0.9063 0.9063
v 0.526384 0.146151 0.085393 0.9063 0.9063 0.9063
v 0.584144 0.166444 0.085243 0.9063 0.9063 0.9063
v 0.594277 0.147064 0.085243 0.9063 0.9063 0.9063
v 0.584528 0.127230 0.085243 0.9063 0.9063 0.9063
v 0.560713 0.119010 0.085243 0.9063 0.9063 0.9063
v 0.559948 0.174205 0.085243 0.9063 0.9063 0.9063
v 0.536811 0.126638 0.085243 0.9063 0.9063 0.9063
v 0.535980 0.165709 0.085243 0.9063 0.9063 0.9063
v 0.526384 0.146151 0.085243 0.9063 0.9063 0.9063
v 0.560017 0.173429 0.085358 0.9063 0.0000 0.0304
v 0.549079 0.165293 0.085358 0.9063 0.0000 0.0304
v 0.560255 0.146461 0.088432 0.9063 0.0000 0.0304
v 0.544995 0.146302 0.085358 0.9063 0.0000 0.0304
v 0.570825 0.165642 0.085358 0.9063 0.0000 0.0304
v 0.549829 0.127583 0.085358 0.9063 0.0000 0.0304
v 0.575665 0.146911 0.085358 0.9063 0.0000 0.0304
v 0.560647 0.119793 0.085358 0.9063 0.0000 0.0304
v 0.571432 0.127628 0.085358 0.9063 0.0000 0.0304
v 0.986136 0.091617 0.114385 0.9063 0.9063 0.9063
v 0.954177 0.033373 0.114385 0.9063 0.9063 0.9063
v 0.985028 0.054585 0.114385 0.9063 0.9063 0.9063
v 0.912179 0.040987 0.114385 0.9063 0.9063 0.9063
v 0.956835 0.123152 0.114385 0.9063 0.9063 0.9063
v 0.883201 0.072081 0.114385 0.9063 0.9063 0.9063
v 0.914384 0.130485 0.114385 0.9063 0.9063 0.9063
v 0.883986 0.109554 0.114385 0.9063 0.9063 0.9063
v 0.986136 0.091617 0.114131 0.9063 0.9063 0.9063
v 0.985028 0.054585 0.114131 0.9063 0.9063 0.9063
v 0.954177 0.033373 0.114131 0.9063 0.9063 0.9063
v 0.912179 0.040987 0.114131 0.9063 0.9063 0.9063
v 0.956835 0.123152 0.114131 0.9063 0.9063 0.9063
v 0.883201 0.072081 0.114131 0.9063 0.9063 0.9063
v 0.914384 0.130485 0.114131 0.9063 0.9063 0.9063
v 0.883986 0.109554 0.114131 0.9063 0.9063 0.9063
v 0.956293 0.121949 0.114326 0.9063 0.0000 0.0304
v 0.933386 0.119004 0.114326 0.9063 0.0000 0.0304
v 0.934274 0.081915 0.119534 0.9063 0.0000 0.0304
v 0.911602 0.094339 0.114326 0.9063 0.0000 0.0304
v 0.965799 0.101481 0.114326 0.9063 0.0000 0.0304
v 0.903215 0.062680 0.114326 0.9063 0.0000 0.0304
v 0.957410 0.069798 0.114326 0.9063 0.0000 0.0304
v 0.912732 0.042198 0.114326 0.9063 0.0000 0.0304
v 0.935161 0.044825 0.114326 0.9063 0.0000 0.0304
v 0.539876 -0.019350 0.109546 0.9063 0.9063 0.9063
v 0.600827 -0.112152 0.109546 0.9063 0.9063 0.9063
v 0.593678 -0.049993 0.109546 0.9063 0.9063 0.9063
v 0.556690 -0.168190 0.109546 0.9063 0.9063 0.9063
v 0.470370 -0.037906 0.109546 0.9063 0.9063 0.9063
v 0.488089 -0.186614 0.109546 0.9063 0.9063 0.9063
v 0.426294 -0.094832 0.109546 0.9063 0.9063 0.9063
v 0.433383 -0.156103 0.109546 0.9063 0.9063 0.9063
v 0.539876 -0.019350 0.109121 0.9063 0.9063 0.9063
v 0.593678 -0.049993 0.109121 0.9063 0.9063 0.9063
v 0.600827 -0.112152 0.109121 0.9063 0.9063 0.9063
v 0.556690 -0.168190 0.109121 0.9063 0.9063 0.9063
v 0.470370 -0.037906 0.109121 0.9063 0.9063 0.9063
v 0.488089 -0.186614 0.109121 0.9063 0.9063 0.9063
v 0.426294 -0.094832 0.109121 0.9063 0.9063 0.9063
v 0.433383 -0.156103 0.109121 0.9063 0.9063 0.9063
v 0.471722 -0.039648 0.109448 0.9063 0.0000 0.0304
v 0.458127 -0.075772 0.109448 0.9063 0.0000 0.0304
v 0.513577 -0.103513 0.118152 0.9063 0.0000 0.0304
v 0.477476 -0.127252 0.109448 0.9063 0.0000 0.0304
v 0.509383 -0.041647 0.109448 0.9063 0.0000 0.0304
v 0.517645 -0.164432 0.109448 0.9063 0.0000 0.0304
v 0.549586 -0.078849 0.109448 0.9063 0.0000 0.0304
v 0.555337 -0.166424 0.109448 0.9063 0.0000 0.0304
v 0.569026 -0.131254 0.109448 0.9063 0.0000 0.0304
v -0.076753 -0.040863 0.109260 0.9063 0.9063 0.9063
v -0.067062 -0.091697 0.109260 0.9063 0.9063 0.9063
v -0.059052 -0.063656 0.109260 0.9063 0.9063 0.9063
v -0.096064 -0.107953 0.109260 0.9063 0.9063 0.9063
v -0.109992 -0.036455 0.109260 0.9063 0.9063 0.9063
v -0.128890 -0.103648 0.109260 0.9063 0.9063 0.9063
v -0.139126 -0.053104 0.109260 0.9063 0.9063 0.9063
v -0.147003 -0.080751 0.109260 0.9063 0.9063 0.9063
v -0.076753 -0.040863 0.109062 0.9063 0.9063 0.9063
v -0.059052 -0.063656 0.109062 0.9063 0.9063 0.9063
v -0.067062 -0.091697 0.109062 0.9063 0.9063 0.9063
v -0.096064 -0.107953 0.109062 0.9063 0.9063 0.9063
v -0.109992 -0.036455 0.109062 0.9063 0.9063 0.9063
v -0.128890 -0.103648 0.109062 0.9063 0.9063 0.9063
v -0.139126 -0.053104 0.109062 0.9063 0.9063 0.9063
v -0.147003 -0.080751 0.109062 0.9063 0.9063 0.9063
v -0.109720 -0.037446 0.109215 0.9063 0.0000 0.0304
v -0.122018 -0.050575 0.109215 0.9063 0.0000 0.0304
v -0.103091 -0.072412 0.113271 0.9063 0.0000 0.0304
v -0.122871 -0.076194 0.109215 0.9063 0.0000 0.0304
v -0.093860 -0.045025 0.109215 0.9063 0.0000 0.0304
v -0.112206 -0.099369 0.109215 0.9063 0.0000 0.0304
v -0.083185 -0.068216 0.109215 0.9063 0.0000 0.0304
v -0.096332 -0.106951 0.109215 0.9063 0.0000 0.0304
v -0.084163 -0.094249 0.109215 0.9063 0.0000 0.0304
v 0.234833 -0.071167 0.115580 0.9063 0.9063 0.9063
v 0.234999 -0.131506 0.115580 0.9063 0.9063 0.9063
v 0.250213 -0.101096 0.115580 0.9063 0.9063 0.9063
v 0.198266 -0.143894 0.115580 0.9063 0.9063 0.9063
v 0.197690 -0.058962 0.115580 0.9063 0.9063 0.9063
v 0.161575 -0.131898 0.115580 0.9063 0.9063 0.9063
v 0.160721 -0.071773 0.115580 0.9063 0.9063 0.9063
v 0.145744 -0.101761 0.115580 0.9063 0.9063 0.9063
v 0.234833 -0.071167 0.115350 0.9063 0.9063 0.9063
v 0.250213 -0.101096 0.115349 0.9063 0.9063 0.9063
v 0.234999 -0.131506 0.115350 0.9063 0.9063 0.9063
v 0.198266 -0.143894 0.115350 0.9063 0.9063 0.9063
v 0.197690 -0.058962 0.115350 0.9063 0.9063 0.9063
v 0.161575 -0.131898 0.115350 0.9063 0.9063 0.9063
v 0.160721 -0.071773 0.115350 0.9063 0.9063 0.9063
v 0.145744 -0.101761 0.115350 0.9063 0.9063 0.9063
v 0.197788 -0.060157 0.115527 0.9063 0.0000 0.0304
v 0.180870 -0.072557 0.115527 0.9063 0.0000 0.0304
v 0.197861 -0.101654 0.120257 0.9063 0.0000 0.0304
v 0.174381 -0.101732 0.115527 0.9063 0.0000 0.0304
v 0.214333 -0.072255 0.115527 0.9063 0.0000 0.0304
v 0.181615 -0.130584 0.115527 0.9063 0.0000 0.0304
v 0.221575 -0.101128 0.115527 0.9063 0.0000 0.0304
v 0.198175 -0.142688 0.115527 0.9063 0.0000 0.0304
v 0.214853 -0.130751 0.115527 0.9063 0.0000 0.0304
v 0.206636 -0.189896 -0.110564 0.9063 0.9063 0.9063
v 0.173606 -0.263677 -0.110564 0.9063 0.9063 0.9063
v 0.208934 -0.234918 -0.110564 0.9063 0.9063 0.9063
v 0.121922 -0.258575 -0.110564 0.9063 0.9063 0.9063
v 0.167998 -0.154534 -0.110564 0.9063 0.9063 0.9063
v 0.083720 -0.223715 -0.110564 0.9063 0.9063 0.9063
v 0.115792 -0.149816 -0.110564 0.9063 0.9063 0.9063
v 0.080985 -0.178191 -0.110564 0.9063 0.9063 0.9063
v 0.206636 -0.189896 -0.110254 0.9063 0.9063 0.9063
v 0.208934 -0.234918 -0.110254 0.9063 0.9063 0.9063
v 0.173606 -0.263677 -0.110254 0.9063 0.9063 0.9063
v 0.121922 -0.258575 -0.110254 0.9063 0.9063 0.9063
v 0.167998 -0.154534 -0.110254 0.9063 0.9063 0.9063
v 0.083720 -0.223715 -0.110254 0.9063 0.9063 0.9063
v 0.115792 -0.149816 -0.110254 0.9063 0.9063 0.9063
v 0.080985 -0.178191 -0.110254 0.9063 0.9063 0.9063
v 0.167459 -0.156046 -0.110492 0.9063 0.0000 0.0304
v 0.139968 -0.161871 -0.110492 0.9063 0.0000 0.0304
v 0.144693 -0.206765 -0.116829 0.9063 0.0000 0.0304
v 0.115974 -0.193927 -0.110492 0.9063 0.0000 0.0304
v 0.181001 -0.179933 -0.110492 0.9063 0.0000 0.0304
v 0.108917 -0.233148 -0.110492 0.9063 0.0000 0.0304
v 0.173943 -0.219184 -0.110492 0.9063 0.0000 0.0304
v 0.122474 -0.257052 -0.110492 0.9063 0.0000 0.0304
v 0.149418 -0.251659 -0.110492 0.9063 0.0000 0.0304
v 0.036758 -0.170994 -0.112827 0.9063 0.9063 0.9063
v 0.055497 -0.214267 -0.112827 0.9063 0.9063 0.9063
v 0.057036 -0.187737 -0.112827 0.9063 0.9063 0.9063
v 0.032945 -0.234498 -0.112827 0.9063 0.9063 0.9063
v 0.006323 -0.173692 -0.112827 0.9063 0.9063 0.9063
v 0.002897 -0.237207 -0.112827 0.9063 0.9063 0.9063
v -0.016270 -0.194299 -0.112827 0.9063 0.9063 0.9063
v -0.017769 -0.220453 -0.112827 0.9063 0.9063 0.9063
v 0.036758 -0.170994 -0.112647 0.9063 0.9063 0.9063
v 0.057036 -0.187737 -0.112647 0.9063 0.9063 0.9063
v 0.055497 -0.214267 -0.112647 0.9063 0.9063 0.9063
v 0.032945 -0.234498 -0.112647 0.9063 0.9063 0.9063
v 0.006323 -0.173692 -0.112647 0.9063 0.9063 0.9063
v 0.002897 -0.237207 -0.112647 0.9063 0.9063 0.9063
v -0.016270 -0.194299 -0.112647 0.9063 0.9063 0.9063
v -0.017769 -0.220453 -0.112647 0.9063 0.9063 0.9063
v 0.006761 -0.174520 -0.112786 0.9063 0.0000 0.0304
v -0.001560 -0.188644 -0.112786 0.9063 0.0000 0.0304
v 0.019619 -0.204293 -0.116482 0.9063 0.0000 0.0304
v 0.002784 -0.211595 -0.112786 0.9063 0.0000 0.0304
v 0.022374 -0.178101 -0.112786 0.9063 0.0000 0.0304
v 0.016881 -0.230079 -0.112786 0.9063 0.0000 0.0304
v 0.036484 -0.196598 -0.112786 0.9063 0.0000 0.0304
v 0.032507 -0.233660 -0.112786 0.9063 0.0000 0.0304
v 0.040799 -0.219942 -0.112786 0.9063 0.0000 0.0304
v 0.217479 0.045387 -0.103251 0.9063 0.9063 0.9063
v 0.208137 0.004752 -0.103251 0.9063 0.9063 0.9063
v 0.223140 0.022835 -0.103251 0.9063 0.9063 0.9063
v 0.181474 0.002170 -0.103251 0.9063 0.9063 0.9063
v 0.194394 0.059421 -0.103251 0.9063 0.9063 0.9063
v 0.158660 0.015993 -0.103251 0.9063 0.9063 0.9063
v 0.167506 0.056592 -0.103251 0.9063 0.9063 0.9063
v 0.152728 0.038756 -0.103251 0.9063 0.9063 0.9063
v 0.217479 0.045387 -0.103092 0.9063 0.9063 0.9063
v 0.223140 0.022835 -0.103092 0.9063 0.9063 0.9063
v 0.208137 0.004752 -0.103092 0.9063 0.9063 0.9063
v 0.181474 0.002170 -0.103092 0.9063 0.9063 0.9063
v 0.194394 0.059421 -0.103092 0.9063 0.9063 0.9063
v 0.158660 0.015993 -0.103092 0.9063 0.9063 0.9063
v 0.167506 0.056592 -0.103092 0.9063 0.9063 0.9063
v 0.152728 0.038756 -0.103092 0.9063 0.9063 0.9063
v 0.194273 0.058602 -0.103214 0.9063 0.0000 0.0304
v 0.180944 0.052907 -0.103214 0.9063 0.0000 0.0304
v 0.187820 0.030662 -0.106483 0.9063 0.0000 0.0304
v 0.172005 0.034289 -0.103214 0.9063 0.0000 0.0304
v 0.203512 0.047867 -0.103214 0.9063 0.0000 0.0304
v 0.172353 0.013737 -0.103214 0.9063 0.0000 0.0304
v 0.203862 0.027301 -0.103214 0.9063 0.0000 0.0304
v 0.181602 0.002996 -0.103214 0.9063 0.0000 0.0304
v 0.194696 0.008417 -0.103214 0.9063 0.0000 0.0304
v 1.220374 0.055505 -0.127762 0.9063 0.9063 0.9063
v 1.193265 -0.002614 -0.127762 0.9063 0.9063 0.9063
v 1.221643 0.019764 -0.127762 0.9063 0.9063 0.9063
v 1.152331 0.002069 -0.127762 0.9063 0.9063 0.9063
v 1.190159 0.084030 -0.127762 0.9063 0.9063 0.9063
v 1.122457 0.030191 -0.127762 0.9063 0.9063 0.9063
v 1.148806 0.088414 -0.127762 0.9063 0.9063 0.9063
v 1.120847 0.066335 -0.127762 0.9063 0.9063 0.9063
v 1.220374 0.055505 -0.127517 0.9063 0.9063 0.9063
v 1.221643 0.019764 -0.127517 0.9063 0.9063 0.9063
v 1.193265 -0.002614 -0.127517 0.9063 0.9063 0.9063
v 1.152331 0.002069 -0.127517 0.9063 0.9063 0.9063
v 1.190159 0.084030 -0.127517 0.9063 0.9063 0.9063
v 1.122457 0.030191 -0.127517 0.9063 0.9063 0.9063
v 1.148806 0.088414 -0.127517 0.9063 0.9063 0.9063
v 1.120847 0.066335 -0.127517 0.9063 0.9063 0.9063
v 1.189714 0.082837 -0.127706 0.9063 0.0000 0.0304
v 1.167835 0.078555 -0.127706 0.9063 0.0000 0.0304
v 1.171031 0.042886 -0.132733 0.9063 0.0000 0.0304
v 1.148408 0.053422 -0.127706 0.9063 0.0000 0.0304
v 1.200161 0.063723 -0.127706 0.9063 0.0000 0.0304
v 1.142328 0.022398 -0.127706 0.9063 0.0000 0.0304
v 1.194080 0.032675 -0.127706 0.9063 0.0000 0.0304
v 1.152788 0.003270 -0.127706 0.9063 0.0000 0.0304
v 1.174227 0.007217 -0.127706 0.9063 0.0000 0.0304
v 1.197144 -0.025915 -0.127799 0.9063 0.9063 0.9063
v 1.222819 -0.058327 -0.127799 0.9063 0.9063 0.9063
v 1.218114 -0.035505 -0.127799 0.9063 0.9063 0.9063
v 1.208297 -0.080571 -0.127799 0.9063 0.9063 0.9063
v 1.171974 -0.035094 -0.127799 0.9063 0.9063 0.9063
v 1.183458 -0.089672 -0.127799 0.9063 0.9063 0.9063
v 1.157504 -0.057667 -0.127799 0.9063 0.9063 0.9063
v 1.162157 -0.080161 -0.127799 0.9063 0.9063 0.9063
v 1.197144 -0.025915 -0.127641 0.9063 0.9063 0.9063
v 1.218114 -0.035505 -0.127641 0.9063 0.9063 0.9063
v 1.222819 -0.058327 -0.127641 0.9063 0.9063 0.9063
v 1.208297 -0.080571 -0.127641 0.9063 0.9063 0.9063
v 1.171974 -0.035094 -0.127641 0.9063 0.9063 0.9063
v 1.183458 -0.089672 -0.127641 0.9063 0.9063 0.9063
v 1.157504 -0.057667 -0.127641 0.9063 0.9063 0.9063
v 1.162157 -0.080161 -0.127641 0.9063 0.9063 0.9063
v 1.172533 -0.035696 -0.127762 0.9063 0.0000 0.0304
v 1.168683 -0.049545 -0.127762 0.9063 0.0000 0.0304
v 1.190168 -0.058004 -0.131004 0.9063 0.0000 0.0304
v 1.177561 -0.068002 -0.127762 0.9063 0.0000 0.0304
v 1.186569 -0.035193 -0.127762 0.9063 0.0000 0.0304
v 1.193689 -0.080467 -0.127762 0.9063 0.0000 0.0304
v 1.202711 -0.047665 -0.127762 0.9063 0.0000 0.0304
v 1.207737 -0.079961 -0.127762 0.9063 0.0000 0.0304
v 1.211653 -0.066463 -0.127762 0.9063 0.0000 0.0304
v 1.167170 -0.142431 -0.127785 0.9063 0.9063 0.9063
v 1.159691 -0.191639 -0.127785 0.9063 0.9063 0.9063
v 1.175931 -0.168769 -0.127785 0.9063 0.9063 0.9063
v 1.128184 -0.197103 -0.127785 0.9063 0.9063 0.9063
v 1.138432 -0.127795 -0.127785 0.9063 0.9063 0.9063
v 1.099788 -0.182694 -0.127785 0.9063 0.9063 0.9063
v 1.106678 -0.133573 -0.127785 0.9063 0.9063 0.9063
v 1.090685 -0.156129 -0.127785 0.9063 0.9063 0.9063
v 1.167170 -0.142431 -0.127595 0.9063 0.9063 0.9063
v 1.175931 -0.168769 -0.127595 0.9063 0.9063 0.9063
v 1.159691 -0.191639 -0.127595 0.9063 0.9063 0.9063
v 1.128184 -0.197103 -0.127595 0.9063 0.9063 0.9063
v 1.138432 -0.127795 -0.127595 0.9063 0.9063 0.9063
v 1.099788 -0.182694 -0.127595 0.9063 0.9063 0.9063
v 1.106678 -0.133573 -0.127595 0.9063 0.9063 0.9063
v 1.090685 -0.156129 -0.127595 0.9063 0.9063 0.9063
v 1.138360 -0.128781 -0.127741 0.9063 0.0000 0.0304
v 1.123004 -0.136754 -0.127741 0.9063 0.0000 0.0304
v 1.133184 -0.162618 -0.131643 0.9063 0.0000 0.0304
v 1.114033 -0.159719 -0.127741 0.9063 0.0000 0.0304
v 1.150321 -0.140731 -0.127741 0.9063 0.0000 0.0304
v 1.116289 -0.184152 -0.127741 0.9063 0.0000 0.0304
v 1.152581 -0.165181 -0.127741 0.9063 0.0000 0.0304
v 1.128262 -0.196108 -0.127741 0.9063 0.0000 0.0304
v 1.143364 -0.188482 -0.127741 0.9063 0.0000 0.0304
v 0.802192 -0.044832 -0.110607 0.9063 0.9063 0.9063
v 0.777175 -0.091975 -0.110607 0.9063 0.9063 0.9063
v 0.801718 -0.074591 -0.110607 0.9063 0.9063 0.9063
v 0.743354 -0.086331 -0.110608 0.9063 0.9063 0.9063
v 0.778302 -0.019830 -0.110607 0.9063 0.9063 0.9063
v 0.719729 -0.061680 -0.110608 0.9063 0.9063 0.9063
v 0.744121 -0.014417 -0.110608 0.9063 0.9063 0.9063
v 0.719938 -0.031571 -0.110608 0.9063 0.9063 0.9063
v 0.802192 -0.044832 -0.110403 0.9063 0.9063 0.9063
v 0.801718 -0.074591 -0.110403 0.9063 0.9063 0.9063
v 0.777175 -0.091975 -0.110403 0.9063 0.9063 0.9063
v 0.743354 -0.086331 -0.110403 0.9063 0.9063 0.9063
v 0.778302 -0.019830 -0.110403 0.9063 0.9063 0.9063
v 0.719729 -0.061680 -0.110403 0.9063 0.9063 0.9063
v 0.744121 -0.014417 -0.110403 0.9063 0.9063 0.9063
v 0.719938 -0.031571 -0.110403 0.9063 0.9063 0.9063
v 0.777880 -0.020803 -0.110560 0.9063 0.0000 0.0304
v 0.759513 -0.023426 -0.110560 0.9063 0.0000 0.0304
v 0.760643 -0.053208 -0.114744 0.9063 0.0000 0.0304
v 0.742292 -0.043483 -0.110560 0.9063 0.0000 0.0304
v 0.785745 -0.037137 -0.110560 0.9063 0.0000 0.0304
v 0.735910 -0.069007 -0.110560 0.9063 0.0000 0.0304
v 0.779362 -0.062680 -0.110560 0.9063 0.0000 0.0304
v 0.743786 -0.085352 -0.110560 0.9063 0.0000 0.0304
v 0.761772 -0.082990 -0.110560 0.9063 0.0000 0.0304
v 0.588001 -0.453558 -0.099893 0.9063 0.9063 0.9063
v 0.576585 -0.537501 -0.099893 0.9063 0.9063 0.9063
v 0.603612 -0.498147 -0.099893 0.9063 0.9063 0.9063
v 0.523110 -0.547639 -0.099893 0.9063 0.9063 0.9063
v 0.538704 -0.429415 -0.099893 0.9063 0.9063 0.9063
v 0.474400 -0.523873 -0.099893 0.9063 0.9063 0.9063
v 0.484818 -0.440094 -0.099893 0.9063 0.9063 0.9063
v 0.458202 -0.478906 -0.099893 0.9063 0.9063 0.9063
v 0.588001 -0.453558 -0.099569 0.9063 0.9063 0.9063
v 0.603612 -0.498147 -0.099569 0.9063 0.9063 0.9063
v 0.576585 -0.537501 -0.099569 0.9063 0.9063 0.9063
v 0.523110 -0.547639 -0.099569 0.9063 0.9063 0.9063
v 0.538704 -0.429415 -0.099569 0.9063 0.9063 0.9063
v 0.474400 -0.523873 -0.099569 0.9063 0.9063 0.9063
v 0.484818 -0.440094 -0.099569 0.9063 0.9063 0.9063
v 0.458202 -0.478906 -0.099569 0.9063 0.9063 0.9063
v 0.538609 -0.431095 -0.099818 0.9063 0.0000 0.0304
v 0.512687 -0.445073 -0.099818 0.9063 0.0000 0.0304
v 0.530701 -0.488818 -0.106459 0.9063 0.0000 0.0304
v 0.498031 -0.484393 -0.099818 0.9063 0.0000 0.0304
v 0.559282 -0.451113 -0.099818 0.9063 0.0000 0.0304
v 0.502522 -0.525914 -0.099818 0.9063 0.0000 0.0304
v 0.563780 -0.492664 -0.099818 0.9063 0.0000 0.0304
v 0.523215 -0.545944 -0.099818 0.9063 0.0000 0.0304
v 0.548714 -0.532562 -0.099818 0.9063 0.0000 0.0304
v 0.422084 0.090387 -0.117035 0.9063 0.9063 0.9063
v 0.447261 0.048240 -0.117035 0.9063 0.9063 0.9063
v 0.445275 0.075835 -0.117035 0.9063 0.9063 0.9063
v 0.426707 0.024316 -0.117035 0.9063 0.9063 0.9063
v 0.391028 0.083499 -0.117035 0.9063 0.9063 0.9063
v 0.396053 0.017469 -0.117035 0.9063 0.9063 0.9063
v 0.370484 0.059180 -0.117035 0.9063 0.9063 0.9063
v 0.372460 0.031979 -0.117035 0.9063 0.9063 0.9063
v 0.422084 0.090387 -0.116847 0.9063 0.9063 0.9063
v 0.445275 0.075835 -0.116847 0.9063 0.9063 0.9063
v 0.447261 0.048240 -0.116847 0.9063 0.9063 0.9063
v 0.426707 0.024316 -0.116847 0.9063 0.9063 0.9063
v 0.391028 0.083499 -0.116847 0.9063 0.9063 0.9063
v 0.396053 0.017469 -0.116847 0.9063 0.9063 0.9063
v 0.370484 0.059180 -0.116847 0.9063 0.9063 0.9063
v 0.372460 0.031979 -0.116847 0.9063 0.9063 0.9063
v 0.391593 0.082703 -0.116992 0.9063 0.0000 0.0304
v 0.384906 0.067001 -0.116992 0.9063 0.0000 0.0304
v 0.408879 0.053701 -0.120840 0.9063 0.0000 0.0304
v 0.392484 0.043894 -0.116992 0.9063 0.0000 0.0304
v 0.408193 0.081111 -0.116992 0.9063 0.0000 0.0304
v 0.409529 0.026712 -0.116992 0.9063 0.0000 0.0304
v 0.425252 0.063918 -0.116992 0.9063 0.0000 0.0304
v 0.426142 0.025121 -0.116992 0.9063 0.0000 0.0304
v 0.432853 0.040401 -0.116992 0.9063 0.0000 0.0304
v -0.253033 -0.013452 -0.122806 0.9063 0.9063 0.9063
v -0.237573 -0.039331 -0.122805 0.9063 0.9063 0.9063
v -0.238793 -0.022387 -0.122805 0.9063 0.9063 0.9063
v -0.250194 -0.054021 -0.122805 0.9063 0.9063 0.9063
v -0.272102 -0.017682 -0.122805 0.9063 0.9063 0.9063
v -0.269016 -0.058225 -0.122805 0.9063 0.9063 0.9063
v -0.284717 -0.032613 -0.122805 0.9063 0.9063 0.9063
v -0.283503 -0.049316 -0.122805 0.9063 0.9063 0.9063
v -0.253033 -0.013452 -0.122690 0.9063 0.9063 0.9063
v -0.238793 -0.022387 -0.122690 0.9063 0.9063 0.9063
v -0.237573 -0.039331 -0.122690 0.9063 0.9063 0.9063
v -0.250194 -0.054021 -0.122690 0.9063 0.9063 0.9063
v -0.272102 -0.017682 -0.122690 0.9063 0.9063 0.9063
v -0.269016 -0.058225 -0.122690 0.9063 0.9063 0.9063
v -0.284717 -0.032613 -0.122690 0.9063 0.9063 0.9063
v -0.283503 -0.049316 -0.122690 0.9063 0.9063 0.9063
v -0.271755 -0.018170 -0.122779 0.9063 0.0000 0.0304
v -0.275861 -0.027811 -0.122779 0.9063 0.0000 0.0304
v -0.261141 -0.035978 -0.125142 0.9063 0.0000 0.0304
v -0.271208 -0.042000 -0.122779 0.9063 0.0000 0.0304
v -0.261562 -0.019148 -0.122779 0.9063 0.0000 0.0304
v -0.260742 -0.052550 -0.122779 0.9063 0.0000 0.0304
v -0.251087 -0.029704 -0.122779 0.9063 0.0000 0.0304
v -0.250541 -0.053527 -0.122779 0.9063 0.0000 0.0304
v -0.246420 -0.044145 -0.122779 0.9063 0.0000 0.0304
v -0.695184 0.040914 -0.123133 0.9063 0.9063 0.9063
v -0.681470 0.015294 -0.123133 0.9063 0.9063 0.9063
v -0.681877 0.031665 -0.123133 0.9063 0.9063 0.9063
v -0.694289 0.001721 -0.123133 0.9063 0.9063 0.9063
v -0.713737 0.037706 -0.123133 0.9063 0.9063 0.9063
v -0.712603 -0.001475 -0.123133 0.9063 0.9063 0.9063
v -0.726561 0.023899 -0.123133 0.9063 0.9063 0.9063
v -0.726149 0.007761 -0.123133 0.9063 0.9063 0.9063
v -0.695184 0.040914 -0.123022 0.9063 0.9063 0.9063
v -0.681877 0.031665 -0.123022 0.9063 0.9063 0.9063
v -0.681470 0.015294 -0.123022 0.9063 0.9063 0.9063
v -0.694289 0.001721 -0.123022 0.9063 0.9063 0.9063
v -0.713737 0.037706 -0.123022 0.9063 0.9063 0.9063
v -0.712603 -0.001475 -0.123022 0.9063 0.9063 0.9063
v -0.726561 0.023899 -0.123022 0.9063 0.9063 0.9063
v -0.726149 0.007761 -0.123022 0.9063 0.9063 0.9063
v -0.713426 0.037220 -0.123107 0.9063 0.0000 0.0304
v -0.717816 0.028122 -0.123107 0.9063 0.0000 0.0304
v -0.704012 0.019591 -0.125385 0.9063 0.0000 0.0304
v -0.713979 0.014249 -0.123107 0.9063 0.0000 0.0304
v -0.703655 0.035816 -0.123107 0.9063 0.0000 0.0304
v -0.704379 0.003615 -0.123107 0.9063 0.0000 0.0304
v -0.694047 0.025176 -0.123107 0.9063 0.0000 0.0304
v -0.694600 0.002213 -0.123107 0.9063 0.0000 0.0304
v -0.690207 0.011060 -0.123107 0.9063 0.0000 0.0304
v -0.551940 0.036885 -0.123113 0.9063 0.9063 0.9063
v -0.561282 -0.003750 -0.123113 0.9063 0.9063 0.9063
v -0.546279 0.014333 -0.123113 0.9063 0.9063 0.9063
v -0.587945 -0.006332 -0.123113 0.9063 0.9063 0.9063
v -0.575025 0.050918 -0.123113 0.9063 0.9063 0.9063
v -0.610759 0.007491 -0.123113 0.9063 0.9063 0.9063
v -0.601913 0.048089 -0.123113 0.9063 0.9063 0.9063
v -0.616691 0.030254 -0.123113 0.9063 0.9063 0.9063
v -0.551940 0.036885 -0.122953 0.9063 0.9063 0.9063
v -0.546279 0.014333 -0.122953 0.9063 0.9063 0.9063
v -0.561282 -0.003750 -0.122953 0.9063 0.9063 0.9063
v -0.587945 -0.006332 -0.122953 0.9063 0.9063 0.9063
v -0.575025 0.050918 -0.122953 0.9063 0.9063 0.9063
v -0.610759 0.007491 -0.122953 0.9063 0.9063 0.9063
v -0.601913 0.048089 -0.122953 0.9063 0.9063 0.9063
v -0.616691 0.030254 -0.122953 0.9063 0.9063 0.9063
v -0.575146 0.050099 -0.123076 0.9063 0.0000 0.0304
v -0.588475 0.044405 -0.123076 0.9063 0.0000 0.0304
v -0.581599 0.022160 -0.126345 0.9063 0.0000 0.0304
v -0.597414 0.025786 -0.123076 0.9063 0.0000 0.0304
v -0.565907 0.039365 -0.123076 0.9063 0.0000 0.0304
v -0.597066 0.005235 -0.123076 0.9063 0.0000 0.0304
v -0.565557 0.018798 -0.123076 0.9063 0.0000 0.0304
v -0.587818 -0.005506 -0.123076 0.9063 0.0000 0.0304
v -0.574723 -0.000085 -0.123076 0.9063 0.0000 0.0304
v -0.746455 0.126773 -0.087175 0.9063 0.9063 0.9063
v -0.737420 0.109893 -0.087175 0.9063 0.9063 0.9063
v -0.737688 0.120680 -0.087175 0.9063 0.9063 0.9063
v -0.745865 0.100951 -0.087175 0.9063 0.9063 0.9063
v -0.758679 0.124660 -0.087175 0.9063 0.9063 0.9063
v -0.757932 0.098845 -0.087175 0.9063 0.9063 0.9063
v -0.767128 0.115563 -0.087175 0.9063 0.9063 0.9063
v -0.766857 0.104930 -0.087175 0.9063 0.9063 0.9063
v -0.746455 0.126773 -0.087102 0.9063 0.9063 0.9063
v -0.737688 0.120680 -0.087102 0.9063 0.9063 0.9063
v -0.737420 0.109893 -0.087102 0.9063 0.9063 0.9063
v -0.745865 0.100951 -0.087102 0.9063 0.9063 0.9063
v -0.758679 0.124660 -0.087102 0.9063 0.9063 0.9063
v -0.757932 0.098845 -0.087102 0.9063 0.9063 0.9063
v -0.767128 0.115563 -0.087102 0.9063 0.9063 0.9063
v -0.766857 0.104930 -0.087102 0.9063 0.9063 0.9063
v -0.758474 0.124340 -0.087158 0.9063 0.0000 0.0304
v -0.761367 0.118345 -0.087158 0.9063 0.0000 0.0304
v -0.752271 0.112724 -0.088659 0.9063 0.0000 0.0304
v -0.758838 0.109205 -0.087158 0.9063 0.0000 0.0304
v -0.752036 0.123415 -0.087158 0.9063 0.0000 0.0304
v -0.752513 0.102199 -0.087158 0.9063 0.0000 0.0304
v -0.745706 0.116404 -0.087158 0.9063 0.0000 0.0304
v -0.746070 0.101275 -0.087158 0.9063 0.0000 0.0304
v -0.743176 0.107104 -0.087158 0.9063 0.0000 0.0304
v -0.495810 0.108954 -0.087171 0.9063 0.9063 0.9063
v -0.508260 0.090880 -0.087171 0.9063 0.9063 0.9063
v -0.497411 0.096821 -0.087171 0.9063 0.9063 0.9063
v -0.521808 0.094786 -0.087171 0.9063 0.9063 0.9063
v -0.504386 0.120297 -0.087171 0.9063 0.9063 0.9063
v -0.530292 0.105974 -0.087171 0.9063 0.9063 0.9063
v -0.518093 0.124126 -0.087171 0.9063 0.9063 0.9063
v -0.528782 0.118263 -0.087171 0.9063 0.9063 0.9063
v -0.495810 0.108954 -0.087087 0.9063 0.9063 0.9063
v -0.497411 0.096821 -0.087087 0.9063 0.9063 0.9063
v -0.508260 0.090880 -0.087087 0.9063 0.9063 0.9063
v -0.521808 0.094786 -0.087087 0.9063 0.9063 0.9063
v -0.504386 0.120297 -0.087087 0.9063 0.9063 0.9063
v -0.530292 0.105974 -0.087087 0.9063 0.9063 0.9063
v -0.518093 0.124126 -0.087087 0.9063 0.9063 0.9063
v -0.528782 0.118263 -0.087087 0.9063 0.9063 0.9063
v -0.504604 0.119920 -0.087152 0.9063 0.0000 0.0304
v -0.512231 0.119718 -0.087152 0.9063 0.0000 0.0304
v -0.513179 0.107499 -0.088872 0.9063 0.0000 0.0304
v -0.520215 0.112340 -0.087152 0.9063 0.0000 0.0304
v -0.502164 0.112876 -0.087152 0.9063 0.0000 0.0304
v -0.524029 0.102215 -0.087152 0.9063 0.0000 0.0304
v -0.505980 0.102743 -0.087152 0.9063 0.0000 0.0304
v -0.521585 0.095165 -0.087152 0.9063 0.0000 0.0304
v -0.514126 0.095279 -0.087152 0.9063 0.0000 0.0304
v -0.240530 0.117906 -0.087177 0.9063 0.9063 0.9063
v -0.250695 0.103149 -0.087177 0.9063 0.9063 0.9063
v -0.241838 0.107999 -0.087177 0.9063 0.9063 0.9063
v -0.261756 0.106338 -0.087177 0.9063 0.9063 0.9063
v -0.247532 0.127167 -0.087177 0.9063 0.9063 0.9063
v -0.268683 0.115472 -0.087177 0.9063 0.9063 0.9063
v -0.258723 0.130292 -0.087177 0.9063 0.9063 0.9063
v -0.267450 0.125506 -0.087177 0.9063 0.9063 0.9063
v -0.240530 0.117906 -0.087109 0.9063 0.9063 0.9063
v -0.241838 0.107999 -0.087109 0.9063 0.9063 0.9063
v -0.250695 0.103149 -0.087109 0.9063 0.9063 0.9063
v -0.261756 0.106338 -0.087109 0.9063 0.9063 0.9063
v -0.247532 0.127167 -0.087109 0.9063 0.9063 0.9063
v -0.268683 0.115472 -0.087109 0.9063 0.9063 0.9063
v -0.258723 0.130292 -0.087109 0.9063 0.9063 0.9063
v -0.267450 0.125506 -0.087109 0.9063 0.9063 0.9063
v -0.247710 0.126859 -0.087162 0.9063 0.0000 0.0304
v -0.253937 0.126693 -0.087162 0.9063 0.0000 0.0304
v -0.254710 0.116717 -0.088566 0.9063 0.0000 0.0304
v -0.260455 0.120670 -0.087162 0.9063 0.0000 0.0304
v -0.245718 0.121107 -0.087162 0.9063 0.0000 0.0304
v -0.263569 0.112403 -0.087162 0.9063 0.0000 0.0304
v -0.248833 0.112835 -0.087162 0.9063 0.0000 0.0304
v -0.261574 0.106648 -0.087162 0.9063 0.0000 0.0304
v -0.255484 0.106741 -0.087162 0.9063 0.0000 0.0304
v 0.584278 0.166191 -0.087143 0.9063 0.9063 0.9063
v 0.584663 0.126977 -0.087143 0.9063 0.9063 0.9063
v 0.594410 0.146811 -0.087143 0.9063 0.9063 0.9063
v 0.560847 0.118757 -0.087143 0.9063 0.9063 0.9063
v 0.560083 0.173952 -0.087143 0.9063 0.9063 0.9063
v 0.536945 0.126385 -0.087143 0.9063 0.9063 0.9063
v 0.536114 0.165457 -0.087143 0.9063 0.9063 0.9063
v 0.526519 0.145899 -0.087143 0.9063 0.9063 0.9063
v 0.584278 0.166191 -0.086993 0.9063 0.9063 0.9063
v 0.594410 0.146811 -0.086993 0.9063 0.9063 0.9063
v 0.584663 0.126977 -0.086993 0.9063 0.9063 0.9063
v 0.560847 0.118757 -0.086993 0.9063 0.9063 0.9063
v 0.560083 0.173952 -0.086993 0.9063 0.9063 0.9063
v 0.536945 0.126385 -0.086993 0.9063 0.9063 0.9063
v 0.536114 0.165457 -0.086993 0.9063 0.9063 0.9063
v 0.526519 0.145899 -0.086993 0.9063 0.9063 0.9063
v 0.560151 0.173177 -0.087109 0.9063 0.0000 0.0304
v 0.549213 0.165040 -0.087109 0.9063 0.0000 0.0304
v 0.560389 0.146208 -0.090183 0.9063 0.0000 0.0304
v 0.545129 0.146049 -0.087109 0.9063 0.0000 0.0304
v 0.570959 0.165390 -0.087109 0.9063 0.0000 0.0304
v 0.549963 0.127331 -0.087109 0.9063 0.0000 0.0304
v 0.575799 0.146659 -0.087109 0.9063 0.0000 0.0304
v 0.560782 0.119540 -0.087109 0.9063 0.0000 0.0304
v 0.571566 0.127375 -0.087109 0.9063 0.0000 0.0304
v 0.986271 0.091364 -0.116136 0.9063 0.9063 0.9063
v 0.954311 0.033121 -0.116136 0.9063 0.9063 0.9063
v 0.985162 0.054332 -0.116136 0.9063 0.9063 0.9063
v 0.912313 0.040735 -0.116136 0.9063 0.9063 0.9063
v 0.956969 0.122899 -0.116136 0.9063 0.9063 0.9063
v 0.883335 0.071829 -0.116136 0.9063 0.9063 0.9063
v 0.914518 0.130232 -0.116136 0.9063 0.9063 0.9063
v 0.884120 0.109302 -0.116136 0.9063 0.9063 0.9063
v 0.986271 0.091364 -0.115882 0.9063 0.9063 0.9063
v 0.985162 0.054332 -0.115882 0.9063 0.9063 0.9063
v 0.954311 0.033121 -0.115882 0.9063 0.9063 0.9063
v 0.912313 0.040735 -0.115882 0.9063 0.9063 0.9063
v 0.956969 0.122899 -0.115882 0.9063 0.9063 0.9063
v 0.883335 0.071829 -0.115882 0.9063 0.9063 0.9063
v 0.914518 0.130232 -0.115882 0.9063 0.9063 0.9063
v 0.884120 0.109302 -0.115882 0.9063 0.9063 0.9063
v 0.956427 0.121696 -0.116077 0.9063 0.0000 0.0304
v 0.933520 0.118751 -0.116077 0.9063 0.0000 0.0304
v 0.934408 0.081662 -0.121285 0.9063 0.0000 0.0304
v 0.911736 0.094086 -0.116077 0.9063 0.0000 0.0304
v 0.965933 0.101229 -0.116077 0.9063 0.0000 0.0304
v 0.903349 0.062427 -0.116077 0.9063 0.0000 0.0304
v 0.957543 0.069546 -0.116077 0.9063 0.0000 0.0304
v 0.912866 0.041945 -0.116077 0.9063 0.0000 0.0304
v 0.935296 0.044573 -0.116077 0.9063 0.0000 0.0304
v 0.540010 -0.019602 -0.111297 0.9063 0.9063 0.9063
v 0.600961 -0.112405 -0.111297 0.9063 0.9063 0.9063
v 0.593812 -0.050246 -0.111297 0.9063 0.9063 0.9063
v 0.556824 -0.168442 -0.111297 0.9063 0.9063 0.9063
v 0.470504 -0.038159 -0.111297 0.9063 0.9063 0.9063
v 0.488223 -0.186866 -0.111297 0.9063 0.9063 0.9063
v 0.426428 -0.095085 -0.111297 0.9063 0.9063 0.9063
v 0.433517 -0.156355 -0.111297 0.9063 0.9063 0.9063
v 0.540010 -0.019602 -0.110872 0.9063 0.9063 0.9063
v 0.593812 -0.050246 -0.110872 0.9063 0.9063 0.9063
v 0.600961 -0.112405 -0.110872 0.9063 0.9063 0.9063
v 0.556824 -0.168442 -0.110872 0.9063 0.9063 0.9063
v 0.470504 -0.038159 -0.110872 0.9063 0.9063 0.9063
v 0.488223 -0.186866 -0.110872 0.9063 0.9063 0.9063
v 0.426428 -0.095085 -0.110872 0.9063 0.9063 0.9063
v 0.433517 -0.156355 -0.110872 0.9063 0.9063 0.9063
v 0.471856 -0.039901 -0.111199 0.9063 0.0000 0.0304
v 0.458261 -0.076025 -0.111199 0.9063 0.0000 0.0304
v 0.513711 -0.103765 -0.119903 0.9063 0.0000 0.0304
v 0.477610 -0.127505 -0.111199 0.9063 0.0000 0.0304
v 0.509518 -0.041900 -0.111199 0.9063 0.0000 0.0304
v 0.517779 -0.164684 -0.111199 0.9063 0.0000 0.0304
v 0.549720 -0.079102 -0.111199 0.9063 0.0000 0.0304
v 0.555471 -0.166676 -0.111199 0.9063 0.0000 0.0304
v 0.569160 -0.131507 -0.111199 0.9063 0.0000 0.0304
v -0.076618 -0.041116 -0.111011 0.9063 0.9063 0.9063
v -0.066928 -0.091949 -0.111011 0.9063 0.9063 0.9063
v -0.058918 -0.063908 -0.111011 0.9063 0.9063 0.9063
v -0.095929 -0.108205 -0.111011 0.9063 0.9063 0.9063
v -0.109857 -0.036707 -0.111011 0.9063 0.9063 0.9063
v -0.128756 -0.103901 -0.111011 0.9063 0.9063 0.9063
v -0.138992 -0.053357 -0.111011 0.9063 0.9063 0.9063
v -0.146869 -0.081004 -0.111011 0.9063 0.9063 0.9063
v -0.076618 -0.041116 -0.110813 0.9063 0.9063 0.9063
v -0.058918 -0.063908 -0.110813 0.9063 0.9063 0.9063
v -0.066928 -0.091949 -0.110813 0.9063 0.9063 0.9063
v -0.095929 -0.108205 -0.110813 0.9063 0.9063 0.9063
v -0.109857 -0.036707 -0.110813 0.9063 0.9063 0.9063
v -0.128756 -0.103901 -0.110813 0.9063 0.9063 0.9063
v -0.138992 -0.053357 -0.110813 0.9063 0.9063 0.9063
v -0.146869 -0.081004 -0.110813 0.9063 0.9063 0.9063
v -0.109586 -0.037698 -0.110965 0.9063 0.0000 0.0304
v -0.121884 -0.050828 -0.110965 0.9063 0.0000 0.0304
v -0.102956 -0.072665 -0.115022 0.9063 0.0000 0.0304
v -0.122736 -0.076447 -0.110965 0.9063 0.0000 0.0304
v -0.093726 -0.045277 -0.110965 0.9063 0.0000 0.0304
v -0.112072 -0.099622 -0.110965 0.9063 0.0000 0.0304
v -0.083051 -0.068468 -0.110965 0.9063 0.0000 0.0304
v -0.096197 -0.107204 -0.110965 0.9063 0.0000 0.0304
v -0.084029 -0.094502 -0.110965 0.9063 0.0000 0.0304
v 0.234967 -0.071420 -0.117331 0.9063 0.9063 0.9063
v 0.235133 -0.131758 -0.117331 0.9063 0.9063 0.9063
v 0.250347 -0.101348 -0.117331 0.9063 0.9063 0.9063
v 0.198400 -0.144147 -0.117331 0.9063 0.9063 0.9063
v 0.197825 -0.059215 -0.117331 0.9063 0.9063 0.9063
v 0.161709 -0.132150 -0.117331 0.9063 0.9063 0.9063
v 0.160855 -0.072026 -0.117331 0.9063 0.9063 0.9063
v 0.145878 -0.102013 -0.117331 0.9063 0.9063 0.9063
v 0.234967 -0.071420 -0.117100 0.9063 0.9063 0.9063
v 0.250347 -0.101348 -0.117100 0.9063 0.9063 0.9063
v 0.235133 -0.131758 -0.117100 0.9063 0.9063 0.9063
v 0.198400 -0.144147 -0.117100 0.9063 0.9063 0.9063
v 0.197825 -0.059215 -0.117100 0.9063 0.9063 0.9063
v 0.161709 -0.132150 -0.117100 0.9063 0.9063 0.9063
v 0.160855 -0.072026 -0.117100 0.9063 0.9063 0.9063
v 0.145878 -0.102014 -0.117100 0.9063 0.9063 0.9063
v 0.197922 -0.060409 -0.117278 0.9063 0.0000 0.0304
v 0.181004 -0.072809 -0.117278 0.9063 0.0000 0.0304
v 0.197995 -0.101906 -0.122008 0.9063 0.0000 0.0304
v 0.174515 -0.101984 -0.117278 0.9063 0.0000 0.0304
v 0.214467 -0.072508 -0.117278 0.9063 0.0000 0.0304
v 0.181749 -0.130837 -0.117278 0.9063 0.0000 0.0304
v 0.221709 -0.101380 -0.117278 0.9063 0.0000 0.0304
v 0.198309 -0.142941 -0.117278 0.9063 0.0000 0.0304
v 0.214987 -0.131003 -0.117278 0.9063 0.0000 0.0304
v 0.538708 0.182128 -0.040039 0.9063 0.9063 0.9063
v 0.602255 0.183808 -0.040668 0.9063 0.9063 0.9063
v 0.570113 0.182958 -0.056468 0.9063 0.9063 0.9063
v 0.615579 0.184160 -0.002060 0.9063 0.9063 0.9063
v 0.526132 0.181795 -0.000815 0.9063 0.9063 0.9063
v 0.603220 0.183834 0.036688 0.9063 0.9063 0.9063
v 0.539903 0.182159 0.038039 0.9063 0.9063 0.9063
v 0.571598 0.182997 0.053593 0.9063 0.9063 0.9063
v 0.538714 0.181885 -0.040039 0.9063 0.9063 0.9063
v 0.570119 0.182715 -0.056468 0.9063 0.9063 0.9063
v 0.602262 0.183565 -0.040668 0.9063 0.9063 0.9063
v 0.615586 0.183917 -0.002060 0.9063 0.9063 0.9063
v 0.526139 0.181552 -0.000815 0.9063 0.9063 0.9063
v 0.603226 0.183590 0.036688 0.9063 0.9063 0.9063
v 0.539909 0.181916 0.038039 0.9063 0.9063 0.9063
v 0.571605 0.182754 0.053593 0.9063 0.9063 0.9063
v 0.527391 0.181772 -0.000927 0.9063 0.0000 0.0304
v 0.540578 0.182121 0.016805 0.9063 0.0000 0.0304
v 0.570963 0.187910 -0.001316 0.9063 0.0000 0.0304
v 0.571354 0.182935 0.023423 0.9063 0.0000 0.0304
v 0.540009 0.182106 -0.018449 0.9063 0.0000 0.0304
v 0.601688 0.183737 0.015584 0.9063 0.0000 0.0304
v 0.570363 0.182909 -0.026296 0.9063 0.0000 0.0304
v 0.614311 0.184071 -0.001955 0.9063 0.0000 0.0304
v 0.601613 0.183735 -0.019437 0.9063 0.0000 0.0304
v 0.379320 0.178490 -0.043830 0.9063 0.9063 0.9063
v 0.442868 0.180149 -0.044459 0.9063 0.9063 0.9063
v 0.410725 0.179310 -0.060259 0.9063 0.9063 0.9063
v 0.456192 0.180497 -0.005852 0.9063 0.9063 0.9063
v 0.366745 0.178162 -0.004606 0.9063 0.9063 0.9063
v 0.443833 0.180174 0.032897 0.9063 0.9063 0.9063
v 0.380515 0.178522 0.034248 0.9063 0.9063 0.9063
v 0.412211 0.179349 0.049801 0.9063 0.9063 0.9063
v 0.379326 0.178247 -0.043830 0.9063 0.9063 0.9063
v 0.410732 0.179067 -0.060259 0.9063 0.9063 0.9063
v 0.442875 0.179906 -0.044459 0.9063 0.9063 0.9063
v 0.456199 0.180253 -0.005852 0.9063 0.9063 0.9063
v 0.366751 0.177919 -0.004606 0.9063 0.9063 0.9063
v 0.443839 0.179931 0.032897 0.9063 0.9063 0.9063
v 0.380521 0.178278 0.034248 0.9063 0.9063 0.9063
v 0.412217 0.179106 0.049801 0.9063 0.9063 0.9063
v 0.368003 0.178139 -0.004718 0.9063 0.0000 0.0304
v 0.381190 0.178483 0.013013 0.9063 0.0000 0.0304
v 0.411578 0.184262 -0.005107 0.9063 0.0000 0.0304
v 0.411967 0.179286 0.019631 0.9063 0.0000 0.0304
v 0.380621 0.178468 -0.022240 0.9063 0.0000 0.0304
v 0.442300 0.180078 0.011793 0.9063 0.0000 0.0304
v 0.410976 0.179260 -0.030087 0.9063 0.0000 0.0304
v 0.454924 0.180407 -0.005746 0.9063 0.0000 0.0304
v 0.442226 0.180076 -0.023228 0.9063 0.0000 0.0304
v 0.245309 0.174967 -0.056721 0.9063 0.9063 0.9063
v 0.308858 0.176626 -0.057349 0.9063 0.9063 0.9063
v 0.276715 0.175787 -0.073149 0.9063 0.9063 0.9063
v 0.322182 0.176974 -0.018742 0.9063 0.9063 0.9063
v 0.232734 0.174638 -0.017497 0.9063 0.9063 0.9063
v 0.309823 0.176652 0.020006 0.9063 0.9063 0.9063
v 0.246504 0.174998 0.021358 0.9063 0.9063 0.9063
v 0.278201 0.175826 0.036911 0.9063 0.9063 0.9063
v 0.245316 0.174724 -0.056721 0.9063 0.9063 0.9063
v 0.276721 0.175544 -0.073149 0.9063 0.9063 0.9063
v 0.308864 0.176383 -0.057349 0.9063 0.9063 0.9063
v 0.322188 0.176731 -0.018742 0.9063 0.9063 0.9063
v 0.232740 0.174395 -0.017497 0.9063 0.9063 0.9063
v 0.309829 0.176409 0.020006 0.9063 0.9063 0.9063
v 0.246511 0.174755 0.021358 0.9063 0.9063 0.9063
v 0.278207 0.175583 0.036911 0.9063 0.9063 0.9063
v 0.233993 0.174615 -0.017609 0.9063 0.0000 0.0304
v 0.247179 0.174960 0.000123 0.9063 0.0000 0.0304
v 0.277567 0.180739 -0.017998 0.9063 0.0000 0.0304
v 0.277956 0.175763 0.006741 0.9063 0.0000 0.0304
v 0.246611 0.174945 -0.035130 0.9063 0.0000 0.0304
v 0.308290 0.176556 -0.001097 0.9063 0.0000 0.0304
v 0.276965 0.175737 -0.042978 0.9063 0.0000 0.0304
v 0.320914 0.176885 -0.018636 0.9063 0.0000 0.0304
v 0.308216 0.176554 -0.036118 0.9063 0.0000 0.0304
v -0.033994 0.168440 -0.066578 0.9063 0.9063 0.9063
v 0.029554 0.170102 -0.067206 0.9063 0.9063 0.9063
v -0.002589 0.169261 -0.083007 0.9063 0.9063 0.9063
v 0.042878 0.170451 -0.028599 0.9063 0.9063 0.9063
v -0.046570 0.168111 -0.027354 0.9063 0.9063 0.9063
v 0.030519 0.170127 0.010149 0.9063 0.9063 0.9063
v -0.032799 0.168471 0.011500 0.9063 0.9063 0.9063
v -0.001103 0.169300 0.027054 0.9063 0.9063 0.9063
v -0.033988 0.168197 -0.066578 0.9063 0.9063 0.9063
v -0.002583 0.169018 -0.083007 0.9063 0.9063 0.9063
v 0.029560 0.169859 -0.067207 0.9063 0.9063 0.9063
v 0.042884 0.170208 -0.028599 0.9063 0.9063 0.9063
v -0.046563 0.167868 -0.027354 0.9063 0.9063 0.9063
v 0.030525 0.169884 0.010149 0.9063 0.9063 0.9063
v -0.032793 0.168228 0.011500 0.9063 0.9063 0.9063
v -0.001097 0.169057 0.027054 0.9063 0.9063 0.9063
v -0.045311 0.168088 -0.027466 0.9063 0.0000 0.0304
v -0.032124 0.168433 -0.009734 0.9063 0.0000 0.0304
v -0.001737 0.174213 -0.027855 0.9063 0.0000 0.0304
v -0.001348 0.169238 -0.003116 0.9063 0.0000 0.0304
v -0.032693 0.168418 -0.044988 0.9063 0.0000 0.0304
v 0.028986 0.170031 -0.010955 0.9063 0.0000 0.0304
v -0.002338 0.169212 -0.052835 0.9063 0.0000 0.0304
v 0.041610 0.170361 -0.028493 0.9063 0.0000 0.0304
v 0.028912 0.170029 -0.045975 0.9063 0.0000 0.0304
v -0.158806 0.165194 -0.009709 0.9063 0.9063 0.9063
v -0.095257 0.166859 -0.010337 0.9063 0.9063 0.9063
v -0.127400 0.166017 -0.026138 0.9063 0.9063 0.9063
v -0.081933 0.167208 0.028270 0.9063 0.9063 0.9063
v -0.171381 0.164865 0.029515 0.9063 0.9063 0.9063
v -0.094292 0.166884 0.067018 0.9063 0.9063 0.9063
v -0.157611 0.165225 0.068369 0.9063 0.9063 0.9063
v -0.125914 0.166056 0.083923 0.9063 0.9063 0.9063
v -0.158799 0.164951 -0.009709 0.9063 0.9063 0.9063
v -0.127394 0.165774 -0.026138 0.9063 0.9063 0.9063
v -0.095251 0.166615 -0.010337 0.9063 0.9063 0.9063
v -0.081927 0.166964 0.028270 0.9063 0.9063 0.9063
v -0.171374 0.164622 0.029515 0.9063 0.9063 0.9063
v -0.094286 0.166641 0.067018 0.9063 0.9063 0.9063
v -0.157604 0.164982 0.068369 0.9063 0.9063 0.9063
v -0.125908 0.165812 0.083923 0.9063 0.9063 0.9063
v -0.170122 0.164842 0.029403 0.9063 0.0000 0.0304
v -0.156936 0.165187 0.047135 0.9063 0.0000 0.0304
v -0.126548 0.170968 0.029014 0.9063 0.0000 0.0304
v -0.126159 0.165993 0.053753 0.9063 0.0000 0.0304
v -0.157504 0.165172 0.011881 0.9063 0.0000 0.0304
v -0.095825 0.166788 0.045914 0.9063 0.0000 0.0304
v -0.127150 0.165967 0.004034 0.9063 0.0000 0.0304
v -0.083201 0.167118 0.028376 0.9063 0.0000 0.0304
v -0.095899 0.166786 0.010894 0.9063 0.0000 0.0304
v -0.303127 0.161504 -0.041556 0.9063 0.9063 0.9063
v -0.239578 0.163163 -0.042184 0.9063 0.9063 0.9063
v -0.271721 0.162324 -0.057984 0.9063 0.9063 0.9063
v -0.226254 0.163511 -0.003577 0.9063 0.9063 0.9063
v -0.315702 0.161175 -0.002332 0.9063 0.9063 0.9063
v -0.238613 0.163188 0.035171 0.9063 0.9063 0.9063
v -0.301932 0.161535 0.036523 0.9063 0.9063 0.9063
v -0.270235 0.162363 0.052076 0.9063 0.9063 0.9063
v -0.303120 0.161260 -0.041556 0.9063 0.9063 0.9063
v -0.271715 0.162081 -0.057984 0.9063 0.9063 0.9063
v -0.239572 0.162920 -0.042184 0.9063 0.9063 0.9063
v -0.226248 0.163268 -0.003577 0.9063 0.9063 0.9063
v -0.315696 0.160932 -0.002332 0.9063 0.9063 0.9063
v -0.238607 0.162945 0.035171 0.9063 0.9063 0.9063
v -0.301925 0.161292 0.036523 0.9063 0.9063 0.9063
v -0.270229 0.162119 0.052076 0.9063 0.9063 0.9063
v -0.314443 0.161152 -0.002444 0.9063 0.0000 0.0304
v -0.301257 0.161496 0.015288 0.9063 0.0000 0.0304
v -0.270869 0.167275 -0.002833 0.9063 0.0000 0.0304
v -0.270480 0.162300 0.021906 0.9063 0.0000 0.0304
v -0.301825 0.161481 -0.019965 0.9063 0.0000 0.0304
v -0.240146 0.163092 0.014068 0.9063 0.0000 0.0304
v -0.271471 0.162274 -0.027813 0.9063 0.0000 0.0304
v -0.227522 0.163422 -0.003471 0.9063 0.0000 0.0304
v -0.240220 0.163090 -0.020953 0.9063 0.0000 0.0304
v -0.443402 0.158099 -0.035490 0.9063 0.9063 0.9063
v -0.379853 0.159754 -0.036118 0.9063 0.9063 0.9063
v -0.411997 0.158917 -0.051918 0.9063 0.9063 0.9063
v -0.366530 0.160101 0.002489 0.9063 0.9063 0.9063
v -0.455978 0.157771 0.003734 0.9063 0.9063 0.9063
v -0.378889 0.159779 0.041237 0.9063 0.9063 0.9063
v -0.442207 0.158130 0.042589 0.9063 0.9063 0.9063
v -0.410511 0.158956 0.058142 0.9063 0.9063 0.9063
v -0.443396 0.157856 -0.035490 0.9063 0.9063 0.9063
v -0.411990 0.158674 -0.051918 0.9063 0.9063 0.9063
v -0.379847 0.159511 -0.036118 0.9063 0.9063 0.9063
v -0.366523 0.159858 0.002489 0.9063 0.9063 0.9063
v -0.455971 0.157528 0.003734 0.9063 0.9063 0.9063
v -0.378882 0.159536 0.041237 0.9063 0.9063 0.9063
v -0.442201 0.157887 0.042589 0.9063 0.9063 0.9063
v -0.410504 0.158712 0.058142 0.9063 0.9063 0.9063
v -0.454719 0.157748 0.003622 0.9063 0.0000 0.0304
v -0.441532 0.158091 0.021354 0.9063 0.0000 0.0304
v -0.411144 0.163868 0.003233 0.9063 0.0000 0.0304
v -0.410755 0.158893 0.027972 0.9063 0.0000 0.0304
v -0.442101 0.158076 -0.013899 0.9063 0.0000 0.0304
v -0.380422 0.159683 0.020134 0.9063 0.0000 0.0304
v -0.411746 0.158867 -0.021747 0.9063 0.0000 0.0304
v -0.367798 0.160012 0.002595 0.9063 0.0000 0.0304
v -0.380496 0.159681 -0.014887 0.9063 0.0000 0.0304
v -0.566454 0.155461 -0.039281 0.9063 0.9063 0.9063
v -0.502905 0.157113 -0.039909 0.9063 0.9063 0.9063
v -0.535048 0.156278 -0.055710 0.9063 0.9063 0.9063
v -0.489581 0.157460 -0.001302 0.9063 0.9063 0.9063
v -0.579029 0.155134 -0.000057 0.9063 0.9063 0.9063
v -0.501940 0.157138 0.037446 0.9063 0.9063 0.9063
v -0.565259 0.155492 0.038797 0.9063 0.9063 0.9063
v -0.533562 0.156316 0.054351 0.9063 0.9063 0.9063
v -0.566447 0.155218 -0.039281 0.9063 0.9063 0.9063
v -0.535042 0.156035 -0.055710 0.9063 0.9063 0.9063
v -0.502898 0.156870 -0.039909 0.9063 0.9063 0.9063
v -0.489575 0.157216 -0.001302 0.9063 0.9063 0.9063
v -0.579023 0.154891 -0.000057 0.9063 0.9063 0.9063
v -0.501934 0.156895 0.037446 0.9063 0.9063 0.9063
v -0.565252 0.155249 0.038797 0.9063 0.9063 0.9063
v -0.533556 0.156073 0.054351 0.9063 0.9063 0.9063
v -0.577770 0.155111 -0.000169 0.9063 0.0000 0.0304
v -0.564584 0.155454 0.017563 0.9063 0.0000 0.0304
v -0.534195 0.161229 -0.000558 0.9063 0.0000 0.0304
v -0.533807 0.156254 0.024181 0.9063 0.0000 0.0304
v -0.565152 0.155439 -0.017691 0.9063 0.0000 0.0304
v -0.503473 0.157042 0.016342 0.9063 0.0000 0.0304
v -0.534797 0.156228 -0.025538 0.9063 0.0000 0.0304
v -0.490849 0.157370 -0.001196 0.9063 0.0000 0.0304
v -0.503547 0.157040 -0.018678 0.9063 0.0000 0.0304
v -0.735109 0.151008 0.010764 0.9063 0.9063 0.9063
v -0.671577 0.153222 0.010135 0.9063 0.9063 0.9063
v -0.703712 0.152102 -0.005665 0.9063 0.9063 0.9063
v -0.658257 0.153686 0.048743 0.9063 0.9063 0.9063
v -0.747681 0.150570 0.049988 0.9063 0.9063 0.9063
v -0.670613 0.153256 0.087491 0.9063 0.9063 0.9063
v -0.733914 0.151050 0.088842 0.9063 0.9063 0.9063
v -0.702226 0.152154 0.104396 0.9063 0.9063 0.9063
v -0.735100 0.150765 0.010764 0.9063 0.9063 0.9063
v -0.703703 0.151859 -0.005665 0.9063 0.9063 0.9063
v -0.671569 0.152979 0.010135 0.9063 0.9063 0.9063
v -0.658248 0.153443 0.048743 0.9063 0.9063 0.9063
v -0.747672 0.150327 0.049988 0.9063 0.9063 0.9063
v -0.670604 0.153013 0.087491 0.9063 0.9063 0.9063
v -0.733906 0.150807 0.088842 0.9063 0.9063 0.9063
v -0.702218 0.151911 0.104396 0.9063 0.9063 0.9063
v -0.746422 0.150558 0.049876 0.9063 0.0000 0.0304
v -0.733239 0.151017 0.067608 0.9063 0.0000 0.0304
v -0.702902 0.157061 0.049487 0.9063 0.0000 0.0304
v -0.702470 0.152089 0.074225 0.9063 0.0000 0.0304
v -0.733807 0.150997 0.032354 0.9063 0.0000 0.0304
v -0.672144 0.153146 0.066387 0.9063 0.0000 0.0304
v -0.703461 0.152055 0.024507 0.9063 0.0000 0.0304
v -0.659524 0.153586 0.048848 0.9063 0.0000 0.0304
v -0.672219 0.153144 0.031366 0.9063 0.0000 0.0304
v 0.705980 0.191884 -0.023245 0.9063 0.9063 0.9063
v 0.741021 0.184027 -0.023600 0.9063 0.9063 0.9063
v 0.723297 0.188001 -0.032525 0.9063 0.9063 0.9063
v 0.748367 0.182380 -0.001791 0.9063 0.9063 0.9063
v 0.699045 0.193438 -0.001087 0.9063 0.9063 0.9063
v 0.741552 0.183908 0.020098 0.9063 0.9063 0.9063
v 0.706639 0.191736 0.020861 0.9063 0.9063 0.9063
v 0.724116 0.187817 0.029647 0.9063 0.9063 0.9063
v 0.705950 0.191749 -0.023245 0.9063 0.9063 0.9063
v 0.723267 0.187867 -0.032525 0.9063 0.9063 0.9063
v 0.740991 0.183893 -0.023600 0.9063 0.9063 0.9063
v 0.748337 0.182246 -0.001791 0.9063 0.9063 0.9063
v 0.699015 0.193304 -0.001087 0.9063 0.9063 0.9063
v 0.741522 0.183774 0.020098 0.9063 0.9063 0.9063
v 0.706608 0.191602 0.020861 0.9063 0.9063 0.9063
v 0.724086 0.187683 0.029647 0.9063 0.9063 0.9063
v 0.699732 0.193252 -0.001151 0.9063 0.0000 0.0304
v 0.707003 0.191622 0.008866 0.9063 0.0000 0.0304
v 0.724446 0.190596 -0.001370 0.9063 0.0000 0.0304
v 0.723973 0.187817 0.012604 0.9063 0.0000 0.0304
v 0.706689 0.191692 -0.011049 0.9063 0.0000 0.0304
v 0.740699 0.184067 0.008176 0.9063 0.0000 0.0304
v 0.723427 0.187939 -0.015482 0.9063 0.0000 0.0304
v 0.747660 0.182506 -0.001731 0.9063 0.0000 0.0304
v 0.740659 0.184076 -0.011607 0.9063 0.0000 0.0304
v 1.218503 0.136316 0.029468 0.9063 0.9063 0.9063
v 1.282051 0.137997 0.028839 0.9063 0.9063 0.9063
v 1.249909 0.137147 0.013039 0.9063 0.9063 0.9063
v 1.295375 0.138349 0.067446 0.9063 0.9063 0.9063
v 1.205928 0.135984 0.068692 0.9063 0.9063 0.9063
v 1.283016 0.138022 0.106194 0.9063 0.9063 0.9063
v 1.219699 0.136348 0.107546 0.9063 0.9063 0.9063
v 1.251394 0.137186 0.123099 0.9063 0.9063 0.9063
v 1.218510 0.136073 0.029468 0.9063 0.9063 0.9063
v 1.249915 0.136904 0.013039 0.9063 0.9063 0.9063
v 1.282058 0.137754 0.028839 0.9063 0.9063 0.9063
v 1.295381 0.138106 0.067446 0.9063 0.9063 0.9063
v 1.205934 0.135741 0.068692 0.9063 0.9063 0.9063
v 1.283023 0.137779 0.106194 0.9063 0.9063 0.9063
v 1.219705 0.136105 0.107546 0.9063 0.9063 0.9063
v 1.251401 0.136943 0.123099 0.9063 0.9063 0.9063
v 1.207187 0.135961 0.068580 0.9063 0.0000 0.0304
v 1.220374 0.136310 0.086311 0.9063 0.0000 0.0304
v 1.250759 0.142099 0.068191 0.9063 0.0000 0.0304
v 1.251150 0.137124 0.092929 0.9063 0.0000 0.0304
v 1.219804 0.136295 0.051058 0.9063 0.0000 0.0304
v 1.281483 0.137926 0.085091 0.9063 0.0000 0.0304
v 1.250159 0.137097 0.043211 0.9063 0.0000 0.0304
v 1.294107 0.138260 0.067552 0.9063 0.0000 0.0304
v 1.281409 0.137924 0.050070 0.9063 0.0000 0.0304
v 1.155579 0.134624 -0.102607 0.9063 0.9063 0.9063
v 1.219127 0.136304 -0.103236 0.9063 0.9063 0.9063
v 1.186984 0.135454 -0.119036 0.9063 0.9063 0.9063
v 1.232451 0.136656 -0.064628 0.9063 0.9063 0.9063
v 1.143004 0.134291 -0.063383 0.9063 0.9063 0.9063
v 1.220092 0.136329 -0.025880 0.9063 0.9063 0.9063
v 1.156774 0.134655 -0.024529 0.9063 0.9063 0.9063
v 1.188470 0.135493 -0.008975 0.9063 0.9063 0.9063
v 1.155585 0.134380 -0.102607 0.9063 0.9063 0.9063
v 1.186990 0.135211 -0.119036 0.9063 0.9063 0.9063
v 1.219133 0.136061 -0.103236 0.9063 0.9063 0.9063
v 1.232457 0.136413 -0.064628 0.9063 0.9063 0.9063
v 1.143010 0.134048 -0.063383 0.9063 0.9063 0.9063
v 1.220098 0.136086 -0.025880 0.9063 0.9063 0.9063
v 1.156780 0.134412 -0.024529 0.9063 0.9063 0.9063
v 1.188476 0.135250 -0.008975 0.9063 0.9063 0.9063
v 1.144263 0.134268 -0.063495 0.9063 0.0000 0.0304
v 1.157449 0.134617 -0.045763 0.9063 0.0000 0.0304
v 1.187835 0.140406 -0.063884 0.9063 0.0000 0.0304
v 1.188225 0.135431 -0.039145 0.9063 0.0000 0.0304
v 1.156880 0.134602 -0.081017 0.9063 0.0000 0.0304
v 1.218559 0.136233 -0.046984 0.9063 0.0000 0.0304
v 1.187235 0.135405 -0.088864 0.9063 0.0000 0.0304
v 1.231183 0.136567 -0.064523 0.9063 0.0000 0.0304
v 1.218485 0.136231 -0.082005 0.9063 0.0000 0.0304
v 0.799880 0.180371 0.033885 0.9063 0.9063 0.9063
v 0.846773 0.181611 0.033421 0.9063 0.9063 0.9063
v 0.823054 0.180983 0.021762 0.9063 0.9063 0.9063
v 0.856604 0.181871 0.061910 0.9063 0.9063 0.9063
v 0.790600 0.180125 0.062829 0.9063 0.9063 0.9063
v 0.847485 0.181629 0.090503 0.9063 0.9063 0.9063
v 0.800762 0.180394 0.091500 0.9063 0.9063 0.9063
v 0.824151 0.181012 0.102977 0.9063 0.9063 0.9063
v 0.799884 0.180191 0.033885 0.9063 0.9063 0.9063
v 0.823059 0.180804 0.021762 0.9063 0.9063 0.9063
v 0.846778 0.181431 0.033421 0.9063 0.9063 0.9063
v 0.856609 0.181691 0.061910 0.9063 0.9063 0.9063
v 0.790605 0.179946 0.062829 0.9063 0.9063 0.9063
v 0.847490 0.181450 0.090503 0.9063 0.9063 0.9063
v 0.800766 0.180215 0.091500 0.9063 0.9063 0.9063
v 0.824155 0.180833 0.102977 0.9063 0.9063 0.9063
v 0.791529 0.180108 0.062746 0.9063 0.0000 0.0304
v 0.801260 0.180366 0.075830 0.9063 0.0000 0.0304
v 0.823682 0.184637 0.062459 0.9063 0.0000 0.0304
v 0.823970 0.180966 0.080714 0.9063 0.0000 0.0304
v 0.800840 0.180355 0.049816 0.9063 0.0000 0.0304
v 0.846354 0.181558 0.074930 0.9063 0.0000 0.0304
v 0.823239 0.180947 0.044026 0.9063 0.0000 0.0304
v 0.855669 0.181804 0.061988 0.9063 0.0000 0.0304
v 0.846299 0.181557 0.049088 0.9063 0.0000 0.0304
v 0.788067 0.180463 -0.103068 0.9063 0.9063 0.9063
v 0.827539 0.181505 -0.077739 0.9063 0.9063 0.9063
v 0.814092 0.181150 -0.100498 0.9063 0.9063 0.9063
v 0.820150 0.181308 -0.048521 0.9063 0.9063 0.9063
v 0.764444 0.179838 -0.083950 0.9063 0.9063 0.9063
v 0.796853 0.180692 -0.029609 0.9063 0.9063 0.9063
v 0.757230 0.179646 -0.054399 0.9063 0.9063 0.9063
v 0.770501 0.179996 -0.031973 0.9063 0.9063 0.9063
v 0.788071 0.180283 -0.103068 0.9063 0.9063 0.9063
v 0.814097 0.180971 -0.100498 0.9063 0.9063 0.9063
v 0.827544 0.181325 -0.077739 0.9063 0.9063 0.9063
v 0.820154 0.181129 -0.048521 0.9063 0.9063 0.9063
v 0.764449 0.179658 -0.083950 0.9063 0.9063 0.9063
v 0.796858 0.180513 -0.029609 0.9063 0.9063 0.9063
v 0.757235 0.179467 -0.054399 0.9063 0.9063 0.9063
v 0.770506 0.179817 -0.031973 0.9063 0.9063 0.9063
v 0.765267 0.179818 -0.083510 0.9063 0.0000 0.0304
v 0.766234 0.179843 -0.067231 0.9063 0.0000 0.0304
v 0.792298 0.184211 -0.066064 0.9063 0.0000 0.0304
v 0.782551 0.180274 -0.050692 0.9063 0.0000 0.0304
v 0.780139 0.180211 -0.089218 0.9063 0.0000 0.0304
v 0.804441 0.180852 -0.043254 0.9063 0.0000 0.0304
v 0.802046 0.180790 -0.081777 0.9063 0.0000 0.0304
v 0.819324 0.181245 -0.048970 0.9063 0.0000 0.0304
v 0.818558 0.181226 -0.064897 0.9063 0.0000 0.0304
vn -0.7833 0.6215 0.0117
vn -0.5954 0.6160 0.5159
vn -0.0025 0.6177 0.7864
vn 0.5792 0.6468 0.4962
vn 0.7491 0.6624 -0.0090
vn 0.5652 0.6456 -0.5136
vn -0.0260 0.6176 -0.7860
vn -0.6099 0.6151 -0.4997
vn -0.7499 -0.6615 0.0116
vn -0.5770 -0.6461 -0.4997
vn 0.0063 -0.6181 -0.7861
vn 0.5981 -0.6151 -0.5137
vn 0.7827 -0.6223 -0.0090
vn 0.6121 -0.6157 0.4962
vn 0.0302 -0.6172 0.7863
vn -0.5625 -0.6460 0.5160
vn -0.1401 0.9894 -0.0376
vn -0.1314 0.9861 0.1021
vn -0.0264 0.9997 -0.0002
vn -0.0006 0.9796 0.2008
vn -0.1328 0.9863 -0.0980
vn 0.0805 0.9920 0.0969
vn -0.0507 0.9782 -0.2013
vn 0.0880 0.9954 0.0371
vn 0.0797 0.9915 -0.1027
vn 0.0261 -0.9997 -0.0000
vn 0.3097 0.7016 0.6417
vn -0.2269 0.7417 0.6312
vn -0.7198 0.3163 0.6179
vn -0.6997 -0.3341 0.6315
vn -0.3117 -0.6999 0.6426
vn 0.2237 -0.7431 0.6306
vn 0.7183 -0.3193 0.6182
vn 0.7019 0.3307 0.6309
vn 0.3097 0.7016 -0.6417
vn 0.7020 0.3307 -0.6307
vn 0.7184 -0.3194 -0.6180
vn 0.2237 -0.7433 -0.6305
vn -0.3118 -0.7000 -0.6425
vn -0.6998 -0.3342 -0.6314
vn -0.7204 0.3161 -0.6174
vn -0.2269 0.7417 -0.6312
vn 0.0819 0.0881 0.9927
vn -0.0486 0.1386 0.9892
vn 0.0003 0.0001 1.0000
vn -0.1929 0.0612 0.9793
vn 0.1337 0.0563 0.9894
vn -0.1325 -0.0562 0.9896
vn 0.1934 -0.0613 0.9792
vn -0.0813 -0.0881 0.9928
vn 0.0492 -0.1388 0.9891
vn -0.0000 -0.0000 -1.0000
vn -0.0002 0.0003 -1.0000
vn -0.3085 0.7022 0.6417
vn -0.7003 0.3334 0.6312
vn -0.7193 -0.3174 0.6179
vn -0.2259 -0.7418 0.6314
vn 0.3058 -0.7026 0.6426
vn 0.6993 -0.3367 0.6305
vn 0.7206 0.3143 0.6181
vn 0.2300 0.7410 0.6308
vn -0.3085 0.7022 -0.6417
vn 0.2300 0.7411 -0.6308
vn 0.7206 0.3143 -0.6181
vn 0.6993 -0.3367 -0.6306
vn 0.3058 -0.7025 -0.6426
vn -0.2259 -0.7418 -0.6315
vn -0.7195 -0.3180 -0.6174
vn -0.7003 0.3334 -0.6312
vn -0.0097 0.1199 0.9927
vn -0.1351 0.0577 0.9892
vn 0.0001 0.0003 1.0000
vn -0.1754 -0.1010 0.9793
vn 0.0488 0.1367 0.9894
vn -0.0480 -0.1356 0.9896
vn 0.1758 0.1013 0.9792
vn 0.0101 -0.1194 0.9928
vn 0.1357 -0.0574 0.9891
vn -0.0007 -0.0000 -1.0000
vn 0.1678 0.7484 0.6417
vn -0.3663 0.6837 0.6312
vn -0.7679 0.1705 0.6175
vn -0.6217 -0.4635 0.6314
vn -0.1702 -0.7471 0.6425
vn 0.3634 -0.6858 0.6305
vn 0.7666 -0.1742 0.6181
vn 0.6245 0.4604 0.6308
vn 0.1678 0.7484 -0.6417
vn 0.6245 0.4605 -0.6308
vn 0.7666 -0.1742 -0.6181
vn 0.3634 -0.6858 -0.6306
vn -0.1702 -0.7471 -0.6426
vn -0.6217 -0.4634 -0.6314
vn -0.7677 0.1701 -0.6178
vn -0.3663 0.6837 -0.6312
vn 0.0633 0.1023 0.9927
vn -0.0746 0.1266 0.9892
vn 0.0005 0.0003 1.0000
vn -0.2011 0.0226 0.9793
vn 0.1203 0.0811 0.9894
vn -0.1191 -0.0808 0.9896
vn 0.2016 -0.0226 0.9792
vn -0.0627 -0.1022 0.9928
vn 0.0752 -0.1267 0.9891
vn -0.0005 0.0004 -1.0000
vn 0.3205 0.6968 0.6417
vn -0.2154 0.7451 0.6312
vn -0.7154 0.3271 0.6175
vn -0.7048 -0.3233 0.6314
vn -0.3226 -0.6950 0.6425
vn 0.2122 -0.7466 0.6305
vn 0.7133 -0.3304 0.6181
vn 0.7070 0.3198 0.6308
vn 0.3205 0.6968 -0.6417
vn 0.7070 0.3198 -0.6308
vn 0.7133 -0.3304 -0.6181
vn 0.2122 -0.7466 -0.6306
vn -0.3226 -0.6950 -0.6426
vn -0.7048 -0.3233 -0.6314
vn -0.7154 0.3272 -0.6174
vn -0.2154 0.7451 -0.6312
vn 0.0832 0.0868 0.9927
vn -0.0465 0.1394 0.9892
vn -0.1919 0.0642 0.9793
vn 0.1346 0.0542 0.9894
vn -0.1333 -0.0541 0.9896
vn 0.1925 -0.0642 0.9792
vn -0.0826 -0.0868 0.9928
vn 0.0471 -0.1396 0.9891
vn -0.4794 0.5986 0.6417
vn -0.7627 0.1412 0.6312
vn -0.6130 -0.4930 0.6174
vn -0.0267 -0.7750 0.6314
vn 0.4769 -0.5998 0.6425
vn 0.7625 -0.1448 0.6306
vn 0.6149 0.4898 0.6181
vn 0.0306 0.7753 0.6308
vn -0.4794 0.5986 -0.6417
vn 0.0306 0.7753 -0.6308
vn 0.6149 0.4898 -0.6181
vn 0.7625 -0.1448 -0.6306
vn 0.4769 -0.5998 -0.6426
vn -0.0267 -0.7749 -0.6315
vn -0.6127 -0.4930 -0.6177
vn -0.7627 0.1412 -0.6312
vn -0.0403 0.1133 0.9927
vn -0.1454 0.0208 0.9892
vn -0.0000 0.0004 1.0000
vn -0.1433 -0.1429 0.9793
vn 0.0118 0.1446 0.9894
vn -0.0113 -0.1434 0.9896
vn 0.1436 0.1433 0.9792
vn 0.0406 -0.1128 0.9928
vn 0.1459 -0.0204 0.9891
vn -0.0007 -0.0001 -1.0000
vn 0.1112 0.7588 0.6417
vn -0.4166 0.6542 0.6312
vn -0.7786 0.1123 0.6174
vn -0.5852 -0.5088 0.6314
vn -0.1137 -0.7578 0.6426
vn 0.4139 -0.6565 0.6305
vn 0.7775 -0.1161 0.6181
vn 0.5882 0.5060 0.6308
vn 0.1112 0.7589 -0.6417
vn 0.5883 0.5060 -0.6308
vn 0.7775 -0.1161 -0.6181
vn 0.4139 -0.6565 -0.6306
vn -0.1137 -0.7577 -0.6426
vn -0.5852 -0.5087 -0.6314
vn -0.7784 0.1121 -0.6177
vn -0.4166 0.6542 -0.6312
vn 0.0554 0.1067 0.9927
vn -0.0839 0.1206 0.9892
vn 0.0002 0.0002 1.0000
vn -0.2022 0.0075 0.9793
vn 0.1139 0.0899 0.9894
vn -0.1127 -0.0895 0.9896
vn 0.2028 -0.0074 0.9792
vn -0.0548 -0.1066 0.9928
vn 0.0845 -0.1207 0.9891
vn 0.3559 0.6794 0.6417
vn -0.1768 0.7552 0.6312
vn -0.6972 0.3636 0.6178
vn -0.7205 -0.2867 0.6314
vn -0.3579 -0.6776 0.6425
vn 0.1736 -0.7565 0.6306
vn 0.6954 -0.3666 0.6181
vn 0.7225 0.2830 0.6308
vn 0.3559 0.6794 -0.6417
vn 0.7225 0.2831 -0.6308
vn 0.6954 -0.3666 -0.6181
vn 0.1736 -0.7565 -0.6306
vn -0.3579 -0.6775 -0.6426
vn -0.7205 -0.2866 -0.6315
vn -0.6975 0.3632 -0.6177
vn -0.1768 0.7552 -0.6312
vn 0.0876 0.0824 0.9927
vn -0.0393 0.1416 0.9892
vn -0.1884 0.0739 0.9793
vn 0.1372 0.0472 0.9894
vn -0.1359 -0.0472 0.9896
vn 0.1889 -0.0741 0.9792
vn -0.0870 -0.0824 0.9928
vn 0.0398 -0.1418 0.9891
vn -0.0003 0.0005 -1.0000
vn 0.0993 0.7605 0.6417
vn -0.4268 0.6476 0.6312
vn -0.7799 0.1005 0.6178
vn -0.5772 -0.5179 0.6314
vn -0.1018 -0.7594 0.6426
vn 0.4242 -0.6500 0.6305
vn 0.7792 -0.1039 0.6181
vn 0.5802 0.5152 0.6308
vn 0.0993 0.7605 -0.6417
vn 0.5802 0.5152 -0.6308
vn 0.7792 -0.1038 -0.6181
vn 0.4242 -0.6500 -0.6306
vn -0.1018 -0.7594 -0.6426
vn -0.5771 -0.5179 -0.6314
vn -0.7799 0.0997 -0.6179
vn -0.4268 0.6477 -0.6312
vn 0.0537 0.1076 0.9927
vn -0.0857 0.1193 0.9892
vn 0.0004 0.0003 1.0000
vn -0.2023 0.0043 0.9793
vn 0.1125 0.0917 0.9894
vn -0.1113 -0.0912 0.9896
vn 0.2029 -0.0042 0.9792
vn -0.0531 -0.1074 0.9928
vn 0.0864 -0.1193 0.9891
vn -0.0004 0.0003 -1.0000
vn -0.3968 0.6563 0.6417
vn -0.7376 0.2399 0.6312
vn -0.6723 -0.4085 0.6174
vn -0.1280 -0.7648 0.6314
vn 0.3942 -0.6570 0.6426
vn 0.7370 -0.2433 0.6305
vn 0.6738 0.4049 0.6181
vn 0.1321 0.7646 0.6308
vn -0.3968 0.6563 -0.6417
vn 0.1321 0.7646 -0.6308
vn 0.6738 0.4050 -0.6181
vn 0.7370 -0.2433 -0.6306
vn 0.3942 -0.6570 -0.6426
vn -0.1280 -0.7648 -0.6315
vn -0.6718 -0.4086 -0.6178
vn -0.7376 0.2399 -0.6312
vn -0.0251 0.1176 0.9927
vn -0.1414 0.0397 0.9892
vn -0.1608 -0.1228 0.9793
vn 0.0307 0.1418 0.9894
vn -0.0300 -0.1407 0.9896
vn 0.1612 0.1232 0.9792
vn 0.0255 -0.1171 0.9928
vn 0.1419 -0.0394 0.9891
vn -0.3969 0.6563 0.6417
vn -0.7376 0.2398 0.6312
vn -0.6721 -0.4082 0.6178
vn -0.1279 -0.7648 0.6314
vn 0.3943 -0.6570 0.6426
vn -0.3969 0.6563 -0.6417
vn 0.3943 -0.6570 -0.6426
vn -0.1279 -0.7648 -0.6314
vn -0.6717 -0.4087 -0.6179
vn -0.7376 0.2398 -0.6312
vn 0.0001 0.0004 1.0000
vn -0.1608 -0.1229 0.9793
vn -0.3655 0.6742 0.6417
vn -0.7255 0.2743 0.6312
vn -0.6907 -0.3765 0.6175
vn -0.1637 -0.7580 0.6314
vn 0.3629 -0.6749 0.6425
vn 0.7247 -0.2778 0.6306
vn 0.6921 0.3728 0.6181
vn 0.1679 0.7575 0.6308
vn -0.3655 0.6742 -0.6417
vn 0.1680 0.7575 -0.6308
vn 0.6921 0.3728 -0.6181
vn 0.7247 -0.2778 -0.6306
vn 0.3629 -0.6748 -0.6426
vn -0.1637 -0.7579 -0.6314
vn -0.6907 -0.3764 -0.6175
vn -0.7255 0.2743 -0.6312
vn -0.0196 0.1186 0.9927
vn -0.1394 0.0463 0.9892
vn -0.1664 -0.1152 0.9793
vn 0.0373 0.1402 0.9894
vn -0.0366 -0.1391 0.9896
vn 0.1668 0.1155 0.9792
vn 0.0199 -0.1182 0.9928
vn 0.1399 -0.0460 0.9891
vn 0.1679 0.7484 0.6416
vn -0.7679 0.1705 0.6174
vn -0.6217 -0.4634 0.6314
vn -0.1703 -0.7470 0.6426
vn 0.3635 -0.6857 0.6306
vn 0.7667 -0.1740 0.6180
vn 0.6246 0.4604 0.6308
vn 0.1679 0.7483 -0.6418
vn 0.6246 0.4604 -0.6309
vn 0.7666 -0.1740 -0.6181
vn 0.3635 -0.6857 -0.6306
vn -0.1703 -0.7471 -0.6425
vn -0.7679 0.1705 -0.6175
vn 0.0004 0.0002 1.0000
vn -0.3656 0.6743 0.6416
vn -0.7255 0.2744 0.6312
vn -0.6907 -0.3764 0.6174
vn -0.1638 -0.7578 0.6315
vn 0.3628 -0.6747 0.6427
vn 0.7247 -0.2777 0.6306
vn 0.6922 0.3729 0.6179
vn 0.1678 0.7577 0.6306
vn -0.3656 0.6741 -0.6418
vn 0.1678 0.7574 -0.6310
vn 0.6920 0.3727 -0.6182
vn 0.7247 -0.2778 -0.6305
vn 0.3629 -0.6750 -0.6424
vn -0.1638 -0.7580 -0.6313
vn -0.6907 -0.3765 -0.6175
vn -0.7255 0.2742 -0.6312
vn -0.0196 0.1187 0.9927
vn -0.1664 -0.1151 0.9793
vn 0.4318 0.6340 0.6415
vn -0.0887 0.7707 0.6310
vn -0.6507 0.4417 0.6177
vn -0.7487 -0.2018 0.6315
vn -0.4334 -0.6317 0.6428
vn 0.0853 -0.7713 0.6308
vn 0.6486 -0.4442 0.6181
vn 0.7504 0.1981 0.6306
vn 0.4317 0.6337 -0.6419
vn 0.7501 0.1979 -0.6310
vn 0.6486 -0.4442 -0.6181
vn 0.0854 -0.7716 -0.6304
vn -0.4336 -0.6320 -0.6423
vn -0.7487 -0.2019 -0.6314
vn -0.6510 0.4409 -0.6180
vn -0.0887 0.7704 -0.6314
vn 0.0965 0.0718 0.9927
vn -0.0227 0.1451 0.9892
vn 0.0005 0.0001 1.0000
vn -0.1786 0.0951 0.9793
vn 0.1417 0.0311 0.9894
vn -0.1404 -0.0312 0.9896
vn 0.1791 -0.0953 0.9792
vn -0.0959 -0.0719 0.9928
vn 0.0233 -0.1455 0.9891
vn 0.4318 0.6341 0.6415
vn -0.0886 0.7706 0.6311
vn -0.6507 0.4416 0.6177
vn -0.7488 -0.2017 0.6314
vn -0.4334 -0.6318 0.6427
vn 0.0854 -0.7713 0.6307
vn 0.6486 -0.4442 0.6180
vn 0.7504 0.1982 0.6306
vn 0.4316 0.6338 -0.6419
vn 0.7501 0.1980 -0.6310
vn 0.6485 -0.4443 -0.6181
vn 0.0854 -0.7715 -0.6304
vn -0.4335 -0.6319 -0.6425
vn -0.7487 -0.2019 -0.6315
vn -0.6511 0.4413 -0.6175
vn -0.0886 0.7705 -0.6313
vn 0.0233 -0.1454 0.9891
vn -0.0116 0.7668 0.6418
vn -0.5158 0.5792 0.6312
vn -0.7862 -0.0132 0.6178
vn -0.4963 -0.5958 0.6314
vn 0.0090 -0.7662 0.6425
vn 0.5136 -0.5819 0.6305
vn 0.7860 0.0098 0.6181
vn 0.4996 0.5936 0.6309
vn -0.0116 0.7669 -0.6416
vn 0.4997 0.5937 -0.6308
vn 0.7860 0.0098 -0.6181
vn 0.5136 -0.5819 -0.6306
vn 0.0090 -0.7662 -0.6426
vn -0.4963 -0.5958 -0.6315
vn -0.7865 -0.0135 -0.6174
vn -0.5158 0.5793 -0.6312
vn 0.0376 0.1142 0.9927
vn -0.1021 0.1056 0.9892
vn 0.0003 0.0003 1.0000
vn -0.2008 -0.0250 0.9793
vn 0.0980 0.1070 0.9894
vn -0.0969 -0.1064 0.9896
vn 0.2013 0.0251 0.9792
vn -0.0371 -0.1140 0.9928
vn 0.1027 -0.1056 0.9891
vn 0.3654 0.6743 0.6417
vn -0.1662 0.7576 0.6312
vn -0.6920 0.3734 0.6178
vn -0.7244 -0.2765 0.6314
vn -0.3673 -0.6725 0.6425
vn 0.1629 -0.7589 0.6305
vn 0.6902 -0.3764 0.6181
vn 0.7264 0.2729 0.6308
vn 0.3654 0.6743 -0.6417
vn 0.7264 0.2729 -0.6308
vn 0.6902 -0.3763 -0.6181
vn 0.1629 -0.7588 -0.6306
vn -0.3673 -0.6724 -0.6426
vn -0.7244 -0.2765 -0.6314
vn -0.6923 0.3727 -0.6179
vn -0.1662 0.7576 -0.6312
vn 0.0887 0.0812 0.9927
vn -0.0373 0.1421 0.9892
vn 0.0002 0.0001 1.0000
vn -0.1873 0.0766 0.9793
vn 0.1379 0.0453 0.9894
vn -0.1366 -0.0453 0.9896
vn 0.1878 -0.0767 0.9792
vn -0.0881 -0.0812 0.9928
vn 0.0379 -0.1424 0.9891
vn -0.4244 0.6388 0.6418
vn -0.7471 0.2082 0.6313
vn -0.6542 -0.4362 0.6179
vn -0.0953 -0.7696 0.6314
vn 0.4218 -0.6397 0.6426
vn 0.7468 -0.2118 0.6305
vn 0.6560 0.4333 0.6180
vn 0.0994 0.7696 0.6308
vn -0.4245 0.6389 -0.6416
vn 0.0994 0.7695 -0.6308
vn 0.6559 0.4332 -0.6182
vn 0.7466 -0.2117 -0.6307
vn 0.4218 -0.6396 -0.6426
vn -0.0953 -0.7695 -0.6315
vn -0.6539 -0.4368 -0.6178
vn -0.7472 0.2083 -0.6311
vn -0.0301 0.1164 0.9927
vn -0.1430 0.0337 0.9892
vn -0.0000 0.0003 1.0000
vn -0.1554 -0.1296 0.9793
vn 0.0246 0.1430 0.9894
vn -0.0240 -0.1419 0.9896
vn 0.1558 0.1300 0.9792
vn 0.0304 -0.1159 0.9928
vn 0.1435 -0.0333 0.9891
vn -0.1476 0.7526 0.6417
vn -0.6106 0.4783 0.6312
vn -0.7713 -0.1527 0.6178
vn -0.3825 -0.6745 0.6314
vn 0.1448 -0.7524 0.6425
vn 0.6087 -0.4815 0.6306
vn 0.7718 0.1492 0.6181
vn 0.3863 0.6729 0.6308
vn -0.1476 0.7526 -0.6417
vn 0.3864 0.6729 -0.6308
vn 0.7718 0.1493 -0.6181
vn 0.6087 -0.4815 -0.6306
vn 0.1448 -0.7524 -0.6426
vn -0.3825 -0.6745 -0.6314
vn -0.7712 -0.1534 -0.6178
vn -0.6106 0.4783 -0.6312
vn 0.0168 0.1191 0.9927
vn -0.1192 0.0858 0.9892
vn 0.0003 0.0004 1.0000
vn -0.1932 -0.0602 0.9793
vn 0.0775 0.1227 0.9894
vn -0.0765 -0.1219 0.9896
vn 0.1937 0.0605 0.9792
vn -0.0162 -0.1187 0.9928
vn 0.1198 -0.0857 0.9891
vn -0.0005 0.0001 -1.0000
vn -0.0062 0.7669 0.6417
vn -0.5117 0.5828 0.6312
vn -0.7863 -0.0077 0.6178
vn -0.5005 -0.5923 0.6314
vn 0.0035 -0.7662 0.6426
vn 0.5095 -0.5855 0.6305
vn 0.7861 0.0042 0.6181
vn 0.5039 0.5900 0.6308
vn -0.0062 0.7669 -0.6417
vn 0.5039 0.5901 -0.6308
vn 0.7861 0.0042 -0.6181
vn 0.5095 -0.5855 -0.6306
vn 0.0035 -0.7662 -0.6426
vn -0.5005 -0.5922 -0.6315
vn -0.7866 -0.0080 -0.6174
vn -0.5117 0.5829 -0.6312
vn 0.0384 0.1139 0.9927
vn -0.1013 0.1064 0.9892
vn -0.2010 -0.0235 0.9793
vn 0.0988 0.1063 0.9894
vn -0.0977 -0.1057 0.9896
vn 0.2015 0.0237 0.9792
vn -0.0379 -0.1137 0.9928
vn 0.1020 -0.1063 0.9891
vn -0.0004 0.0002 -1.0000
vn 0.3097 0.7017 -0.6417
vn 0.7019 0.3307 -0.6308
vn 0.7183 -0.3193 -0.6181
vn 0.2237 -0.7432 -0.6306
vn -0.3118 -0.6999 -0.6426
vn -0.6997 -0.3342 -0.6314
vn -0.7203 0.3160 -0.6174
vn -0.7202 0.3154 0.6180
vn -0.6997 -0.3342 0.6314
vn -0.3118 -0.6999 0.6426
vn 0.2237 -0.7432 0.6305
vn 0.7183 -0.3193 0.6181
vn 0.7019 0.3307 0.6308
vn 0.0819 0.0881 -0.9927
vn 0.0004 0.0002 -1.0000
vn -0.0486 0.1386 -0.9892
vn -0.1929 0.0612 -0.9793
vn 0.1337 0.0563 -0.9894
vn -0.1325 -0.0562 -0.9896
vn 0.1934 -0.0613 -0.9792
vn -0.0813 -0.0881 -0.9928
vn 0.0492 -0.1388 -0.9891
vn -0.0000 -0.0000 1.0000
vn -0.0003 0.0004 1.0000
vn 0.2299 0.7411 -0.6308
vn 0.7205 0.3144 -0.6181
vn 0.6993 -0.3368 -0.6306
vn 0.3058 -0.7026 -0.6426
vn -0.7193 -0.3175 -0.6179
vn -0.7192 -0.3181 0.6177
vn 0.3058 -0.7026 0.6425
vn 0.6993 -0.3368 0.6306
vn 0.7205 0.3143 0.6181
vn 0.2299 0.7411 0.6308
vn -0.0097 0.1199 -0.9927
vn 0.0002 0.0004 -1.0000
vn -0.1351 0.0577 -0.9892
vn -0.1754 -0.1010 -0.9793
vn 0.0488 0.1367 -0.9894
vn -0.0480 -0.1356 -0.9896
vn 0.1758 0.1013 -0.9792
vn 0.0101 -0.1194 -0.9928
vn 0.1357 -0.0574 -0.9891
vn -0.0007 -0.0000 1.0000
vn 0.1679 0.7483 -0.6417
vn 0.6246 0.4604 -0.6308
vn 0.7666 -0.1741 -0.6181
vn 0.3635 -0.6858 -0.6306
vn -0.1703 -0.7472 -0.6425
vn -0.6218 -0.4634 -0.6313
vn -0.7676 0.1707 -0.6177
vn 0.1679 0.7483 0.6417
vn -0.6217 -0.4633 0.6315
vn -0.1703 -0.7470 0.6427
vn 0.7666 -0.1741 0.6181
vn 0.0633 0.1023 -0.9927
vn 0.0003 0.0002 -1.0000
vn -0.0746 0.1266 -0.9892
vn -0.2011 0.0226 -0.9793
vn 0.1203 0.0811 -0.9894
vn -0.1191 -0.0808 -0.9896
vn 0.2016 -0.0226 -0.9792
vn -0.0627 -0.1022 -0.9928
vn 0.0752 -0.1267 -0.9891
vn -0.0004 0.0004 1.0000
vn -0.7151 0.3273 -0.6177
vn -0.7152 0.3267 0.6179
vn 0.7069 0.3198 0.6308
vn 0.0832 0.0868 -0.9927
vn 0.0004 0.0001 -1.0000
vn -0.0465 0.1394 -0.9892
vn -0.1919 0.0641 -0.9793
vn 0.1346 0.0542 -0.9894
vn -0.1333 -0.0541 -0.9896
vn 0.1925 -0.0642 -0.9792
vn -0.0826 -0.0868 -0.9928
vn 0.0471 -0.1396 -0.9891
vn -0.0004 0.0005 1.0000
vn -0.4794 0.5987 -0.6417
vn 0.0307 0.7753 -0.6308
vn 0.7625 -0.1447 -0.6306
vn 0.4769 -0.5997 -0.6426
vn -0.0266 -0.7749 -0.6315
vn -0.6129 -0.4930 -0.6175
vn -0.4794 0.5987 0.6417
vn -0.6124 -0.4932 0.6179
vn -0.0266 -0.7750 0.6314
vn 0.4769 -0.5997 0.6425
vn 0.7625 -0.1447 0.6306
vn 0.0307 0.7753 0.6308
vn -0.0403 0.1133 -0.9927
vn 0.0001 0.0004 -1.0000
vn -0.1454 0.0208 -0.9892
vn -0.1433 -0.1429 -0.9793
vn 0.0118 0.1446 -0.9894
vn -0.0113 -0.1434 -0.9896
vn 0.1436 0.1433 -0.9792
vn 0.0406 -0.1128 -0.9928
vn 0.1459 -0.0204 -0.9891
vn -0.0005 -0.0001 1.0000
vn 0.5882 0.5060 -0.6308
vn 0.7775 -0.1160 -0.6181
vn -0.5852 -0.5088 -0.6315
vn -0.7783 0.1125 -0.6177
vn -0.7784 0.1120 0.6178
vn -0.1137 -0.7578 0.6425
vn 0.0554 0.1067 -0.9927
vn -0.0839 0.1206 -0.9892
vn -0.2022 0.0075 -0.9793
vn 0.1139 0.0899 -0.9894
vn -0.1127 -0.0895 -0.9896
vn 0.2028 -0.0074 -0.9792
vn -0.0548 -0.1066 -0.9928
vn 0.0845 -0.1207 -0.9891
vn -0.0007 0.0005 1.0000
vn 0.7225 0.2830 -0.6308
vn 0.1735 -0.7565 -0.6306
vn -0.3578 -0.6774 -0.6427
vn -0.7204 -0.2866 -0.6316
vn -0.6972 0.3637 -0.6178
vn -0.6975 0.3632 0.6177
vn -0.7206 -0.2866 0.6313
vn -0.3579 -0.6776 0.6424
vn 0.1735 -0.7565 0.6305
vn 0.6954 -0.3667 0.6181
vn 0.0876 0.0824 -0.9927
vn 0.0003 0.0001 -1.0000
vn -0.0393 0.1416 -0.9892
vn -0.1884 0.0739 -0.9793
vn 0.1372 0.0472 -0.9894
vn -0.1359 -0.0472 -0.9896
vn 0.1889 -0.0741 -0.9792
vn -0.0870 -0.0824 -0.9928
vn 0.0399 -0.1418 -0.9891
vn 0.0994 0.7604 -0.6418
vn 0.5802 0.5151 -0.6308
vn 0.7792 -0.1039 -0.6181
vn 0.4241 -0.6500 -0.6306
vn -0.1018 -0.7595 -0.6425
vn -0.7800 0.1003 -0.6177
vn -0.4268 0.6476 -0.6312
vn 0.0994 0.7605 0.6416
vn -0.4268 0.6477 0.6312
vn -0.7802 0.1002 0.6175
vn -0.5772 -0.5178 0.6315
vn 0.4242 -0.6500 0.6306
vn 0.7792 -0.1038 0.6181
vn 0.5803 0.5152 0.6308
vn 0.0537 0.1076 -0.9927
vn 0.0004 0.0003 -1.0000
vn -0.0857 0.1193 -0.9892
vn -0.2023 0.0043 -0.9793
vn 0.1125 0.0917 -0.9894
vn -0.1113 -0.0912 -0.9896
vn 0.2029 -0.0042 -0.9792
vn -0.0531 -0.1074 -0.9928
vn 0.0864 -0.1193 -0.9891
vn -0.0006 0.0004 1.0000
vn -0.3968 0.6564 -0.6417
vn 0.6738 0.4049 -0.6181
vn 0.7370 -0.2434 -0.6306
vn -0.1280 -0.7648 -0.6314
vn -0.6722 -0.4081 -0.6178
vn -0.7376 0.2400 -0.6312
vn -0.6722 -0.4085 0.6174
vn 0.3942 -0.6571 0.6426
vn 0.7370 -0.2434 0.6306
vn -0.0251 0.1176 -0.9927
vn -0.1414 0.0397 -0.9892
vn -0.1608 -0.1228 -0.9793
vn 0.0307 0.1418 -0.9894
vn -0.0300 -0.1407 -0.9896
vn 0.1612 0.1232 -0.9792
vn 0.0255 -0.1171 -0.9928
vn 0.1419 -0.0394 -0.9891
vn -0.6722 -0.4079 -0.6179
vn -0.6718 -0.4086 0.6178
vn -0.0009 -0.0001 1.0000
vn -0.3655 0.6743 -0.6417
vn 0.1679 0.7576 -0.6308
vn 0.7248 -0.2777 -0.6306
vn -0.1638 -0.7579 -0.6315
vn -0.6907 -0.3764 -0.6174
vn -0.1638 -0.7579 0.6314
vn 0.3629 -0.6748 0.6426
vn 0.7248 -0.2777 0.6305
vn -0.0196 0.1187 -0.9927
vn -0.1394 0.0463 -0.9892
vn -0.1664 -0.1152 -0.9793
vn 0.0373 0.1402 -0.9894
vn -0.0366 -0.1391 -0.9896
vn 0.1668 0.1155 -0.9792
vn 0.0199 -0.1182 -0.9928
vn 0.1399 -0.0460 -0.9891
vn -0.0008 -0.0000 1.0000
vn 0.1679 0.7484 -0.6417
vn -0.1703 -0.7471 -0.6426
vn -0.6218 -0.4634 -0.6314
vn -0.7675 0.1708 -0.6179
vn -0.3663 0.6836 0.6312
vn -0.6218 -0.4634 0.6314
vn -0.1703 -0.7471 0.6425
vn 0.3635 -0.6858 0.6305
vn -0.0005 0.0004 1.0000
vn -0.3656 0.6742 -0.6417
vn 0.6921 0.3729 -0.6181
vn 0.3628 -0.6749 -0.6426
vn -0.1638 -0.7579 -0.6314
vn -0.6902 -0.3766 0.6179
vn -0.1638 -0.7580 0.6314
vn 0.3628 -0.6749 0.6425
vn -0.0196 0.1186 -0.9927
vn 0.0001 0.0003 -1.0000
vn -0.1664 -0.1151 -0.9793
vn 0.4318 0.6339 -0.6417
vn 0.7503 0.1980 -0.6308
vn 0.0853 -0.7714 -0.6306
vn -0.4334 -0.6318 -0.6426
vn -0.7487 -0.2018 -0.6314
vn -0.6506 0.4415 -0.6179
vn -0.0887 0.7706 -0.6312
vn 0.4317 0.6339 0.6417
vn -0.0887 0.7705 0.6312
vn -0.6510 0.4409 0.6179
vn -0.7487 -0.2018 0.6314
vn -0.4334 -0.6319 0.6425
vn 0.0853 -0.7715 0.6305
vn 0.6485 -0.4443 0.6181
vn 0.7503 0.1980 0.6308
vn 0.0965 0.0718 -0.9927
vn -0.0227 0.1451 -0.9892
vn -0.1786 0.0951 -0.9793
vn 0.1417 0.0311 -0.9894
vn -0.1404 -0.0312 -0.9896
vn 0.1791 -0.0953 -0.9792
vn -0.0959 -0.0719 -0.9928
vn 0.0233 -0.1455 -0.9891
vn -0.0002 0.0004 1.0000
vn 0.4317 0.6339 -0.6417
vn -0.6507 0.4415 -0.6178
vn -0.6511 0.4408 0.6179
vn -0.7487 -0.2019 0.6314
vn 0.0853 -0.7714 0.6305
vn 0.0002 0.0001 -1.0000
vn -0.0116 0.7669 -0.6417
vn 0.4997 0.5936 -0.6308
vn 0.7861 0.0098 -0.6181
vn 0.5136 -0.5818 -0.6306
vn 0.0090 -0.7662 -0.6425
vn -0.4963 -0.5959 -0.6313
vn -0.7865 -0.0136 -0.6174
vn -0.5159 0.5792 -0.6312
vn -0.0116 0.7668 0.6417
vn -0.7862 -0.0139 0.6178
vn -0.4962 -0.5957 0.6315
vn 0.0090 -0.7661 0.6426
vn 0.5137 -0.5818 0.6305
vn 0.7861 0.0099 0.6181
vn 0.4997 0.5936 0.6308
vn 0.0376 0.1142 -0.9927
vn 0.0004 0.0004 -1.0000
vn -0.1021 0.1056 -0.9892
vn -0.2008 -0.0250 -0.9793
vn 0.0980 0.1070 -0.9894
vn -0.0969 -0.1063 -0.9896
vn 0.2013 0.0251 -0.9792
vn -0.0371 -0.1140 -0.9928
vn 0.1027 -0.1056 -0.9891
vn -0.0006 0.0003 1.0000
vn 0.6902 -0.3764 -0.6180
vn 0.1630 -0.7589 -0.6304
vn -0.3673 -0.6725 -0.6426
vn -0.7244 -0.2765 -0.6315
vn -0.6921 0.3734 -0.6177
vn -0.6923 0.3729 0.6178
vn -0.7245 -0.2765 0.6314
vn -0.3673 -0.6724 0.6426
vn 0.1629 -0.7588 0.6307
vn 0.6901 -0.3763 0.6182
vn 0.7263 0.2729 0.6308
vn 0.0887 0.0812 -0.9927
vn -0.0373 0.1421 -0.9892
vn -0.1873 0.0766 -0.9793
vn 0.1379 0.0453 -0.9894
vn -0.1366 -0.0453 -0.9896
vn 0.1878 -0.0767 -0.9792
vn -0.0881 -0.0812 -0.9928
vn 0.0379 -0.1424 -0.9891
vn -0.0004 0.0006 1.0000
vn -0.4244 0.6388 -0.6417
vn 0.0994 0.7696 -0.6308
vn 0.6559 0.4333 -0.6181
vn 0.7467 -0.2117 -0.6306
vn -0.6542 -0.4363 -0.6179
vn -0.7471 0.2083 -0.6312
vn -0.4244 0.6388 0.6417
vn -0.7471 0.2083 0.6312
vn -0.6542 -0.4368 0.6174
vn 0.4218 -0.6397 0.6425
vn 0.7467 -0.2118 0.6306
vn 0.6559 0.4333 0.6181
vn 0.0994 0.7695 0.6308
vn -0.0301 0.1164 -0.9927
vn -0.1430 0.0337 -0.9892
vn -0.1554 -0.1296 -0.9793
vn 0.0246 0.1430 -0.9894
vn -0.0240 -0.1419 -0.9896
vn 0.1558 0.1300 -0.9792
vn 0.0304 -0.1159 -0.9928
vn 0.1435 -0.0333 -0.9891
vn 0.3863 0.6729 -0.6308
vn 0.6088 -0.4814 -0.6306
vn 0.1449 -0.7524 -0.6426
vn -0.3825 -0.6745 -0.6315
vn -0.7714 -0.1529 -0.6177
vn -0.6105 0.4784 -0.6312
vn -0.6105 0.4783 0.6312
vn -0.7712 -0.1535 0.6179
vn 0.1449 -0.7524 0.6425
vn 0.6088 -0.4814 0.6305
vn 0.7718 0.1493 0.6181
vn 0.0168 0.1191 -0.9927
vn 0.0003 0.0004 -1.0000
vn -0.1192 0.0858 -0.9892
vn -0.1932 -0.0602 -0.9793
vn 0.0775 0.1227 -0.9894
vn -0.0765 -0.1219 -0.9896
vn 0.1937 0.0605 -0.9792
vn -0.0162 -0.1187 -0.9928
vn 0.1198 -0.0857 -0.9891
vn -0.0006 0.0002 1.0000
vn 0.7861 0.0043 -0.6181
vn 0.0036 -0.7662 -0.6426
vn -0.5005 -0.5923 -0.6315
vn -0.7863 -0.0077 -0.6178
vn -0.5118 0.5828 -0.6312
vn -0.5118 0.5829 0.6312
vn -0.7864 -0.0083 0.6177
vn 0.0036 -0.7662 0.6425
vn 0.7861 0.0043 0.6181
vn 0.5039 0.5901 0.6308
vn 0.0384 0.1139 -0.9927
vn 0.0003 0.0003 -1.0000
vn -0.1013 0.1064 -0.9892
vn -0.2010 -0.0235 -0.9793
vn 0.0988 0.1063 -0.9894
vn -0.0977 -0.1057 -0.9896
vn 0.2015 0.0237 -0.9792
vn -0.0379 -0.1137 -0.9928
vn 0.1020 -0.1063 -0.9891
vn -0.7834 0.6214 0.0116
vn -0.5954 0.6159 0.5159
vn -0.0029 0.6180 0.7862
vn 0.5790 0.6469 0.4963
vn 0.7490 0.6625 -0.0090
vn 0.5650 0.6457 -0.5137
vn -0.0261 0.6176 -0.7860
vn -0.6100 0.6150 -0.4996
vn -0.7498 -0.6615 0.0116
vn -0.5768 -0.6462 -0.4997
vn 0.0064 -0.6181 -0.7861
vn 0.5982 -0.6150 -0.5137
vn 0.7828 -0.6222 -0.0090
vn 0.6123 -0.6156 0.4962
vn 0.0299 -0.6168 0.7866
vn -0.5625 -0.6461 0.5160
vn -0.1404 0.9894 -0.0376
vn -0.1317 0.9860 0.1021
vn -0.0267 0.9996 -0.0002
vn -0.0009 0.9796 0.2008
vn -0.1331 0.9862 -0.0980
vn 0.0802 0.9921 0.0969
vn -0.0510 0.9782 -0.2013
vn 0.0877 0.9955 0.0371
vn 0.0794 0.9915 -0.1027
vn 0.0264 -0.9997 -0.0000
vn 0.0262 -0.9997 0.0004
vn -0.7833 0.6215 0.0116
vn -0.5954 0.6158 0.5160
vn -0.0025 0.6176 0.7865
vn 0.0300 -0.6171 0.7863
vn -0.5625 -0.6461 0.5159
vn -0.0264 0.9997 -0.0003
vn 0.5792 0.6468 0.4963
vn 0.0298 -0.6169 0.7865
vn 0.5791 0.6468 0.4962
vn 0.5651 0.6456 -0.5136
vn -0.5769 -0.6461 -0.4997
vn 0.6122 -0.6156 0.4962
vn -0.1315 0.9860 0.1021
vn -0.0265 0.9996 -0.0003
vn 0.0804 0.9920 0.0969
vn 0.0262 -0.9997 -0.0000
vn 0.0259 -0.9997 0.0004
vn -0.6099 0.6151 -0.4996
vn 0.5982 -0.6151 -0.5137
vn 0.0301 -0.6171 0.7863
vn -0.1402 0.9894 -0.0376
vn -0.0007 0.9796 0.2008
vn -0.1329 0.9863 -0.0980
vn 0.0879 0.9954 0.0371
vn 0.0796 0.9915 -0.1027
vn 0.0259 -0.9997 0.0006
vn 0.6122 -0.6157 0.4962
vn 0.0298 -0.6168 0.7865
vn -0.0028 0.6179 0.7862
vn 0.7491 0.6623 -0.0090
vn 0.5652 0.6455 -0.5136
vn -0.7499 -0.6614 0.0116
vn 0.5981 -0.6152 -0.5137
vn 0.7827 -0.6224 -0.0090
vn 0.0301 -0.6172 0.7862
vn -0.5625 -0.6460 0.5159
vn -0.1400 0.9894 -0.0376
vn -0.0005 0.9796 0.2008
vn -0.1327 0.9863 -0.0980
vn -0.0506 0.9782 -0.2013
vn 0.0881 0.9954 0.0371
vn 0.0798 0.9915 -0.1027
vn 0.0260 -0.9997 -0.0000
vn 0.0257 -0.9997 0.0006
vn -0.7833 0.6216 0.0116
vn -0.5953 0.6160 0.5159
vn -0.0027 0.6180 0.7862
vn 0.5792 0.6467 0.4962
vn 0.7492 0.6623 -0.0090
vn 0.0062 -0.6181 -0.7861
vn 0.0297 -0.6168 0.7866
vn -0.5626 -0.6460 0.5160
vn -0.1313 0.9861 0.1021
vn -0.0263 0.9997 -0.0003
vn 0.0806 0.9920 0.0969
vn 0.0258 -0.9997 0.0003
vn -0.7888 0.6146 0.0116
vn -0.6008 0.6106 0.5160
vn -0.0082 0.6178 0.7863
vn 0.5735 0.6518 0.4963
vn 0.7433 0.6689 -0.0090
vn 0.5595 0.6505 -0.5136
vn -0.0314 0.6174 -0.7860
vn -0.6153 0.6097 -0.4996
vn -0.7440 -0.6680 0.0116
vn -0.5713 -0.6511 -0.4997
vn 0.0117 -0.6180 -0.7861
vn 0.6035 -0.6099 -0.5137
vn 0.7881 -0.6154 -0.0090
vn 0.6175 -0.6103 0.4962
vn 0.0355 -0.6169 0.7862
vn -0.5568 -0.6510 0.5159
vn -0.1487 0.9882 -0.0376
vn -0.1400 0.9849 0.1021
vn -0.0352 0.9994 -0.0003
vn -0.0091 0.9796 0.2008
vn -0.1414 0.9851 -0.0980
vn 0.0718 0.9927 0.0969
vn -0.0592 0.9777 -0.2013
vn 0.0793 0.9962 0.0371
vn 0.0711 0.9922 -0.1027
vn 0.0348 -0.9994 -0.0000
vn 0.0345 -0.9994 0.0006
vn -0.6077 0.7940 0.0117
vn -0.4269 0.7427 0.5159
vn 0.1485 0.5993 0.7866
vn 0.7199 0.4854 0.4962
vn 0.8884 0.4590 -0.0091
vn 0.7058 0.4878 -0.5137
vn 0.1254 0.6052 -0.7862
vn -0.4411 0.7454 -0.4997
vn -0.8888 -0.4582 0.0116
vn -0.7173 -0.4857 -0.4997
vn -0.1445 -0.6011 -0.7860
vn 0.4296 -0.7427 -0.5137
vn 0.6067 -0.7949 -0.0091
vn 0.4429 -0.7467 0.4962
vn -0.1218 -0.6056 0.7864
vn -0.7033 -0.4891 0.5159
vn 0.1057 0.9937 -0.0376
vn 0.1133 0.9883 0.1021
vn 0.2185 0.9758 -0.0002
vn 0.2386 0.9501 0.2008
vn 0.1120 0.9889 -0.0980
vn 0.3203 0.9424 0.0969
vn 0.1897 0.9610 -0.2013
vn 0.3284 0.9438 0.0371
vn 0.3194 0.9420 -0.1027
vn -0.2188 -0.9758 -0.0000
vn -0.2190 -0.9757 0.0004
vn -0.0026 0.6177 0.7864
vn 0.0303 -0.6172 0.7863
vn 0.0302 -0.6171 0.7863
vn 0.0261 -0.9997 0.0006
vn -0.7837 0.6210 0.0116
vn -0.5957 0.6155 0.5160
vn -0.0032 0.6178 0.7863
vn 0.5790 0.6469 0.4962
vn 0.7489 0.6626 -0.0090
vn 0.5648 0.6459 -0.5137
vn -0.0265 0.6177 -0.7860
vn -0.6104 0.6146 -0.4997
vn -0.7494 -0.6620 0.0116
vn -0.5765 -0.6466 -0.4996
vn 0.0067 -0.6181 -0.7861
vn 0.5985 -0.6148 -0.5137
vn 0.7829 -0.6221 -0.0090
vn 0.6123 -0.6155 0.4962
vn 0.0305 -0.6172 0.7862
vn -0.5622 -0.6464 0.5159
vn -0.6646 0.6243 -0.4106
vn -0.7838 0.6105 0.1140
vn -0.4361 0.6061 0.6652
vn 0.2093 0.6373 0.7417
vn 0.6283 0.6597 0.4124
vn 0.7510 0.6510 -0.1106
vn 0.4060 0.6292 -0.6628
vn -0.2391 0.6247 -0.7434
vn -0.6304 -0.6587 -0.4107
vn -0.2058 -0.6365 -0.7433
vn 0.4391 -0.6065 -0.6628
vn 0.7849 -0.6097 -0.1107
vn 0.6627 -0.6250 0.4125
vn 0.2431 -0.6252 0.7417
vn -0.4027 -0.6287 0.6653
vn -0.7501 -0.6515 0.1139
vn -0.1011 0.9904 -0.0940
vn -0.1704 0.9850 0.0275
vn -0.1150 0.9766 0.1817
vn -0.0619 0.9881 -0.1406
vn 0.0097 0.9902 0.1394
vn 0.0635 0.9812 -0.1821
vn 0.0488 0.9944 0.0935
vn 0.1184 0.9926 -0.0280
vt 0.182890 0.474615
vt 0.240617 0.469953
vt 0.321498 0.468750
vt 0.379371 0.471731
vt 0.379371 0.477042
vt 0.322803 0.481684
vt 0.240763 0.482908
vt 0.183031 0.479993
vt 0.000000 0.501268
vt 0.049417 0.499461
vt 0.082698 0.502348
vt 0.117095 0.499399
vt 0.000009 0.503661
vt 0.164115 0.501054
vt 0.047059 0.505317
vt 0.164115 0.503448
vt 0.115970 0.505237
vt 0.597556 0.499771
vt 0.568294 0.502270
vt 0.528543 0.501625
vt 0.500306 0.498334
vt 0.500580 0.494191
vt 0.529559 0.491763
vt 0.569345 0.492409
vt 0.597556 0.495697
s 1
usemtl Meshpart1Mtl.065
f 5/1/1 7/2/2 8/3/3 6/4/4 4/5/5 2/6/6 3/7/7 1/8/8
f 13/1/9 9/8/10 10/7/11 11/6/12 12/5/13 14/4/14 16/3/15 15/2/16
f 3/7/7 10/7/11 9/8/10 1/8/8
f 7/2/2 15/2/16 16/3/15 8/3/3
f 5/1/1 13/1/9 15/2/16 7/2/2
f 1/8/8 9/8/10 13/1/9 5/1/1
f 2/6/6 11/6/12 10/7/11 3/7/7
f 8/3/3 16/3/15 14/4/14 6/4/4
f 6/4/4 14/4/14 12/5/13 4/5/5
f 4/5/5 12/5/13 11/6/12 2/6/6
usemtl Meshpart2Mtl.033
f 17/9/17 18/10/18 19/11/19
f 18/10/18 20/12/20 19/11/19
f 21/13/21 17/9/17 19/11/19
f 20/12/20 22/14/22 19/11/19
f 23/15/23 21/13/21 19/11/19
f 22/14/22 24/16/24 19/11/19
f 25/17/25 23/15/23 19/11/19
f 24/16/24 25/17/25 19/11/19
f 18/18/26 17/19/26 21/20/26 23/21/26 25/22/26 24/23/26 22/24/26 20/25/26
usemtl Meshpart1Mtl.002
f 30/1/27 32/2/28 33/3/29 31/4/30 29/5/31 27/6/32 28/7/33 26/8/34
f 38/1/35 34/8/36 35/7/37 36/6/38 37/5/39 39/4/40 41/3/41 40/2/42
f 28/7/33 35/7/37 34/8/36 26/8/34
f 32/2/28 40/2/42 41/3/41 33/3/29
f 30/1/27 38/1/35 40/2/42 32/2/28
f 26/8/34 34/8/36 38/1/35 30/1/27
f 27/6/32 36/6/38 35/7/37 28/7/33
f 33/3/29 41/3/41 39/4/40 31/4/30
f 31/4/30 39/4/40 37/5/39 29/5/31
f 29/5/31 37/5/39 36/6/38 27/6/32
f 530/1/492 526/8/493 528/7/494 527/6/495 529/5/496 531/4/497 533/3/498 532/2/42
f 538/1/27 540/2/28 541/3/499 539/4/500 537/5/501 536/6/502 535/7/503 534/8/504
f 528/7/494 526/8/493 534/8/504 535/7/503
f 532/2/42 533/3/498 541/3/499 540/2/28
f 530/1/492 532/2/42 540/2/28 538/1/27
f 526/8/493 530/1/492 538/1/27 534/8/504
f 527/6/495 528/7/494 535/7/503 536/6/502
f 533/3/498 531/4/497 539/4/500 541/3/499
f 531/4/497 529/5/496 537/5/501 539/4/500
f 529/5/496 527/6/495 536/6/502 537/5/501
usemtl Meshpart2Mtl.001
f 42/9/43 43/10/44 44/11/45
f 43/10/44 45/12/46 44/11/45
f 46/13/47 42/9/43 44/11/45
f 45/12/46 47/14/48 44/11/45
f 48/15/49 46/13/47 44/11/45
f 47/14/48 49/16/50 44/11/45
f 50/17/51 48/15/49 44/11/45
f 49/16/50 50/17/51 44/11/45
f 43/18/52 42/19/53 46/20/52 48/21/52 50/22/52 49/23/52 47/24/52 45/25/52
f 542/9/505 544/11/506 543/10/507
f 543/10/507 544/11/506 545/12/508
f 546/13/509 544/11/506 542/9/505
f 545/12/508 544/11/506 547/14/510
f 548/15/511 544/11/506 546/13/509
f 547/14/510 544/11/506 549/16/512
f 550/17/513 544/11/506 548/15/511
f 549/16/512 544/11/506 550/17/513
f 543/18/514 545/25/514 547/24/514 549/23/514 550/22/514 548/21/514 546/20/514 542/19/515
usemtl Meshpart1Mtl.006
f 55/1/54 57/2/55 58/3/56 56/4/57 54/5/58 52/6/59 53/7/60 51/8/61
f 63/1/62 59/8/63 60/7/64 61/6/65 62/5/66 64/4/67 66/3/68 65/2/69
f 53/7/60 60/7/64 59/8/63 51/8/61
f 57/2/55 65/2/69 66/3/68 58/3/56
f 55/1/54 63/1/62 65/2/69 57/2/55
f 51/8/61 59/8/63 63/1/62 55/1/54
f 52/6/59 61/6/65 60/7/64 53/7/60
f 58/3/56 66/3/68 64/4/67 56/4/57
f 56/4/57 64/4/67 62/5/66 54/5/58
f 54/5/58 62/5/66 61/6/65 52/6/59
f 555/1/62 551/8/516 553/7/517 552/6/518 554/5/519 556/4/67 558/3/520 557/2/69
f 563/1/54 565/2/55 566/3/521 564/4/57 562/5/522 561/6/523 560/7/524 559/8/525
f 553/7/517 551/8/516 559/8/525 560/7/524
f 557/2/69 558/3/520 566/3/521 565/2/55
f 555/1/62 557/2/69 565/2/55 563/1/54
f 551/8/516 555/1/62 563/1/54 559/8/525
f 552/6/518 553/7/517 560/7/524 561/6/523
f 558/3/520 556/4/67 564/4/57 566/3/521
f 556/4/67 554/5/519 562/5/522 564/4/57
f 554/5/519 552/6/518 561/6/523 562/5/522
usemtl Meshpart2Mtl.003
f 67/9/70 68/10/71 69/11/72
f 68/10/71 70/12/73 69/11/72
f 71/13/74 67/9/70 69/11/72
f 70/12/73 72/14/75 69/11/72
f 73/15/76 71/13/74 69/11/72
f 72/14/75 74/16/77 69/11/72
f 75/17/78 73/15/76 69/11/72
f 74/16/77 75/17/78 69/11/72
f 68/18/52 67/19/79 71/20/52 73/21/52 75/22/52 74/23/52 72/24/52 70/25/52
f 567/9/526 569/11/527 568/10/528
f 568/10/528 569/11/527 570/12/529
f 571/13/530 569/11/527 567/9/526
f 570/12/529 569/11/527 572/14/531
f 573/15/532 569/11/527 571/13/530
f 572/14/531 569/11/527 574/16/533
f 575/17/534 569/11/527 573/15/532
f 574/16/533 569/11/527 575/17/534
f 568/18/514 570/25/514 572/24/514 574/23/514 575/22/514 573/21/514 571/20/514 567/19/535
usemtl Meshpart1Mtl.011
f 80/1/80 82/2/81 83/3/82 81/4/83 79/5/84 77/6/85 78/7/86 76/8/87
f 88/1/88 84/8/89 85/7/90 86/6/91 87/5/92 89/4/93 91/3/94 90/2/95
f 78/7/86 85/7/90 84/8/89 76/8/87
f 82/2/81 90/2/95 91/3/94 83/3/82
f 80/1/80 88/1/88 90/2/95 82/2/81
f 76/8/87 84/8/89 88/1/88 80/1/80
f 77/6/85 86/6/91 85/7/90 78/7/86
f 83/3/82 91/3/94 89/4/93 81/4/83
f 81/4/83 89/4/93 87/5/92 79/5/84
f 79/5/84 87/5/92 86/6/91 77/6/85
f 580/1/536 576/8/537 578/7/538 577/6/539 579/5/540 581/4/541 583/3/542 582/2/95
f 588/1/543 590/2/81 591/3/293 589/4/544 587/5/545 586/6/296 585/7/546 584/8/298
f 578/7/538 576/8/537 584/8/298 585/7/546
f 582/2/95 583/3/542 591/3/293 590/2/81
f 580/1/536 582/2/95 590/2/81 588/1/543
f 576/8/537 580/1/536 588/1/543 584/8/298
f 577/6/539 578/7/538 585/7/546 586/6/296
f 583/3/542 581/4/541 589/4/544 591/3/293
f 581/4/541 579/5/540 587/5/545 589/4/544
f 579/5/540 577/6/539 586/6/296 587/5/545
usemtl Meshpart2Mtl.006
f 92/9/96 93/10/97 94/11/98
f 93/10/97 95/12/99 94/11/98
f 96/13/100 92/9/96 94/11/98
f 95/12/99 97/14/101 94/11/98
f 98/15/102 96/13/100 94/11/98
f 97/14/101 99/16/103 94/11/98
f 100/17/104 98/15/102 94/11/98
f 99/16/103 100/17/104 94/11/98
f 93/18/52 92/19/105 96/20/52 98/21/52 100/22/52 99/23/52 97/24/52 95/25/52
f 592/9/547 594/11/548 593/10/549
f 593/10/549 594/11/548 595/12/550
f 596/13/551 594/11/548 592/9/547
f 595/12/550 594/11/548 597/14/552
f 598/15/553 594/11/548 596/13/551
f 597/14/552 594/11/548 599/16/554
f 600/17/555 594/11/548 598/15/553
f 599/16/554 594/11/548 600/17/555
f 593/18/514 595/25/514 597/24/514 599/23/514 600/22/514 598/21/514 596/20/514 592/19/556
usemtl Meshpart1Mtl.015
f 105/1/106 107/2/107 108/3/108 106/4/109 104/5/110 102/6/111 103/7/112 101/8/113
f 113/1/114 109/8/115 110/7/116 111/6/117 112/5/118 114/4/119 116/3/120 115/2/121
f 103/7/112 110/7/116 109/8/115 101/8/113
f 107/2/107 115/2/121 116/3/120 108/3/108
f 105/1/106 113/1/114 115/2/121 107/2/107
f 101/8/113 109/8/115 113/1/114 105/1/106
f 102/6/111 111/6/117 110/7/116 103/7/112
f 108/3/108 116/3/120 114/4/119 106/4/109
f 106/4/109 114/4/119 112/5/118 104/5/110
f 104/5/110 112/5/118 111/6/117 102/6/111
f 605/1/114 601/8/115 603/7/116 602/6/117 604/5/118 606/4/119 608/3/557 607/2/121
f 613/1/106 615/2/107 616/3/558 614/4/109 612/5/110 611/6/111 610/7/112 609/8/559
f 603/7/116 601/8/115 609/8/559 610/7/112
f 607/2/121 608/3/557 616/3/558 615/2/107
f 605/1/114 607/2/121 615/2/107 613/1/106
f 601/8/115 605/1/114 613/1/106 609/8/559
f 602/6/117 603/7/116 610/7/112 611/6/111
f 608/3/557 606/4/119 614/4/109 616/3/558
f 606/4/119 604/5/118 612/5/110 614/4/109
f 604/5/118 602/6/117 611/6/111 612/5/110
usemtl Meshpart2Mtl.008
f 117/9/122 118/10/123 119/11/45
f 118/10/123 120/12/124 119/11/45
f 121/13/125 117/9/122 119/11/45
f 120/12/124 122/14/126 119/11/45
f 123/15/127 121/13/125 119/11/45
f 122/14/126 124/16/128 119/11/45
f 125/17/129 123/15/127 119/11/45
f 124/16/128 125/17/129 119/11/45
f 118/18/52 117/19/53 121/20/52 123/21/52 125/22/52 124/23/52 122/24/52 120/25/52
f 617/9/560 619/11/561 618/10/562
f 618/10/562 619/11/561 620/12/563
f 621/13/564 619/11/561 617/9/560
f 620/12/563 619/11/561 622/14/565
f 623/15/566 619/11/561 621/13/564
f 622/14/565 619/11/561 624/16/567
f 625/17/568 619/11/561 623/15/566
f 624/16/567 619/11/561 625/17/568
f 618/18/514 620/25/514 622/24/514 624/23/514 625/22/514 623/21/514 621/20/514 617/19/569
usemtl Meshpart1Mtl.017
f 130/1/130 132/2/131 133/3/132 131/4/133 129/5/134 127/6/135 128/7/136 126/8/137
f 138/1/138 134/8/139 135/7/140 136/6/141 137/5/142 139/4/143 141/3/144 140/2/145
f 128/7/136 135/7/140 134/8/139 126/8/137
f 132/2/131 140/2/145 141/3/144 133/3/132
f 130/1/130 138/1/138 140/2/145 132/2/131
f 126/8/137 134/8/139 138/1/138 130/1/130
f 127/6/135 136/6/141 135/7/140 128/7/136
f 133/3/132 141/3/144 139/4/143 131/4/133
f 131/4/133 139/4/143 137/5/142 129/5/134
f 129/5/134 137/5/142 136/6/141 127/6/135
f 630/1/570 626/8/571 628/7/140 627/6/572 629/5/573 631/4/574 633/3/575 632/2/145
f 638/1/576 640/2/131 641/3/577 639/4/578 637/5/579 636/6/580 635/7/136 634/8/581
f 628/7/140 626/8/571 634/8/581 635/7/136
f 632/2/145 633/3/575 641/3/577 640/2/131
f 630/1/570 632/2/145 640/2/131 638/1/576
f 626/8/571 630/1/570 638/1/576 634/8/581
f 627/6/572 628/7/140 635/7/136 636/6/580
f 633/3/575 631/4/574 639/4/578 641/3/577
f 631/4/574 629/5/573 637/5/579 639/4/578
f 629/5/573 627/6/572 636/6/580 637/5/579
usemtl Meshpart2Mtl.009
f 142/9/146 143/10/147 144/11/148
f 143/10/147 145/12/149 144/11/148
f 146/13/150 142/9/146 144/11/148
f 145/12/149 147/14/151 144/11/148
f 148/15/152 146/13/150 144/11/148
f 147/14/151 149/16/153 144/11/148
f 150/17/154 148/15/152 144/11/148
f 149/16/153 150/17/154 144/11/148
f 143/18/52 142/19/155 146/20/52 148/21/52 150/22/52 149/23/52 147/24/52 145/25/52
f 642/9/582 644/11/583 643/10/584
f 643/10/584 644/11/583 645/12/585
f 646/13/586 644/11/583 642/9/582
f 645/12/585 644/11/583 647/14/587
f 648/15/588 644/11/583 646/13/586
f 647/14/587 644/11/583 649/16/589
f 650/17/590 644/11/583 648/15/588
f 649/16/589 644/11/583 650/17/590
f 643/18/514 645/25/514 647/24/514 649/23/514 650/22/514 648/21/514 646/20/514 642/19/591
usemtl Meshpart1Mtl.019
f 155/1/156 157/2/157 158/3/158 156/4/159 154/5/160 152/6/161 153/7/162 151/8/163
f 163/1/164 159/8/165 160/7/166 161/6/167 162/5/168 164/4/169 166/3/170 165/2/171
f 153/7/162 160/7/166 159/8/165 151/8/163
f 157/2/157 165/2/171 166/3/170 158/3/158
f 155/1/156 163/1/164 165/2/171 157/2/157
f 151/8/163 159/8/165 163/1/164 155/1/156
f 152/6/161 161/6/167 160/7/166 153/7/162
f 158/3/158 166/3/170 164/4/169 156/4/159
f 156/4/159 164/4/169 162/5/168 154/5/160
f 154/5/160 162/5/168 161/6/167 152/6/161
f 655/1/164 651/8/592 653/7/593 652/6/167 654/5/168 656/4/594 658/3/595 657/2/171
f 663/1/156 665/2/157 666/3/596 664/4/159 662/5/597 661/6/161 660/7/162 659/8/163
f 653/7/593 651/8/592 659/8/163 660/7/162
f 657/2/171 658/3/595 666/3/596 665/2/157
f 655/1/164 657/2/171 665/2/157 663/1/156
f 651/8/592 655/1/164 663/1/156 659/8/163
f 652/6/167 653/7/593 660/7/162 661/6/161
f 658/3/595 656/4/594 664/4/159 666/3/596
f 656/4/594 654/5/168 662/5/597 664/4/159
f 654/5/168 652/6/167 661/6/161 662/5/597
usemtl Meshpart2Mtl.010
f 167/9/172 168/10/173 169/11/174
f 168/10/173 170/12/175 169/11/174
f 171/13/176 167/9/172 169/11/174
f 170/12/175 172/14/177 169/11/174
f 173/15/178 171/13/176 169/11/174
f 172/14/177 174/16/179 169/11/174
f 175/17/180 173/15/178 169/11/174
f 174/16/179 175/17/180 169/11/174
f 168/18/52 167/19/105 171/20/52 173/21/52 175/22/52 174/23/52 172/24/52 170/25/52
f 667/9/598 669/11/548 668/10/599
f 668/10/599 669/11/548 670/12/600
f 671/13/601 669/11/548 667/9/598
f 670/12/600 669/11/548 672/14/602
f 673/15/603 669/11/548 671/13/601
f 672/14/602 669/11/548 674/16/604
f 675/17/605 669/11/548 673/15/603
f 674/16/604 669/11/548 675/17/605
f 668/18/514 670/25/514 672/24/514 674/23/514 675/22/514 673/21/514 671/20/514 667/19/606
usemtl Meshpart1Mtl.023
f 180/1/181 182/2/182 183/3/183 181/4/184 179/5/185 177/6/186 178/7/187 176/8/188
f 188/1/189 184/8/190 185/7/191 186/6/192 187/5/193 189/4/194 191/3/195 190/2/196
f 178/7/187 185/7/191 184/8/190 176/8/188
f 182/2/182 190/2/196 191/3/195 183/3/183
f 180/1/181 188/1/189 190/2/196 182/2/182
f 176/8/188 184/8/190 188/1/189 180/1/181
f 177/6/186 186/6/192 185/7/191 178/7/187
f 183/3/183 191/3/195 189/4/194 181/4/184
f 181/4/184 189/4/194 187/5/193 179/5/185
f 179/5/185 187/5/193 186/6/192 177/6/186
f 680/1/189 676/8/607 678/7/191 677/6/608 679/5/609 681/4/610 683/3/611 682/2/196
f 688/1/181 690/2/182 691/3/612 689/4/613 687/5/614 686/6/615 685/7/616 684/8/188
f 678/7/191 676/8/607 684/8/188 685/7/616
f 682/2/196 683/3/611 691/3/612 690/2/182
f 680/1/189 682/2/196 690/2/182 688/1/181
f 676/8/607 680/1/189 688/1/181 684/8/188
f 677/6/608 678/7/191 685/7/616 686/6/615
f 683/3/611 681/4/610 689/4/613 691/3/612
f 681/4/610 679/5/609 687/5/614 689/4/613
f 679/5/609 677/6/608 686/6/615 687/5/614
usemtl Meshpart2Mtl.012
f 192/9/197 193/10/198 194/11/45
f 193/10/198 195/12/199 194/11/45
f 196/13/200 192/9/197 194/11/45
f 195/12/199 197/14/201 194/11/45
f 198/15/202 196/13/200 194/11/45
f 197/14/201 199/16/203 194/11/45
f 200/17/204 198/15/202 194/11/45
f 199/16/203 200/17/204 194/11/45
f 193/18/52 192/19/205 196/20/52 198/21/52 200/22/52 199/23/52 197/24/52 195/25/52
f 692/9/617 694/11/618 693/10/619
f 693/10/619 694/11/618 695/12/620
f 696/13/621 694/11/618 692/9/617
f 695/12/620 694/11/618 697/14/622
f 698/15/623 694/11/618 696/13/621
f 697/14/622 694/11/618 699/16/624
f 700/17/625 694/11/618 698/15/623
f 699/16/624 694/11/618 700/17/625
f 693/18/514 695/25/514 697/24/514 699/23/514 700/22/514 698/21/514 696/20/514 692/19/515
usemtl Meshpart1Mtl.025
f 205/1/206 207/2/207 208/3/208 206/4/209 204/5/210 202/6/211 203/7/212 201/8/213
f 213/1/214 209/8/215 210/7/216 211/6/217 212/5/218 214/4/219 216/3/220 215/2/221
f 203/7/212 210/7/216 209/8/215 201/8/213
f 207/2/207 215/2/221 216/3/220 208/3/208
f 205/1/206 213/1/214 215/2/221 207/2/207
f 201/8/213 209/8/215 213/1/214 205/1/206
f 202/6/211 211/6/217 210/7/216 203/7/212
f 208/3/208 216/3/220 214/4/219 206/4/209
f 206/4/209 214/4/219 212/5/218 204/5/210
f 204/5/210 212/5/218 211/6/217 202/6/211
f 705/1/626 701/8/627 703/7/628 702/6/629 704/5/630 706/4/219 708/3/631 707/2/632
f 713/1/633 715/2/634 716/3/635 714/4/636 712/5/210 711/6/637 710/7/638 709/8/639
f 703/7/628 701/8/627 709/8/639 710/7/638
f 707/2/632 708/3/631 716/3/635 715/2/634
f 705/1/626 707/2/632 715/2/634 713/1/633
f 701/8/627 705/1/626 713/1/633 709/8/639
f 702/6/629 703/7/628 710/7/638 711/6/637
f 708/3/631 706/4/219 714/4/636 716/3/635
f 706/4/219 704/5/630 712/5/210 714/4/636
f 704/5/630 702/6/629 711/6/637 712/5/210
usemtl Meshpart2Mtl.013
f 217/9/222 218/10/223 219/11/224
f 218/10/223 220/12/225 219/11/224
f 221/13/226 217/9/222 219/11/224
f 220/12/225 222/14/227 219/11/224
f 223/15/228 221/13/226 219/11/224
f 222/14/227 224/16/229 219/11/224
f 225/17/230 223/15/228 219/11/224
f 224/16/229 225/17/230 219/11/224
f 218/18/52 217/19/231 221/20/52 223/21/52 225/22/52 224/23/52 222/24/52 220/25/52
f 717/9/640 719/11/641 718/10/642
f 718/10/642 719/11/641 720/12/643
f 721/13/644 719/11/641 717/9/640
f 720/12/643 719/11/641 722/14/645
f 723/15/646 719/11/641 721/13/644
f 722/14/645 719/11/641 724/16/647
f 725/17/648 719/11/641 723/15/646
f 724/16/647 719/11/641 725/17/648
f 718/18/514 720/25/514 722/24/514 724/23/514 725/22/514 723/21/514 721/20/514 717/19/649
usemtl Meshpart1Mtl.027
f 230/1/232 232/2/233 233/3/234 231/4/235 229/5/236 227/6/237 228/7/238 226/8/239
f 238/1/240 234/8/241 235/7/242 236/6/243 237/5/244 239/4/245 241/3/246 240/2/247
f 228/7/238 235/7/242 234/8/241 226/8/239
f 232/2/233 240/2/247 241/3/246 233/3/234
f 230/1/232 238/1/240 240/2/247 232/2/233
f 226/8/239 234/8/241 238/1/240 230/1/232
f 227/6/237 236/6/243 235/7/242 228/7/238
f 233/3/234 241/3/246 239/4/245 231/4/235
f 231/4/235 239/4/245 237/5/244 229/5/236
f 229/5/236 237/5/244 236/6/243 227/6/237
f 730/1/650 726/8/241 728/7/651 727/6/652 729/5/244 731/4/653 733/3/654 732/2/655
f 738/1/232 740/2/233 741/3/656 739/4/235 737/5/657 736/6/658 735/7/238 734/8/239
f 728/7/651 726/8/241 734/8/239 735/7/238
f 732/2/655 733/3/654 741/3/656 740/2/233
f 730/1/650 732/2/655 740/2/233 738/1/232
f 726/8/241 730/1/650 738/1/232 734/8/239
f 727/6/652 728/7/651 735/7/238 736/6/658
f 733/3/654 731/4/653 739/4/235 741/3/656
f 731/4/653 729/5/244 737/5/657 739/4/235
f 729/5/244 727/6/652 736/6/658 737/5/657
usemtl Meshpart2Mtl.014
f 242/9/248 243/10/249 244/11/72
f 243/10/249 245/12/250 244/11/72
f 246/13/251 242/9/248 244/11/72
f 245/12/250 247/14/252 244/11/72
f 248/15/253 246/13/251 244/11/72
f 247/14/252 249/16/254 244/11/72
f 250/17/255 248/15/253 244/11/72
f 249/16/254 250/17/255 244/11/72
f 243/18/52 242/19/79 246/20/52 248/21/52 250/22/52 249/23/52 247/24/52 245/25/52
f 742/9/659 744/11/583 743/10/660
f 743/10/660 744/11/583 745/12/661
f 746/13/662 744/11/583 742/9/659
f 745/12/661 744/11/583 747/14/663
f 748/15/664 744/11/583 746/13/662
f 747/14/663 744/11/583 749/16/665
f 750/17/666 744/11/583 748/15/664
f 749/16/665 744/11/583 750/17/666
f 743/18/514 745/25/514 747/24/514 749/23/514 750/22/514 748/21/514 746/20/514 742/19/535
usemtl Meshpart1Mtl.029
f 255/1/256 257/2/257 258/3/258 256/4/259 254/5/260 252/6/237 253/7/238 251/8/239
f 263/1/261 259/8/241 260/7/242 261/6/243 262/5/262 264/4/263 266/3/264 265/2/265
f 253/7/238 260/7/242 259/8/241 251/8/239
f 257/2/257 265/2/265 266/3/264 258/3/258
f 255/1/256 263/1/261 265/2/265 257/2/257
f 251/8/239 259/8/241 263/1/261 255/1/256
f 252/6/237 261/6/243 260/7/242 253/7/238
f 258/3/258 266/3/264 264/4/263 256/4/259
f 256/4/259 264/4/263 262/5/262 254/5/260
f 254/5/260 262/5/262 261/6/243 252/6/237
f 755/1/261 751/8/241 753/7/651 752/6/243 754/5/244 756/4/245 758/3/667 757/2/265
f 763/1/256 765/2/257 766/3/668 764/4/235 762/5/236 761/6/237 760/7/238 759/8/239
f 753/7/651 751/8/241 759/8/239 760/7/238
f 757/2/265 758/3/667 766/3/668 765/2/257
f 755/1/261 757/2/265 765/2/257 763/1/256
f 751/8/241 755/1/261 763/1/256 759/8/239
f 752/6/243 753/7/651 760/7/238 761/6/237
f 758/3/667 756/4/245 764/4/235 766/3/668
f 756/4/245 754/5/244 762/5/236 764/4/235
f 754/5/244 752/6/243 761/6/237 762/5/236
usemtl Meshpart2Mtl.015
f 267/9/248 268/10/249 269/11/266
f 268/10/249 270/12/267 269/11/266
f 271/13/251 267/9/248 269/11/266
f 270/12/267 272/14/252 269/11/266
f 273/15/253 271/13/251 269/11/266
f 272/14/252 274/16/254 269/11/266
f 275/17/255 273/15/253 269/11/266
f 274/16/254 275/17/255 269/11/266
f 268/18/52 267/19/79 271/20/52 273/21/52 275/22/52 274/23/52 272/24/52 270/25/52
f 767/9/659 769/11/583 768/10/660
f 768/10/660 769/11/583 770/12/661
f 771/13/662 769/11/583 767/9/659
f 770/12/661 769/11/583 772/14/663
f 773/15/664 769/11/583 771/13/662
f 772/14/663 769/11/583 774/16/665
f 775/17/666 769/11/583 773/15/664
f 774/16/665 769/11/583 775/17/666
f 768/18/514 770/25/514 772/24/514 774/23/514 775/22/514 773/21/514 771/20/514 767/19/669
usemtl Meshpart1Mtl.037
f 280/1/268 282/2/269 283/3/270 281/4/271 279/5/272 277/6/273 278/7/274 276/8/275
f 288/1/276 284/8/277 285/7/278 286/6/279 287/5/280 289/4/281 291/3/282 290/2/283
f 278/7/274 285/7/278 284/8/277 276/8/275
f 282/2/269 290/2/283 291/3/282 283/3/270
f 280/1/268 288/1/276 290/2/283 282/2/269
f 276/8/275 284/8/277 288/1/276 280/1/268
f 277/6/273 286/6/279 285/7/278 278/7/274
f 283/3/270 291/3/282 289/4/281 281/4/271
f 281/4/271 289/4/281 287/5/280 279/5/272
f 279/5/272 287/5/280 286/6/279 277/6/273
f 780/1/670 776/8/671 778/7/278 777/6/672 779/5/280 781/4/673 783/3/674 782/2/283
f 788/1/268 790/2/269 791/3/308 789/4/675 787/5/676 786/6/677 785/7/274 784/8/275
f 778/7/278 776/8/671 784/8/275 785/7/274
f 782/2/283 783/3/674 791/3/308 790/2/269
f 780/1/670 782/2/283 790/2/269 788/1/268
f 776/8/671 780/1/670 788/1/268 784/8/275
f 777/6/672 778/7/278 785/7/274 786/6/677
f 783/3/674 781/4/673 789/4/675 791/3/308
f 781/4/673 779/5/280 787/5/676 789/4/675
f 779/5/280 777/6/672 786/6/677 787/5/676
usemtl Meshpart2Mtl.019
f 292/9/284 293/10/285 294/11/72
f 293/10/285 295/12/286 294/11/72
f 296/13/287 292/9/284 294/11/72
f 295/12/286 297/14/288 294/11/72
f 298/15/289 296/13/287 294/11/72
f 297/14/288 299/16/290 294/11/72
f 300/17/291 298/15/289 294/11/72
f 299/16/290 300/17/291 294/11/72
f 293/18/52 292/19/79 296/20/52 298/21/52 300/22/52 299/23/52 297/24/52 295/25/52
f 792/9/678 794/11/583 793/10/679
f 793/10/679 794/11/583 795/12/680
f 796/13/681 794/11/583 792/9/678
f 795/12/680 794/11/583 797/14/682
f 798/15/683 794/11/583 796/13/681
f 797/14/682 794/11/583 799/16/684
f 800/17/685 794/11/583 798/15/683
f 799/16/684 794/11/583 800/17/685
f 793/18/514 795/25/514 797/24/514 799/23/514 800/22/514 798/21/514 796/20/514 792/19/686
usemtl Meshpart1Mtl.039
f 305/1/292 307/2/81 308/3/293 306/4/294 304/5/295 302/6/296 303/7/297 301/8/298
f 313/1/299 309/8/300 310/7/301 311/6/302 312/5/303 314/4/93 316/3/304 315/2/95
f 303/7/297 310/7/301 309/8/300 301/8/298
f 307/2/81 315/2/95 316/3/304 308/3/293
f 305/1/292 313/1/299 315/2/95 307/2/81
f 301/8/298 309/8/300 313/1/299 305/1/292
f 302/6/296 311/6/302 310/7/301 303/7/297
f 308/3/293 316/3/304 314/4/93 306/4/294
f 306/4/294 314/4/93 312/5/303 304/5/295
f 304/5/295 312/5/303 311/6/302 302/6/296
f 805/1/687 801/8/537 803/7/538 802/6/539 804/5/688 806/4/689 808/3/690 807/2/95
f 813/1/543 815/2/691 816/3/293 814/4/692 812/5/693 811/6/694 810/7/546 809/8/298
f 803/7/538 801/8/537 809/8/298 810/7/546
f 807/2/95 808/3/690 816/3/293 815/2/691
f 805/1/687 807/2/95 815/2/691 813/1/543
f 801/8/537 805/1/687 813/1/543 809/8/298
f 802/6/539 803/7/538 810/7/546 811/6/694
f 808/3/690 806/4/689 814/4/692 816/3/293
f 806/4/689 804/5/688 812/5/693 814/4/692
f 804/5/688 802/6/539 811/6/694 812/5/693
usemtl Meshpart2Mtl.020
f 317/9/96 318/10/97 319/11/305
f 318/10/97 320/12/99 319/11/305
f 321/13/100 317/9/96 319/11/305
f 320/12/99 322/14/101 319/11/305
f 323/15/102 321/13/100 319/11/305
f 322/14/101 324/16/103 319/11/305
f 325/17/104 323/15/102 319/11/305
f 324/16/103 325/17/104 319/11/305
f 318/18/52 317/19/52 321/20/52 323/21/52 325/22/52 324/23/52 322/24/52 320/25/52
f 817/9/547 819/11/548 818/10/549
f 818/10/549 819/11/548 820/12/550
f 821/13/551 819/11/548 817/9/547
f 820/12/550 819/11/548 822/14/552
f 823/15/553 819/11/548 821/13/551
f 822/14/552 819/11/548 824/16/554
f 825/17/555 819/11/548 823/15/553
f 824/16/554 819/11/548 825/17/555
f 818/18/514 820/25/514 822/24/514 824/23/514 825/22/514 823/21/514 821/20/514 817/19/695
usemtl Meshpart1Mtl.045
f 330/1/306 332/2/307 333/3/308 331/4/309 329/5/310 327/6/311 328/7/312 326/8/313
f 338/1/314 334/8/315 335/7/316 336/6/317 337/5/318 339/4/319 341/3/320 340/2/321
f 328/7/312 335/7/316 334/8/315 326/8/313
f 332/2/307 340/2/321 341/3/320 333/3/308
f 330/1/306 338/1/314 340/2/321 332/2/307
f 326/8/313 334/8/315 338/1/314 330/1/306
f 327/6/311 336/6/317 335/7/316 328/7/312
f 333/3/308 341/3/320 339/4/319 331/4/309
f 331/4/309 339/4/319 337/5/318 329/5/310
f 329/5/310 337/5/318 336/6/317 327/6/311
f 830/1/696 826/8/671 828/7/697 827/6/279 829/5/698 831/4/699 833/3/282 832/2/283
f 838/1/268 840/2/269 841/3/700 839/4/701 837/5/702 836/6/273 835/7/274 834/8/275
f 828/7/697 826/8/671 834/8/275 835/7/274
f 832/2/283 833/3/282 841/3/700 840/2/269
f 830/1/696 832/2/283 840/2/269 838/1/268
f 826/8/671 830/1/696 838/1/268 834/8/275
f 827/6/279 828/7/697 835/7/274 836/6/273
f 833/3/282 831/4/699 839/4/701 841/3/700
f 831/4/699 829/5/698 837/5/702 839/4/701
f 829/5/698 827/6/279 836/6/273 837/5/702
usemtl Meshpart2Mtl.023
f 342/9/322 343/10/285 344/11/72
f 343/10/285 345/12/323 344/11/72
f 346/13/287 342/9/322 344/11/72
f 345/12/323 347/14/288 344/11/72
f 348/15/289 346/13/287 344/11/72
f 347/14/288 349/16/290 344/11/72
f 350/17/291 348/15/289 344/11/72
f 349/16/290 350/17/291 344/11/72
f 343/18/52 342/19/79 346/20/52 348/21/52 350/22/52 349/23/52 347/24/52 345/25/52
f 842/9/703 844/11/704 843/10/679
f 843/10/679 844/11/704 845/12/705
f 846/13/681 844/11/704 842/9/703
f 845/12/705 844/11/704 847/14/682
f 848/15/683 844/11/704 846/13/681
f 847/14/682 844/11/704 849/16/684
f 850/17/685 844/11/704 848/15/683
f 849/16/684 844/11/704 850/17/685
f 843/18/514 845/25/514 847/24/514 849/23/514 850/22/514 848/21/514 846/20/514 842/19/535
usemtl Meshpart1Mtl.047
f 355/1/324 357/2/325 358/3/326 356/4/327 354/5/328 352/6/329 353/7/330 351/8/331
f 363/1/332 359/8/333 360/7/334 361/6/335 362/5/336 364/4/337 366/3/338 365/2/339
f 353/7/330 360/7/334 359/8/333 351/8/331
f 357/2/325 365/2/339 366/3/338 358/3/326
f 355/1/324 363/1/332 365/2/339 357/2/325
f 351/8/331 359/8/333 363/1/332 355/1/324
f 352/6/329 361/6/335 360/7/334 353/7/330
f 358/3/326 366/3/338 364/4/337 356/4/327
f 356/4/327 364/4/337 362/5/336 354/5/328
f 354/5/328 362/5/336 361/6/335 352/6/329
f 855/1/706 851/8/707 853/7/359 852/6/708 854/5/709 856/4/710 858/3/711 857/2/712
f 863/1/713 865/2/714 866/3/715 864/4/716 862/5/717 861/6/718 860/7/719 859/8/720
f 853/7/359 851/8/707 859/8/720 860/7/719
f 857/2/712 858/3/711 866/3/715 865/2/714
f 855/1/706 857/2/712 865/2/714 863/1/713
f 851/8/707 855/1/706 863/1/713 859/8/720
f 852/6/708 853/7/359 860/7/719 861/6/718
f 858/3/711 856/4/710 864/4/716 866/3/715
f 856/4/710 854/5/709 862/5/717 864/4/716
f 854/5/709 852/6/708 861/6/718 862/5/717
usemtl Meshpart2Mtl.024
f 367/9/340 368/10/341 369/11/342
f 368/10/341 370/12/343 369/11/342
f 371/13/344 367/9/340 369/11/342
f 370/12/343 372/14/345 369/11/342
f 373/15/346 371/13/344 369/11/342
f 372/14/345 374/16/347 369/11/342
f 375/17/348 373/15/346 369/11/342
f 374/16/347 375/17/348 369/11/342
f 368/18/52 367/19/53 371/20/52 373/21/52 375/22/52 374/23/52 372/24/52 370/25/52
f 867/9/721 869/11/561 868/10/722
f 868/10/722 869/11/561 870/12/723
f 871/13/724 869/11/561 867/9/721
f 870/12/723 869/11/561 872/14/725
f 873/15/726 869/11/561 871/13/724
f 872/14/725 869/11/561 874/16/727
f 875/17/728 869/11/561 873/15/726
f 874/16/727 869/11/561 875/17/728
f 868/18/514 870/25/514 872/24/514 874/23/514 875/22/514 873/21/514 871/20/514 867/19/729
usemtl Meshpart1Mtl.049
f 380/1/349 382/2/350 383/3/351 381/4/352 379/5/353 377/6/354 378/7/355 376/8/356
f 388/1/357 384/8/358 385/7/359 386/6/360 387/5/361 389/4/362 391/3/363 390/2/364
f 378/7/355 385/7/359 384/8/358 376/8/356
f 382/2/350 390/2/364 391/3/363 383/3/351
f 380/1/349 388/1/357 390/2/364 382/2/350
f 376/8/356 384/8/358 388/1/357 380/1/349
f 377/6/354 386/6/360 385/7/359 378/7/355
f 383/3/351 391/3/363 389/4/362 381/4/352
f 381/4/352 389/4/362 387/5/361 379/5/353
f 379/5/353 387/5/361 386/6/360 377/6/354
f 880/1/730 876/8/707 878/7/334 877/6/708 879/5/709 881/4/710 883/3/731 882/2/712
f 888/1/713 890/2/714 891/3/732 889/4/733 887/5/717 886/6/734 885/7/330 884/8/720
f 878/7/334 876/8/707 884/8/720 885/7/330
f 882/2/712 883/3/731 891/3/732 890/2/714
f 880/1/730 882/2/712 890/2/714 888/1/713
f 876/8/707 880/1/730 888/1/713 884/8/720
f 877/6/708 878/7/334 885/7/330 886/6/734
f 883/3/731 881/4/710 889/4/733 891/3/732
f 881/4/710 879/5/709 887/5/717 889/4/733
f 879/5/709 877/6/708 886/6/734 887/5/717
usemtl Meshpart2Mtl.025
f 392/9/340 393/10/341 394/11/342
f 393/10/341 395/12/343 394/11/342
f 396/13/344 392/9/340 394/11/342
f 395/12/343 397/14/345 394/11/342
f 398/15/346 396/13/344 394/11/342
f 397/14/345 399/16/347 394/11/342
f 400/17/365 398/15/346 394/11/342
f 399/16/347 400/17/365 394/11/342
f 393/18/52 392/19/205 396/20/52 398/21/52 400/22/52 399/23/52 397/24/52 395/25/52
f 892/9/721 894/11/735 893/10/722
f 893/10/722 894/11/735 895/12/723
f 896/13/724 894/11/735 892/9/721
f 895/12/723 894/11/735 897/14/725
f 898/15/726 894/11/735 896/13/724
f 897/14/725 894/11/735 899/16/727
f 900/17/728 894/11/735 898/15/726
f 899/16/727 894/11/735 900/17/728
f 893/18/514 895/25/514 897/24/514 899/23/514 900/22/514 898/21/514 896/20/514 892/19/729
usemtl Meshpart1Mtl.051
f 405/1/366 407/2/367 408/3/368 406/4/369 404/5/370 402/6/371 403/7/372 401/8/373
f 413/1/374 409/8/375 410/7/376 411/6/377 412/5/378 414/4/379 416/3/380 415/2/381
f 403/7/372 410/7/376 409/8/375 401/8/373
f 407/2/367 415/2/381 416/3/380 408/3/368
f 405/1/366 413/1/374 415/2/381 407/2/367
f 401/8/373 409/8/375 413/1/374 405/1/366
f 402/6/371 411/6/377 410/7/376 403/7/372
f 408/3/368 416/3/380 414/4/379 406/4/369
f 406/4/369 414/4/379 412/5/378 404/5/370
f 404/5/370 412/5/378 411/6/377 402/6/371
f 905/1/736 901/8/737 903/7/738 902/6/739 904/5/740 906/4/741 908/3/742 907/2/743
f 913/1/744 915/2/367 916/3/745 914/4/746 912/5/747 911/6/748 910/7/749 909/8/750
f 903/7/738 901/8/737 909/8/750 910/7/749
f 907/2/743 908/3/742 916/3/745 915/2/367
f 905/1/736 907/2/743 915/2/367 913/1/744
f 901/8/737 905/1/736 913/1/744 909/8/750
f 902/6/739 903/7/738 910/7/749 911/6/748
f 908/3/742 906/4/741 914/4/746 916/3/745
f 906/4/741 904/5/740 912/5/747 914/4/746
f 904/5/740 902/6/739 911/6/748 912/5/747
usemtl Meshpart2Mtl.026
f 417/9/382 418/10/383 419/11/384
f 418/10/383 420/12/385 419/11/384
f 421/13/386 417/9/382 419/11/384
f 420/12/385 422/14/387 419/11/384
f 423/15/388 421/13/386 419/11/384
f 422/14/387 424/16/389 419/11/384
f 425/17/390 423/15/388 419/11/384
f 424/16/389 425/17/390 419/11/384
f 418/18/52 417/19/52 421/20/52 423/21/52 425/22/52 424/23/52 422/24/52 420/25/52
f 917/9/751 919/11/752 918/10/753
f 918/10/753 919/11/752 920/12/754
f 921/13/755 919/11/752 917/9/751
f 920/12/754 919/11/752 922/14/756
f 923/15/757 919/11/752 921/13/755
f 922/14/756 919/11/752 924/16/758
f 925/17/759 919/11/752 923/15/757
f 924/16/758 919/11/752 925/17/759
f 918/18/514 920/25/514 922/24/514 924/23/514 925/22/514 923/21/514 921/20/514 917/19/760
usemtl Meshpart1Mtl.053
f 430/1/391 432/2/392 433/3/393 431/4/394 429/5/395 427/6/396 428/7/397 426/8/398
f 438/1/399 434/8/400 435/7/401 436/6/402 437/5/403 439/4/404 441/3/405 440/2/406
f 428/7/397 435/7/401 434/8/400 426/8/398
f 432/2/392 440/2/406 441/3/405 433/3/393
f 430/1/391 438/1/399 440/2/406 432/2/392
f 426/8/398 434/8/400 438/1/399 430/1/391
f 427/6/396 436/6/402 435/7/401 428/7/397
f 433/3/393 441/3/405 439/4/404 431/4/394
f 431/4/394 439/4/404 437/5/403 429/5/395
f 429/5/395 437/5/403 436/6/402 427/6/396
f 930/1/399 926/8/400 928/7/761 927/6/762 929/5/763 931/4/764 933/3/765 932/2/406
f 938/1/391 940/2/392 941/3/766 939/4/767 937/5/768 936/6/769 935/7/770 934/8/771
f 928/7/761 926/8/400 934/8/771 935/7/770
f 932/2/406 933/3/765 941/3/766 940/2/392
f 930/1/399 932/2/406 940/2/392 938/1/391
f 926/8/400 930/1/399 938/1/391 934/8/771
f 927/6/762 928/7/761 935/7/770 936/6/769
f 933/3/765 931/4/764 939/4/767 941/3/766
f 931/4/764 929/5/763 937/5/768 939/4/767
f 929/5/763 927/6/762 936/6/769 937/5/768
usemtl Meshpart2Mtl.027
f 442/9/407 443/10/408 444/11/409
f 443/10/408 445/12/410 444/11/409
f 446/13/411 442/9/407 444/11/409
f 445/12/410 447/14/412 444/11/409
f 448/15/413 446/13/411 444/11/409
f 447/14/412 449/16/414 444/11/409
f 450/17/415 448/15/413 444/11/409
f 449/16/414 450/17/415 444/11/409
f 443/18/52 442/19/53 446/20/52 448/21/52 450/22/52 449/23/52 447/24/52 445/25/52
f 942/9/772 944/11/735 943/10/773
f 943/10/773 944/11/735 945/12/774
f 946/13/775 944/11/735 942/9/772
f 945/12/774 944/11/735 947/14/776
f 948/15/777 944/11/735 946/13/775
f 947/14/776 944/11/735 949/16/778
f 950/17/779 944/11/735 948/15/777
f 949/16/778 944/11/735 950/17/779
f 943/18/514 945/25/514 947/24/514 949/23/514 950/22/514 948/21/514 946/20/514 942/19/780
usemtl Meshpart1Mtl.055
f 455/1/416 457/2/417 458/3/418 456/4/419 454/5/420 452/6/421 453/7/422 451/8/423
f 463/1/424 459/8/425 460/7/426 461/6/427 462/5/428 464/4/429 466/3/430 465/2/431
f 453/7/422 460/7/426 459/8/425 451/8/423
f 457/2/417 465/2/431 466/3/430 458/3/418
f 455/1/416 463/1/424 465/2/431 457/2/417
f 451/8/423 459/8/425 463/1/424 455/1/416
f 452/6/421 461/6/427 460/7/426 453/7/422
f 458/3/418 466/3/430 464/4/429 456/4/419
f 456/4/419 464/4/429 462/5/428 454/5/420
f 454/5/420 462/5/428 461/6/427 452/6/421
f 955/1/781 951/8/782 953/7/783 952/6/784 954/5/428 956/4/429 958/3/785 957/2/786
f 963/1/787 965/2/788 966/3/789 964/4/419 962/5/790 961/6/791 960/7/792 959/8/793
f 953/7/783 951/8/782 959/8/793 960/7/792
f 957/2/786 958/3/785 966/3/789 965/2/788
f 955/1/781 957/2/786 965/2/788 963/1/787
f 951/8/782 955/1/781 963/1/787 959/8/793
f 952/6/784 953/7/783 960/7/792 961/6/791
f 958/3/785 956/4/429 964/4/419 966/3/789
f 956/4/429 954/5/428 962/5/790 964/4/419
f 954/5/428 952/6/784 961/6/791 962/5/790
usemtl Meshpart2Mtl.028
f 467/9/432 468/10/433 469/11/434
f 468/10/433 470/12/435 469/11/434
f 471/13/436 467/9/432 469/11/434
f 470/12/435 472/14/437 469/11/434
f 473/15/438 471/13/436 469/11/434
f 472/14/437 474/16/439 469/11/434
f 475/17/440 473/15/438 469/11/434
f 474/16/439 475/17/440 469/11/434
f 468/18/52 467/19/155 471/20/52 473/21/52 475/22/52 474/23/52 472/24/52 470/25/52
f 967/9/794 969/11/583 968/10/795
f 968/10/795 969/11/583 970/12/796
f 971/13/797 969/11/583 967/9/794
f 970/12/796 969/11/583 972/14/798
f 973/15/799 969/11/583 971/13/797
f 972/14/798 969/11/583 974/16/800
f 975/17/801 969/11/583 973/15/799
f 974/16/800 969/11/583 975/17/801
f 968/18/514 970/25/514 972/24/514 974/23/514 975/22/514 973/21/514 971/20/514 967/19/591
usemtl Meshpart1Mtl.057
f 480/1/441 482/2/442 483/3/443 481/4/444 479/5/445 477/6/446 478/7/447 476/8/448
f 488/1/449 484/8/450 485/7/451 486/6/452 487/5/453 489/4/454 491/3/455 490/2/456
f 478/7/447 485/7/451 484/8/450 476/8/448
f 482/2/442 490/2/456 491/3/455 483/3/443
f 480/1/441 488/1/449 490/2/456 482/2/442
f 476/8/448 484/8/450 488/1/449 480/1/441
f 477/6/446 486/6/452 485/7/451 478/7/447
f 483/3/443 491/3/455 489/4/454 481/4/444
f 481/4/444 489/4/454 487/5/453 479/5/445
f 479/5/445 487/5/453 486/6/452 477/6/446
f 980/1/449 976/8/802 978/7/451 977/6/803 979/5/804 981/4/805 983/3/806 982/2/807
f 988/1/441 990/2/808 991/3/809 989/4/444 987/5/810 986/6/811 985/7/812 984/8/448
f 978/7/451 976/8/802 984/8/448 985/7/812
f 982/2/807 983/3/806 991/3/809 990/2/808
f 980/1/449 982/2/807 990/2/808 988/1/441
f 976/8/802 980/1/449 988/1/441 984/8/448
f 977/6/803 978/7/451 985/7/812 986/6/811
f 983/3/806 981/4/805 989/4/444 991/3/809
f 981/4/805 979/5/804 987/5/810 989/4/444
f 979/5/804 977/6/803 986/6/811 987/5/810
usemtl Meshpart2Mtl.029
f 492/9/457 493/10/458 494/11/459
f 493/10/458 495/12/460 494/11/459
f 496/13/461 492/9/457 494/11/459
f 495/12/460 497/14/462 494/11/459
f 498/15/463 496/13/461 494/11/459
f 497/14/462 499/16/464 494/11/459
f 500/17/465 498/15/463 494/11/459
f 499/16/464 500/17/465 494/11/459
f 493/18/52 492/19/466 496/20/52 498/21/52 500/22/52 499/23/52 497/24/52 495/25/52
f 992/9/813 994/11/814 993/10/815
f 993/10/815 994/11/814 995/12/816
f 996/13/817 994/11/814 992/9/813
f 995/12/816 994/11/814 997/14/818
f 998/15/819 994/11/814 996/13/817
f 997/14/818 994/11/814 999/16/820
f 1000/17/821 994/11/814 998/15/819
f 999/16/820 994/11/814 1000/17/821
f 993/18/514 995/25/514 997/24/514 999/23/514 1000/22/514 998/21/514 996/20/514 992/19/822
usemtl Meshpart1Mtl.083
f 505/1/467 507/2/468 508/3/469 506/4/470 504/5/471 502/6/472 503/7/473 501/8/474
f 513/1/475 509/8/476 510/7/477 511/6/478 512/5/479 514/4/480 516/3/481 515/2/482
f 503/7/473 510/7/477 509/8/476 501/8/474
f 507/2/468 515/2/482 516/3/481 508/3/469
f 505/1/467 513/1/475 515/2/482 507/2/468
f 501/8/474 509/8/476 513/1/475 505/1/467
f 502/6/472 511/6/478 510/7/477 503/7/473
f 508/3/469 516/3/481 514/4/480 506/4/470
f 506/4/470 514/4/480 512/5/479 504/5/471
f 504/5/471 512/5/479 511/6/478 502/6/472
f 1005/1/475 1001/8/476 1003/7/823 1002/6/478 1004/5/824 1006/4/825 1008/3/826 1007/2/827
f 1013/1/467 1015/2/828 1016/3/829 1014/4/470 1012/5/830 1011/6/472 1010/7/831 1009/8/832
f 1003/7/823 1001/8/476 1009/8/832 1010/7/831
f 1007/2/827 1008/3/826 1016/3/829 1015/2/828
f 1005/1/475 1007/2/827 1015/2/828 1013/1/467
f 1001/8/476 1005/1/475 1013/1/467 1009/8/832
f 1002/6/478 1003/7/823 1010/7/831 1011/6/472
f 1008/3/826 1006/4/825 1014/4/470 1016/3/829
f 1006/4/825 1004/5/824 1012/5/830 1014/4/470
f 1004/5/824 1002/6/478 1011/6/472 1012/5/830
usemtl Meshpart2Mtl.042
f 517/9/483 518/10/484 519/11/384
f 518/10/484 520/12/485 519/11/384
f 521/13/486 517/9/483 519/11/384
f 520/12/485 522/14/487 519/11/384
f 523/15/488 521/13/486 519/11/384
f 522/14/487 524/16/489 519/11/384
f 525/17/490 523/15/488 519/11/384
f 524/16/489 525/17/490 519/11/384
f 518/18/52 517/19/491 521/20/52 523/21/52 525/22/52 524/23/52 522/24/52 520/25/52
f 1017/9/833 1019/11/834 1018/10/835
f 1018/10/835 1019/11/834 1020/12/836
f 1021/13/837 1019/11/834 1017/9/833
f 1020/12/836 1019/11/834 1022/14/838
f 1023/15/839 1019/11/834 1021/13/837
f 1022/14/838 1019/11/834 1024/16/840
f 1025/17/841 1019/11/834 1023/15/839
f 1024/16/840 1019/11/834 1025/17/841
f 1018/18/514 1020/25/514 1022/24/514 1024/23/514 1025/22/514 1023/21/514 1021/20/514 1017/19/760
usemtl Meshpart1Mtl.059
f 1030/1/842 1032/2/843 1033/3/844 1031/4/845 1029/5/846 1027/6/847 1028/7/848 1026/8/849
f 1038/1/850 1034/8/851 1035/7/852 1036/6/853 1037/5/854 1039/4/855 1041/3/856 1040/2/857
f 1028/7/848 1035/7/852 1034/8/851 1026/8/849
f 1032/2/843 1040/2/857 1041/3/856 1033/3/844
f 1030/1/842 1038/1/850 1040/2/857 1032/2/843
f 1026/8/849 1034/8/851 1038/1/850 1030/1/842
f 1027/6/847 1036/6/853 1035/7/852 1028/7/848
f 1033/3/844 1041/3/856 1039/4/855 1031/4/845
f 1031/4/845 1039/4/855 1037/5/854 1029/5/846
f 1029/5/846 1037/5/854 1036/6/853 1027/6/847
usemtl Meshpart2Mtl.030
f 1042/9/858 1043/10/859 1044/11/860
f 1043/10/859 1045/12/861 1044/11/860
f 1046/13/862 1042/9/858 1044/11/860
f 1045/12/861 1047/14/863 1044/11/860
f 1048/15/864 1046/13/862 1044/11/860
f 1047/14/863 1049/16/865 1044/11/860
f 1050/17/866 1048/15/864 1044/11/860
f 1049/16/865 1050/17/866 1044/11/860
f 1043/18/867 1042/19/868 1046/20/867 1048/21/867 1050/22/867 1049/23/867 1047/24/867 1045/25/867
usemtl Meshpart1Mtl.061
f 1055/1/869 1057/2/870 1058/3/871 1056/4/4 1054/5/5 1052/6/6 1053/7/7 1051/8/8
f 1063/1/9 1059/8/10 1060/7/11 1061/6/12 1062/5/13 1064/4/14 1066/3/872 1065/2/873
f 1053/7/7 1060/7/11 1059/8/10 1051/8/8
f 1057/2/870 1065/2/873 1066/3/872 1058/3/871
f 1055/1/869 1063/1/9 1065/2/873 1057/2/870
f 1051/8/8 1059/8/10 1063/1/9 1055/1/869
f 1052/6/6 1061/6/12 1060/7/11 1053/7/7
f 1058/3/871 1066/3/872 1064/4/14 1056/4/4
f 1056/4/4 1064/4/14 1062/5/13 1054/5/5
f 1054/5/5 1062/5/13 1061/6/12 1052/6/6
usemtl Meshpart2Mtl.031
f 1067/9/17 1068/10/18 1069/11/874
f 1068/10/18 1070/12/20 1069/11/874
f 1071/13/21 1067/9/17 1069/11/874
f 1070/12/20 1072/14/22 1069/11/874
f 1073/15/23 1071/13/21 1069/11/874
f 1072/14/22 1074/16/24 1069/11/874
f 1075/17/25 1073/15/23 1069/11/874
f 1074/16/24 1075/17/25 1069/11/874
f 1068/18/26 1067/19/26 1071/20/26 1073/21/26 1075/22/26 1074/23/26 1072/24/26 1070/25/26
usemtl Meshpart1Mtl.063
f 1080/1/1 1082/2/870 1083/3/871 1081/4/875 1079/5/5 1077/6/6 1078/7/7 1076/8/8
f 1088/1/9 1084/8/10 1085/7/11 1086/6/12 1087/5/13 1089/4/14 1091/3/876 1090/2/873
f 1078/7/7 1085/7/11 1084/8/10 1076/8/8
f 1082/2/870 1090/2/873 1091/3/876 1083/3/871
f 1080/1/1 1088/1/9 1090/2/873 1082/2/870
f 1076/8/8 1084/8/10 1088/1/9 1080/1/1
f 1077/6/6 1086/6/12 1085/7/11 1078/7/7
f 1083/3/871 1091/3/876 1089/4/14 1081/4/875
f 1081/4/875 1089/4/14 1087/5/13 1079/5/5
f 1079/5/5 1087/5/13 1086/6/12 1077/6/6
usemtl Meshpart2Mtl.032
f 1092/9/17 1093/10/18 1094/11/874
f 1093/10/18 1095/12/20 1094/11/874
f 1096/13/21 1092/9/17 1094/11/874
f 1095/12/20 1097/14/22 1094/11/874
f 1098/15/23 1096/13/21 1094/11/874
f 1097/14/22 1099/16/24 1094/11/874
f 1100/17/25 1098/15/23 1094/11/874
f 1099/16/24 1100/17/25 1094/11/874
f 1093/18/26 1092/19/26 1096/20/26 1098/21/26 1100/22/26 1099/23/26 1097/24/26 1095/25/26
usemtl Meshpart1Mtl.067
f 1105/1/869 1107/2/843 1108/3/871 1106/4/877 1104/5/5 1102/6/878 1103/7/7 1101/8/8
f 1113/1/9 1109/8/879 1110/7/11 1111/6/12 1112/5/13 1114/4/880 1116/3/872 1115/2/873
f 1103/7/7 1110/7/11 1109/8/879 1101/8/8
f 1107/2/843 1115/2/873 1116/3/872 1108/3/871
f 1105/1/869 1113/1/9 1115/2/873 1107/2/843
f 1101/8/8 1109/8/879 1113/1/9 1105/1/869
f 1102/6/878 1111/6/12 1110/7/11 1103/7/7
f 1108/3/871 1116/3/872 1114/4/880 1106/4/877
f 1106/4/877 1114/4/880 1112/5/13 1104/5/5
f 1104/5/5 1112/5/13 1111/6/12 1102/6/878
usemtl Meshpart2Mtl.034
f 1117/9/17 1118/10/881 1119/11/882
f 1118/10/881 1120/12/20 1119/11/882
f 1121/13/21 1117/9/17 1119/11/882
f 1120/12/20 1122/14/883 1119/11/882
f 1123/15/23 1121/13/21 1119/11/882
f 1122/14/883 1124/16/24 1119/11/882
f 1125/17/25 1123/15/23 1119/11/882
f 1124/16/24 1125/17/25 1119/11/882
f 1118/18/884 1117/19/885 1121/20/884 1123/21/884 1125/22/884 1124/23/884 1122/24/884 1120/25/884
usemtl Meshpart1Mtl.069
f 1130/1/1 1132/2/843 1133/3/3 1131/4/877 1129/5/5 1127/6/878 1128/7/7 1126/8/886
f 1138/1/9 1134/8/879 1135/7/11 1136/6/887 1137/5/13 1139/4/880 1141/3/888 1140/2/16
f 1128/7/7 1135/7/11 1134/8/879 1126/8/886
f 1132/2/843 1140/2/16 1141/3/888 1133/3/3
f 1130/1/1 1138/1/9 1140/2/16 1132/2/843
f 1126/8/886 1134/8/879 1138/1/9 1130/1/1
f 1127/6/878 1136/6/887 1135/7/11 1128/7/7
f 1133/3/3 1141/3/888 1139/4/880 1131/4/877
f 1131/4/877 1139/4/880 1137/5/13 1129/5/5
f 1129/5/5 1137/5/13 1136/6/887 1127/6/878
usemtl Meshpart2Mtl.035
f 1142/9/889 1143/10/881 1144/11/19
f 1143/10/881 1145/12/890 1144/11/19
f 1146/13/891 1142/9/889 1144/11/19
f 1145/12/890 1147/14/883 1144/11/19
f 1148/15/23 1146/13/891 1144/11/19
f 1147/14/883 1149/16/892 1144/11/19
f 1150/17/893 1148/15/23 1144/11/19
f 1149/16/892 1150/17/893 1144/11/19
f 1143/18/884 1142/19/894 1146/20/884 1148/21/884 1150/22/884 1149/23/884 1147/24/884 1145/25/884
usemtl Meshpart1Mtl.071
f 1155/1/869 1157/2/843 1158/3/871 1156/4/4 1154/5/5 1152/6/6 1153/7/7 1151/8/8
f 1163/1/9 1159/8/10 1160/7/11 1161/6/12 1162/5/13 1164/4/895 1166/3/896 1165/2/873
f 1153/7/7 1160/7/11 1159/8/10 1151/8/8
f 1157/2/843 1165/2/873 1166/3/896 1158/3/871
f 1155/1/869 1163/1/9 1165/2/873 1157/2/843
f 1151/8/8 1159/8/10 1163/1/9 1155/1/869
f 1152/6/6 1161/6/12 1160/7/11 1153/7/7
f 1158/3/871 1166/3/896 1164/4/895 1156/4/4
f 1156/4/4 1164/4/895 1162/5/13 1154/5/5
f 1154/5/5 1162/5/13 1161/6/12 1152/6/6
usemtl Meshpart2Mtl.036
f 1167/9/17 1168/10/18 1169/11/874
f 1168/10/18 1170/12/20 1169/11/874
f 1171/13/21 1167/9/17 1169/11/874
f 1170/12/20 1172/14/22 1169/11/874
f 1173/15/23 1171/13/21 1169/11/874
f 1172/14/22 1174/16/24 1169/11/874
f 1175/17/25 1173/15/23 1169/11/874
f 1174/16/24 1175/17/25 1169/11/874
f 1168/18/26 1167/19/26 1171/20/26 1173/21/26 1175/22/26 1174/23/26 1172/24/26 1170/25/26
usemtl Meshpart1Mtl.073
f 1180/1/869 1182/2/843 1183/3/897 1181/4/4 1179/5/898 1177/6/899 1178/7/7 1176/8/8
f 1188/1/900 1184/8/10 1185/7/11 1186/6/901 1187/5/902 1189/4/14 1191/3/903 1190/2/904
f 1178/7/7 1185/7/11 1184/8/10 1176/8/8
f 1182/2/843 1190/2/904 1191/3/903 1183/3/897
f 1180/1/869 1188/1/900 1190/2/904 1182/2/843
f 1176/8/8 1184/8/10 1188/1/900 1180/1/869
f 1177/6/899 1186/6/901 1185/7/11 1178/7/7
f 1183/3/897 1191/3/903 1189/4/14 1181/4/4
f 1181/4/4 1189/4/14 1187/5/902 1179/5/898
f 1179/5/898 1187/5/902 1186/6/901 1177/6/899
usemtl Meshpart2Mtl.037
f 1192/9/905 1193/10/18 1194/11/874
f 1193/10/18 1195/12/906 1194/11/874
f 1196/13/907 1192/9/905 1194/11/874
f 1195/12/906 1197/14/22 1194/11/874
f 1198/15/908 1196/13/907 1194/11/874
f 1197/14/22 1199/16/909 1194/11/874
f 1200/17/910 1198/15/908 1194/11/874
f 1199/16/909 1200/17/910 1194/11/874
f 1193/18/911 1192/19/912 1196/20/911 1198/21/911 1200/22/911 1199/23/911 1197/24/911 1195/25/911
usemtl Meshpart1Mtl.075
f 1205/1/913 1207/2/914 1208/3/915 1206/4/916 1204/5/917 1202/6/899 1203/7/7 1201/8/8
f 1213/1/900 1209/8/10 1210/7/918 1211/6/901 1212/5/902 1214/4/14 1216/3/919 1215/2/920
f 1203/7/7 1210/7/918 1209/8/10 1201/8/8
f 1207/2/914 1215/2/920 1216/3/919 1208/3/915
f 1205/1/913 1213/1/900 1215/2/920 1207/2/914
f 1201/8/8 1209/8/10 1213/1/900 1205/1/913
f 1202/6/899 1211/6/901 1210/7/918 1203/7/7
f 1208/3/915 1216/3/919 1214/4/14 1206/4/916
f 1206/4/916 1214/4/14 1212/5/902 1204/5/917
f 1204/5/917 1212/5/902 1211/6/901 1202/6/899
usemtl Meshpart2Mtl.038
f 1217/9/905 1218/10/921 1219/11/922
f 1218/10/921 1220/12/906 1219/11/922
f 1221/13/907 1217/9/905 1219/11/922
f 1220/12/906 1222/14/923 1219/11/922
f 1223/15/908 1221/13/907 1219/11/922
f 1222/14/923 1224/16/909 1219/11/922
f 1225/17/910 1223/15/908 1219/11/922
f 1224/16/909 1225/17/910 1219/11/922
f 1218/18/911 1217/19/924 1221/20/911 1223/21/911 1225/22/911 1224/23/911 1222/24/911 1220/25/911
usemtl Meshpart1Mtl.077
f 1230/1/925 1232/2/926 1233/3/927 1231/4/928 1229/5/929 1227/6/930 1228/7/931 1226/8/932
f 1238/1/933 1234/8/934 1235/7/935 1236/6/936 1237/5/937 1239/4/938 1241/3/939 1240/2/940
f 1228/7/931 1235/7/935 1234/8/934 1226/8/932
f 1232/2/926 1240/2/940 1241/3/939 1233/3/927
f 1230/1/925 1238/1/933 1240/2/940 1232/2/926
f 1226/8/932 1234/8/934 1238/1/933 1230/1/925
f 1227/6/930 1236/6/936 1235/7/935 1228/7/931
f 1233/3/927 1241/3/939 1239/4/938 1231/4/928
f 1231/4/928 1239/4/938 1237/5/937 1229/5/929
f 1229/5/929 1237/5/937 1236/6/936 1227/6/930
usemtl Meshpart2Mtl.039
f 1242/9/941 1243/10/942 1244/11/943
f 1243/10/942 1245/12/944 1244/11/943
f 1246/13/945 1242/9/941 1244/11/943
f 1245/12/944 1247/14/946 1244/11/943
f 1248/15/947 1246/13/945 1244/11/943
f 1247/14/946 1249/16/948 1244/11/943
f 1250/17/949 1248/15/947 1244/11/943
f 1249/16/948 1250/17/949 1244/11/943
f 1243/18/950 1242/19/951 1246/20/950 1248/21/950 1250/22/950 1249/23/950 1247/24/950 1245/25/950
usemtl Meshpart1Mtl.079
f 1255/1/952 1257/2/953 1258/3/954 1256/4/955 1254/5/956 1252/6/957 1253/7/958 1251/8/959
f 1263/1/960 1259/8/961 1260/7/962 1261/6/963 1262/5/964 1264/4/965 1266/3/966 1265/2/967
f 1253/7/958 1260/7/962 1259/8/961 1251/8/959
f 1257/2/953 1265/2/967 1266/3/966 1258/3/954
f 1255/1/952 1263/1/960 1265/2/967 1257/2/953
f 1251/8/959 1259/8/961 1263/1/960 1255/1/952
f 1252/6/957 1261/6/963 1260/7/962 1253/7/958
f 1258/3/954 1266/3/966 1264/4/965 1256/4/955
f 1256/4/955 1264/4/965 1262/5/964 1254/5/956
f 1254/5/956 1262/5/964 1261/6/963 1252/6/957
usemtl Meshpart2Mtl.040
f 1267/9/968 1268/10/969 1269/11/970
f 1268/10/969 1270/12/971 1269/11/970
f 1271/13/972 1267/9/968 1269/11/970
f 1270/12/971 1272/14/973 1269/11/970
f 1273/15/974 1271/13/972 1269/11/970
f 1272/14/973 1274/16/975 1269/11/970
f 1275/17/976 1273/15/974 1269/11/970
f 1274/16/975 1275/17/976 1269/11/970
f 1268/18/977 1267/19/978 1271/20/977 1273/21/977 1275/22/977 1274/23/977 1272/24/977 1270/25/977
usemtl Meshpart1Mtl.081
f 1280/1/842 1282/2/843 1283/3/979 1281/4/845 1279/5/846 1277/6/847 1278/7/848 1276/8/849
f 1288/1/850 1284/8/851 1285/7/852 1286/6/853 1287/5/854 1289/4/855 1291/3/980 1290/2/857
f 1278/7/848 1285/7/852 1284/8/851 1276/8/849
f 1282/2/843 1290/2/857 1291/3/980 1283/3/979
f 1280/1/842 1288/1/850 1290/2/857 1282/2/843
f 1276/8/849 1284/8/851 1288/1/850 1280/1/842
f 1277/6/847 1286/6/853 1285/7/852 1278/7/848
f 1283/3/979 1291/3/980 1289/4/855 1281/4/845
f 1281/4/845 1289/4/855 1287/5/854 1279/5/846
f 1279/5/846 1287/5/854 1286/6/853 1277/6/847
usemtl Meshpart2Mtl.041
f 1292/9/858 1293/10/859 1294/11/860
f 1293/10/859 1295/12/861 1294/11/860
f 1296/13/862 1292/9/858 1294/11/860
f 1295/12/861 1297/14/863 1294/11/860
f 1298/15/864 1296/13/862 1294/11/860
f 1297/14/863 1299/16/865 1294/11/860
f 1300/17/866 1298/15/864 1294/11/860
f 1299/16/865 1300/17/866 1294/11/860
f 1293/18/867 1292/19/868 1296/20/867 1298/21/867 1300/22/867 1299/23/867 1297/24/867 1295/25/867
usemtl Meshpart1Mtl.085
f 1305/1/842 1307/2/843 1308/3/979 1306/4/845 1304/5/846 1302/6/847 1303/7/848 1301/8/849
f 1313/1/850 1309/8/851 1310/7/852 1311/6/853 1312/5/854 1314/4/855 1316/3/981 1315/2/873
f 1303/7/848 1310/7/852 1309/8/851 1301/8/849
f 1307/2/843 1315/2/873 1316/3/981 1308/3/979
f 1305/1/842 1313/1/850 1315/2/873 1307/2/843
f 1301/8/849 1309/8/851 1313/1/850 1305/1/842
f 1302/6/847 1311/6/853 1310/7/852 1303/7/848
f 1308/3/979 1316/3/981 1314/4/855 1306/4/845
f 1306/4/845 1314/4/855 1312/5/854 1304/5/846
f 1304/5/846 1312/5/854 1311/6/853 1302/6/847
usemtl Meshpart2Mtl.043
f 1317/9/858 1318/10/859 1319/11/860
f 1318/10/859 1320/12/861 1319/11/860
f 1321/13/862 1317/9/858 1319/11/860
f 1320/12/861 1322/14/863 1319/11/860
f 1323/15/864 1321/13/862 1319/11/860
f 1322/14/863 1324/16/865 1319/11/860
f 1325/17/866 1323/15/864 1319/11/860
f 1324/16/865 1325/17/866 1319/11/860
f 1318/18/867 1317/19/982 1321/20/867 1323/21/867 1325/22/867 1324/23/867 1322/24/867 1320/25/867
usemtl Meshpart1Mtl.087
f 1330/1/983 1332/2/984 1333/3/985 1331/4/986 1329/5/987 1327/6/988 1328/7/989 1326/8/990
f 1338/1/991 1334/8/992 1335/7/993 1336/6/994 1337/5/995 1339/4/996 1341/3/997 1340/2/998
f 1328/7/989 1335/7/993 1334/8/992 1326/8/990
f 1332/2/984 1340/2/998 1341/3/997 1333/3/985
f 1330/1/983 1338/1/991 1340/2/998 1332/2/984
f 1326/8/990 1334/8/992 1338/1/991 1330/1/983
f 1327/6/988 1336/6/994 1335/7/993 1328/7/989
f 1333/3/985 1341/3/997 1339/4/996 1331/4/986
f 1331/4/986 1339/4/996 1337/5/995 1329/5/987
f 1329/5/987 1337/5/995 1336/6/994 1327/6/988
usemtl Meshpart2Mtl.044
f 1342/9/858 1343/10/859 1344/11/860
f 1343/10/859 1345/12/861 1344/11/860
f 1346/13/862 1342/9/858 1344/11/860
f 1345/12/861 1347/14/863 1344/11/860
f 1348/15/864 1346/13/862 1344/11/860
f 1347/14/863 1349/16/865 1344/11/860
f 1350/17/866 1348/15/864 1344/11/860
f 1349/16/865 1350/17/866 1344/11/860
f 1343/18/867 1342/19/867 1346/20/867 1348/21/867 1350/22/867 1349/23/867 1347/24/867 1345/25/867
usemtl Meshpart1Mtl.089
f 1355/1/999 1357/2/1000 1358/3/1001 1356/4/1002 1354/5/1003 1352/6/1004 1353/7/1005 1351/8/1006
f 1363/1/1007 1359/8/1008 1360/7/1009 1361/6/1010 1362/5/1011 1364/4/1012 1366/3/1013 1365/2/1014
f 1353/7/1005 1360/7/1009 1359/8/1008 1351/8/1006
f 1357/2/1000 1365/2/1014 1366/3/1013 1358/3/1001
f 1355/1/999 1363/1/1007 1365/2/1014 1357/2/1000
f 1351/8/1006 1359/8/1008 1363/1/1007 1355/1/999
f 1352/6/1004 1361/6/1010 1360/7/1009 1353/7/1005
f 1358/3/1001 1366/3/1013 1364/4/1012 1356/4/1002
f 1356/4/1002 1364/4/1012 1362/5/1011 1354/5/1003
f 1354/5/1003 1362/5/1011 1361/6/1010 1352/6/1004
usemtl Meshpart2Mtl.045
f 1367/9/1015 1368/10/1016 1369/11/882
f 1368/10/1016 1370/12/1017 1369/11/882
f 1371/13/1018 1367/9/1015 1369/11/882
f 1370/12/1017 1372/14/1019 1369/11/882
f 1373/15/1020 1371/13/1018 1369/11/882
f 1372/14/1019 1374/16/1021 1369/11/882
f 1375/17/1022 1373/15/1020 1369/11/882
f 1374/16/1021 1375/17/1022 1369/11/882
f 1368/18/867 1367/19/924 1371/20/867 1373/21/867 1375/22/867 1374/23/867 1372/24/867 1370/25/867
